"Tetra.action","Colp.action","Dexio.action","Loxo.action","Para.action","Spiro.action","temperature.initial","Tetra.outcome","Colp.outcome","Dexio.outcome","Loxo.outcome","Para.outcome","Spiro.outcome","diversity.desirability"
0,1,0,0,0,0,15,0,0.0217615472030183,0,0,0,0,0
0,1,0,0,0,0,15,0,0.0213135002396683,0,0,0,0,0
0,1,0,0,0,0,15,0,0.0522458425894001,0,0,0,0,0
0,1,0,0,0,0,17,0,0.0611929148822039,0,0,0,0,0
0,1,0,0,0,0,17,0,0.0505383750562475,0,0,0,0,0
0,1,0,0,0,0,17,0,0.0513014074957963,0,0,0,0,0
0,1,0,0,0,0,19,0,0,0,0,0,0,NA
0,1,0,0,0,0,19,0,0.0333455026137409,0,0,0,0,0
0,1,0,0,0,0,19,0,0.0326118526995611,0,0,0,0,0
0,1,0,0,0,0,21,0,0.0342170290646771,0,0,0,0,0
0,1,0,0,0,0,21,0,0.0180803650081144,0,0,0,0,0
0,1,0,0,0,0,21,0,0.032192839186764,0,0,0,0,0
0,1,0,0,0,0,23,0,0.00820834507922529,0,0,0,0,0
0,1,0,0,0,0,23,0,0.00790031132944143,0,0,0,0,0
0,1,0,0,0,0,23,0,0.0132736735507718,0,0,0,0,0
0,1,0,0,0,0,25,0,0.0191630142001754,0,0,0,0,0
0,1,0,0,0,0,25,0,0.0401804348283298,0,0,0,0,0
0,1,0,0,0,0,25,0,0.00738834413147713,0,0,0,0,0
0,1,1,0,0,0,15,0,0.0638591535525917,0.00396337327784484,0,0,0,0.222646195786533
0,1,1,0,0,0,15,0,0.0633319323903526,0.00538443153940937,0,0,0,0.27473898087282
0,1,1,0,0,0,17,0,0.0362974081791147,0.00391547137059301,0,0,0,0.319262401625801
0,1,1,0,0,0,17,0,0.0313306671735597,0.00545977752518936,0,0,0,0.419927244391299
0,1,1,0,0,0,19,0,0.040987620916884,0.00896442270338841,0,0,0,0.470574551679619
0,1,1,0,0,0,19,0,0.0443049941040109,0.00519034310588137,0,0,0,0.335643461993296
0,1,1,0,0,0,21,0,0.0532078171325358,0.00193502501362241,0,0,0,0.15201663667969
0,1,1,0,0,0,21,0,0.0317244029636638,0.00603900486377453,0,0,0,0.439531956142759
0,1,1,0,0,0,23,0,0.0367385816983184,0.000312590347561189,0,0,0,0.0486877302019549
0,1,1,0,0,0,23,0,0.0434932790743227,0.00163337761274567,0,0,0,0.155658447929346
0,1,1,0,0,0,25,0,0.00417072222677593,0.0029083747213504,0,0,0,0.677162744703203
0,1,1,0,0,0,25,0,0.0122293698196163,0.00112388395664267,0,0,0,0.288827033315429
0,1,1,1,1,0,15,0,0.0155336818414782,0.000618365819652758,0.0161208775203936,0.0666629953619863,0,0.884081188911887
0,1,1,1,1,0,15,0,0.0236762926658794,0.00160410651768256,0.0112720225764924,0.0928214488684665,0,0.816065299825551
0,1,1,1,1,0,17,0,0.0265483988045707,0.000161233512256025,0.0322499568329881,0.0792309337374729,0,0.983322109670027
0,1,1,1,1,0,17,0,0.0356105317989935,0.00213415896768868,0.0225035727703553,0.0892741109161667,0,0.9953116981886
0,1,1,1,1,0,19,0,0.00745072802582458,1.86130042318116e-05,0.0136340200170499,0.0220578430556812,0,1.01365903966737
0,1,1,1,1,0,19,0,0.0247368173358184,0.00247321750576091,0.00683091720096011,0.0225942124995751,0,1.12025006629485
0,1,1,1,1,0,21,0,0.0295676095704992,0.000459399709222601,0.0126460851205033,0.0067195510357448,0,0.970882023887853
0,1,1,1,1,0,21,0,0.00985208578991015,0.00143777304074462,0.00573346095132535,0.0126808087950478,0,1.19349910483891
0,1,1,1,1,0,23,0,0.000837106853400588,0,0.00118797503128398,0.00261934640211831,0,0.980589837633267
0,1,1,1,1,0,23,0,0.00301921748371947,0,0.00605822937565934,0.00852296925867695,0,1.02067374251965
0,1,1,1,1,0,25,0,0.00697476426212983,0.000338263034465103,0.000111639987246676,0.00849432904214554,0,0.813344108671255
0,1,1,1,1,0,25,0,0.00229729706979623,0,0.00111400295705915,0.0140333510715819,0,0.617703372376002
0,1,1,1,1,1,15,0,0.0232193471673477,0.0013013538885735,0.0199368610277916,0.049022573247926,0.0998056690944552,1.21179094719591
0,1,1,1,1,1,15,0,0.0248171381852983,0.000738320797266174,0.02167787606159,0.0913748257070839,0.0290879437599107,1.20581337423166
0,1,1,1,1,1,17,0,0.013533689390483,6.27638460905893e-05,0.00737199030727512,0.0615898018555655,0.0390396868005266,1.12750402438322
0,1,1,1,1,1,17,0,0.0278647054714485,0.00042820409491378,0.013203687609619,0.0651921730753405,0.0124172398745994,1.16949303877314
0,1,1,1,1,1,19,0,0.0092837978821138,3.7137906793147e-05,0.00820907138404342,0.0443862848025637,0.00143384673048906,0.885584383968993
0,1,1,1,1,1,19,0,0.046349424300986,0.000189149918128782,0.0232004917525266,0.0398044154492121,0.0795872970378848,1.3011549337125
0,1,1,1,1,1,21,0,0.00618966553982466,5.9035929975828e-05,0.00322649812812368,0.0285144373776671,0.00981183668484122,1.08813031617551
0,1,1,1,1,1,21,0,0.00815335280964001,7.72471097731757e-05,0.00647805446704326,0.0213426068104243,0.0289426545417243,1.22417483110361
0,1,1,1,1,1,23,0,0.0093230328138368,0.000266568340024488,0.00420431210931274,0.00318835897721882,0.00631251608252093,1.35268082864466
0,1,1,1,1,1,23,0,0.00789848351680988,0.000171862048940701,0.00869138831777936,0.030991171473335,0.0132745260461657,1.23466742404007
0,1,1,1,1,1,25,0,0.002519112473604,0.000825513424118232,0.00709067969213659,0.0214364984315001,0.00993371437874387,1.23167713387886
0,1,1,1,1,1,25,0,0.000441687789496943,0.000464592774741336,0.00919717544663674,0.0124842764330684,0.0219376186551857,1.12444590696868
0,1,1,1,0,1,15,0,0.0459123018698592,0.00289536382348461,0.026496824054609,0,0.135576252143348,0.935435677352974
0,1,1,1,0,1,15,0,0.0507300983489672,0.00152053204983703,0.0176188507085069,0,0.0407039236694976,1.07696071195564
0,1,1,1,0,1,17,0,0.0460118191321969,0.00176247036596517,0.0204669727644063,0,0.0514905445834228,1.09447153005524
0,1,1,1,0,1,17,0,0.0540625069079115,1.00681983087613e-05,0.0153502142486906,0,0.0535956001305174,0.983774079512355
0,1,1,1,0,1,19,0,0.0440743555998901,0.00117787351009894,0.0270378930691454,0,0.0871975083170271,1.02264189303734
0,1,1,1,0,1,19,0,0.0237793771932478,0.00229604694665865,0.0203094881873199,0,0.0401904714598509,1.147563595457
0,1,1,1,0,1,21,0,0.0181521907607816,0.00134481104121765,0.00742857623404747,0,0.0245742150214557,1.09508473481855
0,1,1,1,0,1,21,0,0.0411337654314719,0.00257086319257858,0.00978891299319271,0,0.0181274948115486,1.05768487895286
0,1,1,1,0,1,23,0,0.0187903796105792,0.000985960631614714,0.00355482562407443,0,0.0543184340734131,0.789946308210152
0,1,1,1,0,1,23,0,0.0352099786460176,0.00120654368312591,0.0109190026810805,0,0.067088061315656,0.947895349579422
0,1,1,1,0,1,25,0,0.00193102886246217,0.00142143789304972,0.0125582575403704,0,0.00529505407544001,1.0560734006011
0,1,1,1,0,1,25,0,0.00539623873611838,0.00198508353702209,0.0298200500636825,0,0.0270143471116611,1.03604705539501
0,1,1,0,1,1,15,0,0.0767804773064888,0.0120476478459861,0,0.0523670854321358,0,0.909151081053014
0,1,1,0,1,1,15,0,0.0121067323312702,0.00503766444758956,0,0.00918280967607839,0.0249901091307835,1.22688802451889
0,1,1,0,1,1,17,0,0.0279407158199248,0.00267465972143643,0,0.0220258657355387,0.012962087200866,1.18081607694175
0,1,1,0,1,1,17,0,0.0319527598629813,7.04283235444535e-05,0,0.000100679431777524,0.0596729714846534,0.660292543981835
0,1,1,0,1,1,19,0,0.0075676277254554,0.000712962876681217,0,0.00821373905852717,0.0207613118988016,1.0586670292851
0,1,1,0,1,1,19,0,0.0208964555941486,0.0018913652889888,0,0.0195491704169833,0.0177367993546305,1.20171843710789
0,1,1,0,1,1,21,0,0.0164683946324522,0.000933708592343362,0,0.00981731518711977,0.000794269725505027,0.894154007380307
0,1,1,0,1,1,21,0,0.0120666756709525,0.00144494408992579,0,0.00639719884611752,0.0233888796919862,1.08473703678322
0,1,1,0,1,1,23,0,0.00894770845810303,0.000306281940962247,0,0.00630710020930525,0.0425751860980165,0.784762602391099
0,1,1,0,1,1,23,0,0.0058229596167418,0.000994315016250152,0,0.00310404170123753,0.00236334637048348,1.22204035951217
0,1,1,0,1,1,25,0,0.000514998120514026,7.48453971722218e-05,0,0.0107311671290585,0.0512621504547193,0.513355811663467
0,1,1,0,1,1,25,0,0.000907725508731996,0.00058719321795357,0,0.00327836535176974,0.0148053589420598,0.758129923563749
0,1,0,1,0,0,15,0,0.0711208765337751,0,0.0231847012789577,0,0,0.557725942744793
0,1,0,1,0,0,15,0,0.151700491447622,0,0.0501078958675982,0,0,0.560453600963024
0,1,0,1,0,0,17,0,0.0844019275016889,0,0.0278823925491392,0,0,0.560481446995601
0,1,0,1,0,0,17,0,0.10662104623752,0,0.0415118891018838,0,0,0.593174211791899
0,1,0,1,0,0,19,0,0.0493803951059207,0,0.035108790137522,0,0,0.678812184121145
0,1,0,1,0,0,19,0,0.0636931765992798,0,0.0290322480597668,0,0,0.621557913256852
0,1,0,1,0,0,21,0,0.0167256963961109,0,0.00384127518989343,0,0,0.481504094168186
0,1,0,1,0,0,21,0,0.0338155134848344,0,0.012149482627586,0,0,0.577527505677759
0,1,0,1,0,0,23,0,0.00887388971463001,0,0.00669447812184416,0,0,0.68331636098157
0,1,0,1,0,0,23,0,0.0549089529825013,0,0.0418373813536616,0,0,0.683991605139558
0,1,0,1,0,0,25,0,0.00474500400033193,0,0.0210579750350552,0,0,0.477246542480041
0,1,0,1,0,0,25,0,0.014489256444048,0,0.145604405095518,0,0,0.303704360484312
0,1,1,1,0,0,15,0,0.0627005254976238,0.00288551042005788,0.0403263956033598,0,0,0.776169150183993
0,1,1,1,0,0,15,0,0.0473809940248997,0.00204137640140756,0.0513273656579332,0,0,0.777375972339088
0,1,1,1,0,0,17,0,0.0687928008794675,0.000330801913662226,0.0241799115412943,0,0,0.594646551372246
0,1,1,1,0,0,17,0,0.0329796576272996,0.00277797095329254,0.0172517220017781,0,0,0.815119682713413
0,1,1,1,0,0,19,0,0.0134502807282621,0.000911648979542005,0.0185732453628739,0,0,0.788048460638117
0,1,1,1,0,0,19,0,0.0664935485627477,0.000437448768415331,0.0252253031715687,0,0,0.615536715642337
0,1,1,1,0,0,21,0,0.0240995515721369,0.000889054594646439,0.00736307911729755,0,0,0.655016909346846
0,1,1,1,0,0,21,0,0.0737418128777593,0.000682234156725114,0.0262478047589311,0,0,0.612358837615143
0,1,1,1,0,0,23,0,0.015308756018612,0.000432890975961937,0.0153705890938477,0,0,0.75679733836203
0,1,1,1,0,0,23,0,0.0193235868324432,0.000117474780860503,0.0101614525536854,0,0,0.667406877499989
0,1,1,1,0,0,25,0,0.0129490008365275,0.00109383981903578,0.0240809630850493,0,0,0.758848362132852
0,1,1,1,0,0,25,0,0.00317433259921868,0.000493364746234692,0.00383179722665378,0,0,0.886028728914156
0,1,0,1,1,1,15,0,0.0194148393758638,0,0.0168470688661635,0.0899023071338855,0.0432253059697388,1.16256459970098
0,1,0,1,1,1,15,0,0.0225088025807811,0,0.0298808574223188,0.0835449554117183,0.00757875110690978,1.08755402608931
0,1,0,1,1,1,17,0,0.0160937573226052,0,0.0185132327931004,0.0587660405743987,0.0134881086148504,1.1788974408768
0,1,0,1,1,1,17,0,0.0228070133518396,0,0.00870479030975651,0.0392174548616393,0.0144829885329571,1.24417999848126
0,1,0,1,1,1,19,0,0.0197621041912545,0,0.00310356488901487,0.0126493638746099,0.0355529909301364,1.14634029574562
0,1,0,1,1,1,19,0,0.0223986175053009,0,0.0195158227988062,0.061708296447169,0.019489602847959,1.23999958023708
0,1,0,1,1,1,21,0,0.0112248088031539,0,0.00594440988736081,0.0287986736418931,0.00100978363956406,0.986153109318037
0,1,0,1,1,1,21,0,0.0111019067141482,0,0.00514018399988871,0.0129317114456769,0,1.03419989823714
0,1,0,1,1,1,23,0,0.0117041503001802,0,0.00788079877299656,0.00329632937332792,0.0293486395151581,1.11879343276215
0,1,0,1,1,1,23,0,0.00979554200085416,0,0.000117368031597822,0.0203363813806994,0.0254956894535473,1.04418146064117
0,1,0,1,1,1,25,0,0.0064470015677326,0,0.0329571052638928,0.01280011113221,0.00954895546265324,1.185863283041
0,1,0,1,1,1,25,0,0.00141151914570599,0,0.0133778425785612,0.00354699705663725,0.00187839542117899,0.985200677693449
0,1,0,0,1,0,15,0,0.0509147044702568,0,0,0.0507915605247556,0,0.693146447565258
0,1,0,0,1,0,15,0,0.0335038460559622,0,0,0.0395525101844912,0,0.689715789737111
0,1,0,0,1,0,17,0,0.00292180717746815,0,0,2.49473014087845e-05,0,0.048827375887361
0,1,0,0,1,0,17,0,0.00127989927713051,0,0,0.0432959883906039,0,0.13023891952273
0,1,0,0,1,0,19,0,0.0175611640754944,0,0,0.0159980769168731,0,0.692062081792093
0,1,0,0,1,0,19,0,0.0490095555733197,0,0,0.025162686961601,0,0.640534539566746
0,1,0,0,1,0,21,0,0,0,0,0,0,NA
0,1,0,0,1,0,21,0,0.0141587456314507,0,0,0.00152510430610318,0,0.318976919872209
0,1,0,0,1,0,23,0,0.0108889327932365,0,0,0.00197481463926374,0,0.428762904540716
0,1,0,0,1,0,23,0,0.00746656548355011,0,0,0.00327134290972815,0,0.61475591173751
0,1,0,0,1,0,25,0,0.000635430479952532,0,0,0.0223960953702368,0,0.126260834453665
0,1,0,0,1,0,25,0,0.00696081681240187,0,0,0.00367134919020502,0,0.644492250734038
0,1,1,0,1,0,15,0,0.0568901227164901,0.0148797951583302,0,0.0110621729264101,0,0.835308685992008
0,1,1,0,1,0,15,0,0.0433981031044917,0.00753734199735033,0,0.0081897542039015,0,0.763381871002409
0,1,1,0,1,0,17,0,0.0333198306842188,0.000413423071720359,0,0.0224556216405895,0,0.712567124068037
0,1,1,0,1,0,17,0,0.00516660089316417,0.00249021518946931,0,0.0141109167304173,0,0.870389741386699
0,1,1,0,1,0,19,0,0.0335591409891157,0.00158105780049594,0,0.0150870406478178,0,0.739562846003534
0,1,1,0,1,0,19,0,0.0503958734565413,0.00127341517621381,0,0.0213484244790574,0,0.686068529694697
0,1,1,0,1,0,21,0,0.0123628206875944,0.000325731927907146,0,0.0145241041719357,0,0.746523670063514
0,1,1,0,1,0,21,0,0.0168196941228713,0.00078245324334553,0,0.0183863109039679,0,0.781850605303468
0,1,1,0,1,0,23,0,0.0111557357281227,0.00112751631947811,0,0.00678434396855828,0,0.848519356701289
0,1,1,0,1,0,23,0,0.00857181973721124,0.000487565455996592,0,0.00196704228525908,0,0.64116523243781
0,1,1,0,1,0,25,0,0.00636313111215105,0.000501757331098813,0,0.00604465571135799,0,0.830216939710555
0,1,1,0,1,0,25,0,0,0.000136820141009993,0,0.0159616253871936,0,0.0489842086075125
0,1,0,0,0,1,15,0,0.0691665026205542,0,0,0,0.0263021076707307,0.588657970838949
0,1,0,0,0,1,15,0,0.0737758762230163,0,0,0,0.00994114758275637,0.36442107169654
0,1,0,0,0,1,17,0,0.0453450775905494,0,0,0,0.031681519970401,0.677330446038343
0,1,0,0,0,1,17,0,0.0157649446784064,0,0,0,0,0
0,1,0,0,0,1,19,0,0.0807452129503379,0,0,0,0.0489886577096616,0.662881399303911
0,1,0,0,0,1,19,0,0.0357467809357739,0,0,0,0.0677057889586024,0.644640561097714
0,1,0,0,0,1,21,0,0.0232937325752787,0,0,0,0.0565379470249461,0.603742725471233
0,1,0,0,0,1,21,0,0.0241929061495027,0,0,0,0,0
0,1,0,0,0,1,23,0,0.00826272414970202,0,0,0,0.00367915794578244,0.617562780801212
0,1,0,0,0,1,23,0,0.00941048805390828,0,0,0,0.0453026844901405,0.459038235242855
0,1,0,0,0,1,25,0,0.00409730148498741,0,0,0,0.0960549673119743,0.170827744814607
0,1,0,0,0,1,25,0,0.00686168074581111,0,0,0,0.0462114798733321,0.385029468096493
1,1,0,1,0,0,15,0.00240515837262241,0.0494063902804008,0,0.0558837050141261,0,0,0.782800826848685
1,1,0,1,0,0,15,0.000306413869864568,0.0619217825686644,0,0.0481189779916645,0,0,0.702475341524642
1,1,0,1,0,0,17,0.000347287579778299,0.0654454126500967,0,0.054774793820046,0,0,0.706944036127455
1,1,0,1,0,0,17,0.00178252573844044,0.0790767658716976,0,0.0297716438754822,0,0,0.659766323090957
1,1,0,1,0,0,19,0.00189782006142338,0.113603641264746,0,0.0738343962006162,0,0,0.719855866122478
1,1,0,1,0,0,19,0.00324834529103447,0.0350201880565254,0,0.0406655742144391,0,0,0.833542632087646
1,1,0,1,0,0,21,0.00113015156542235,0.0242684111030974,0,0.0109391568227887,0,0,0.738940908094013
1,1,0,1,0,0,21,0.000232694090947696,0.0175521357369783,0,0.0130035647545349,0,0,0.721321942686875
1,1,0,1,0,0,23,0.000828441155095988,0.0199304738363962,0,0.0060693696615251,0,0,0.664404151943362
1,1,0,1,0,0,23,0.00362685521772529,0.000528835033054514,0,0.00729942263133093,0,0,0.793269943346691
1,1,0,1,0,0,25,3.73636459924673e-05,0.0057720146567371,0,0.0192185409750977,0,0,0.5508423337337
1,1,0,1,0,0,25,0.00069937240247895,0.0030508796636457,0,0.0350174528774811,0,0,0.364391392060357
0,0,1,0,0,0,15,0,0,0.00606791856213171,0,0,0,0
0,0,1,0,0,0,15,0,0,0.00818461607813202,0,0,0,0
0,0,1,0,0,0,15,0,0,0.0137694090843705,0,0,0,0
0,0,1,0,0,0,17,0,0,0.00231841478411422,0,0,0,0
0,0,1,0,0,0,17,0,0,0.0113873374016454,0,0,0,0
0,0,1,0,0,0,17,0,0,0.00256070048739447,0,0,0,0
0,0,1,0,0,0,19,0,0,0.00108547903081253,0,0,0,0
0,0,1,0,0,0,19,0,0,0.00794445559696494,0,0,0,0
0,0,1,0,0,0,19,0,0,0.0161399707407127,0,0,0,0
0,0,1,0,0,0,21,0,0,0.00262996341895741,0,0,0,0
0,0,1,0,0,0,21,0,0,0.00349096519404143,0,0,0,0
0,0,1,0,0,0,21,0,0,0.0202403352168787,0,0,0,0
0,0,1,0,0,0,23,0,0,0.00252476823132981,0,0,0,0
0,0,1,0,0,0,23,0,0,0.00149954004679065,0,0,0,0
0,0,1,0,0,0,23,0,0,0.00709133749009087,0,0,0,0
0,0,1,0,0,0,25,0,0,0.0013604364866815,0,0,0,0
0,0,1,0,0,0,25,0,0,0.0101521821115636,0,0,0,0
0,0,1,0,0,0,25,0,0,0.0114425863912732,0,0,0,0
0,0,1,1,0,0,15,0,0,0.0270240177254358,0.0845003278942408,0,0,0.553733680694206
0,0,1,1,0,0,15,0,0,0.00948556067622797,0.133635534636727,0,0,0.243899044120926
0,0,1,1,0,0,17,0,0,0.00818017202402165,0.149753399773269,0,0,0.203767022186561
0,0,1,1,0,0,17,0,0,0.00711155702784139,0.0061923623386364,0,0,0.690758424150676
0,0,1,1,0,0,19,0,0,0.00246470979856546,0.0421694007290171,0,0,0.213608284044737
0,0,1,1,0,0,19,0,0,0.00830766072377187,0.203158269675264,0,0,0.165668495064976
0,0,1,1,0,0,21,0,0,0.0015042518327674,0.186765429076677,0,0,0.0465456281856001
0,0,1,1,0,0,21,0,0,0.00401062404674455,0.183921460335157,0,0,0.103212438137992
0,0,1,1,0,0,23,0,0,0.00574379035009246,0.170264640981436,0,0,0.143780918253998
0,0,1,1,0,0,23,0,0,0.000763235287116928,0.146654591442384,0,0,0.0324147661296346
0,0,1,1,0,0,25,0,0,0.00103125698017405,0.083775293250224,0,0,0.0657070268078887
0,0,1,1,0,0,25,0,0,0.00209768905590457,0.120374860635893,0,0,0.0866400577074409
0,0,1,1,1,1,15,0,0,0.00229585183410107,0.0122943549585767,0.0559808233175496,0.0248688623453665,1.01701459052884
0,0,1,1,1,1,15,0,0,0.00157252894670008,0.0112095915140646,0.0518871870155745,0.0365600915553386,1.01875775430922
0,0,1,1,1,1,17,0,0,0.000630525676488877,0.00831231325296346,0.0992531769235192,0.0763669697463262,0.857749871631508
0,0,1,1,1,1,17,0,0,0.00184456585605019,0.0255556401278031,0.066943075683412,0.0373580014395192,1.0793122873467
0,0,1,1,1,1,19,0,0,0.000705605782067518,0.0613702270031182,0.0321331479279333,0.0808156533721407,1.05770409586833
0,0,1,1,1,1,19,0,0,0.000378621776720362,0.00692899021304096,0.0545834566268146,0.0485382898643482,0.902789795872472
0,0,1,1,1,1,21,0,0,0.000647447598971826,0.021026028766737,0.0313813145236884,0.0139499043435782,1.09050215206481
0,0,1,1,1,1,21,0,0,0.0011567465160218,0.0147105400364433,0.0466457193715184,0.0402699422885574,1.05439515733229
0,0,1,1,1,1,23,0,0,0,0.0120859384677408,0.00908168012348619,0,0.683041444108802
0,0,1,1,1,1,23,0,0,0.000725672652979977,0.0135494842167361,0.00814331687190131,0.0164407892615929,1.13312337826318
0,0,1,1,1,1,25,0,0,0.00124394720947462,0.0121735334647274,0.00230929402531401,0.0179456260514927,1.00885613007196
0,0,1,1,1,1,25,0,0,0.000940175576157906,0.00966369058900694,0.0061594776625693,0.000671181281216517,0.977520665895242
0,0,1,0,1,0,15,0,0,0.00737767435856081,0,0.0141708770203915,0,0.642597916749292
0,0,1,0,1,0,15,0,0,0.0118753700560043,0,0.0203638861388944,0,0.658072349308436
0,0,1,0,1,0,17,0,0,0.0122744482894068,0,0.0371660684775344,0,0.560423217457023
0,0,1,0,1,0,17,0,0,0.00962954546807663,0,0.0400431659793731,0,0.491771662549643
0,0,1,0,1,0,19,0,0,0.000410072925137987,0,0.00818347680870203,0,0.191742470767538
0,0,1,0,1,0,19,0,0,0.00323408683110228,0,0.0460036913040004,0,0.242326362680957
0,0,1,0,1,0,21,0,0,0.0035737866395119,0,0.00864952998193145,0,0.604264142341092
0,0,1,0,1,0,21,0,0,0.000803446415495957,0,0.018332787855455,0,0.174203972311587
0,0,1,0,1,0,23,0,0,0.00121556305960456,0,0.0382576055703729,0,0.137493748208687
0,0,1,0,1,0,23,0,0,0.00171064670087228,0,0.0225664621156179,0,0.254835874153057
0,0,1,0,1,0,25,0,0,0.00289702653937808,0,0.00875041853948256,0,0.560931569955235
0,0,1,0,1,0,25,0,0,0.000367560307746386,0,0.019121114626016,0,0.0935694402942822
0,0,1,0,0,1,15,0,0,0.00579099336915077,0,0,0.0093784818241816,0.664915809229043
0,0,1,0,0,1,15,0,0,0.00503401232404316,0,0,0.000787600859297131,0.39631880921784
0,0,1,0,0,1,17,0,0,0.00263470399336625,0,0,0.0108138994049032,0.494678684743363
0,0,1,0,0,1,17,0,0,0.000385615073403032,0,0,0.0423130696350833,0.0515002044276571
0,0,1,0,0,1,19,0,0,0,0,0,0,NA
0,0,1,0,0,1,19,0,0,0.00153568731335534,0,0,0.0384186763933362,0.162941527539787
0,0,1,0,0,1,21,0,0,0.000243899586682576,0,0,0.0324769742602407,0.0439430589064876
0,0,1,0,0,1,21,0,0,0.000909185270659582,0,0,0.0512476333449836,0.0878681861417949
0,0,1,0,0,1,23,0,0,0.000376072264459317,0,0,0.152245903627091,0.0172601308977408
0,0,1,0,0,1,23,0,0,0.00111705207833361,0,0,0.10751175679947,0.0572988720726129
0,0,1,0,0,1,25,0,0,0.000918643443185764,0,0,0.053249175791101,0.0859563376484497
0,0,1,0,0,1,25,0,0,0.00229986453553742,0,0,0.058523562599993,0.160927595361396
0,0,0,1,0,0,15,0,0,0,0.117175255842743,0,0,0
0,0,0,1,0,0,15,0,0,0,0.10387794287887,0,0,0
0,0,0,1,0,0,15,0,0,0,0.233722194191158,0,0,0
0,0,0,1,0,0,17,0,0,0,0.0525838135255231,0,0,0
0,0,0,1,0,0,17,0,0,0,0.113820778853448,0,0,0
0,0,0,1,0,0,17,0,0,0,0.0878384854449204,0,0,0
0,0,0,1,0,0,19,0,0,0,0,0,0,NA
0,0,0,1,0,0,19,0,0,0,0.0776048355832288,0,0,0
0,0,0,1,0,0,19,0,0,0,0.0327935507123055,0,0,0
0,0,0,1,0,0,21,0,0,0,0.197680787411288,0,0,0
0,0,0,1,0,0,21,0,0,0,0.157406693371792,0,0,0
0,0,0,1,0,0,21,0,0,0,0.00759167744120626,0,0,0
0,0,0,1,0,0,23,0,0,0,0.0200908209807342,0,0,0
0,0,0,1,0,0,23,0,0,0,0.0132543449650664,0,0,0
0,0,0,1,0,0,23,0,0,0,0.00532068630329041,0,0,0
0,0,0,1,0,0,25,0,0,0,0.156660437900645,0,0,0
0,0,0,1,0,0,25,0,0,0,0.114971487500058,0,0,0
0,0,0,1,0,0,25,0,0,0,0.118233739065651,0,0,0
0,0,0,1,1,0,15,0,0,0,0.0306363101218107,0.108125133729629,0,0.527898486268581
0,0,0,1,1,0,15,0,0,0,0.0245185676109286,0.085071171444275,0,0.531589148877267
0,0,0,1,1,0,17,0,0,0,0.000718132472321432,0.00204855968777172,0,0.572599921631708
0,0,0,1,1,0,17,0,0,0,0.0143576433826581,0.0924832600548237,0,0.394635215442162
0,0,0,1,1,0,19,0,0,0,0.00647682989848427,0.0343553536846499,0,0.437375605788203
0,0,0,1,1,0,19,0,0,0,9.08867281198305e-06,0.0369033358894151,0,0.00229212339367382
0,0,0,1,1,0,21,0,0,0,0.00255733549530482,0.023956947690955,0,0.317214836881064
0,0,0,1,1,0,21,0,0,0,0.00264600334667174,0.0307399138860369,0,0.276946223854443
0,0,0,1,1,0,23,0,0,0,7.71084846231188e-05,0.0107552387747761,0,0.0422937803532852
0,0,0,1,1,0,23,0,0,0,0,0.0182096377438558,0,0
0,0,0,1,1,0,25,0,0,0,0,0.00504122025731863,0,0
0,0,0,1,1,0,25,0,0,0,0.00101536006560882,0.00138330666700837,0,0.68133538824504
0,0,0,1,0,1,15,0,0,0,0.0304608782648116,0,0.141752957592863,0.466626633516927
0,0,0,1,0,1,15,0,0,0,0.0431444948336489,0,0.0537558555759049,0.687139140873035
0,0,0,1,0,1,17,0,0,0,0.0435296985185862,0,0.0709042267036211,0.664255485261235
0,0,0,1,0,1,17,0,0,0,0.0257890248295406,0,0.111911824051975,0.482259180780346
0,0,0,1,0,1,19,0,0,0,0.0375812255242373,0,0.10197620996363,0.582549974653976
0,0,0,1,0,1,19,0,0,0,0.0371666315722255,0,0.0167748259007338,0.619884181432536
0,0,0,1,0,1,21,0,0,0,0.0230161431460895,0,0.0398253792047374,0.656933461785633
0,0,0,1,0,1,21,0,0,0,0.0132243322654877,0,0.0170091729193597,0.685290696442375
0,0,0,1,0,1,23,0,0,0,0.119915652307995,0,0.123417787678358,0.693043607390731
0,0,0,1,0,1,23,0,0,0,0.0305996831366136,0,0.0262950017384991,0.690282186365278
0,0,0,1,0,1,25,0,0,0,0.0558908761144349,0,0.0721051881161904,0.685101897632987
0,0,0,1,0,1,25,0,0,0,0.0213846499512897,0,0.00329159006789146,0.39278252504228
0,0,0,0,1,0,15,0,0,0,0,0.00974488132953938,0,0
0,0,0,0,1,0,15,0,0,0,0,0.0223984287116544,0,0
0,0,0,0,1,0,15,0,0,0,0,0.0348007316110579,0,0
0,0,0,0,1,0,17,0,0,0,0,0.00400945357383832,0,0
0,0,0,0,1,0,17,0,0,0,0,0.0456182253100636,0,0
0,0,0,0,1,0,17,0,0,0,0,0.00814110445418432,0,0
0,0,0,0,1,0,19,0,0,0,0,0,0,NA
0,0,0,0,1,0,19,0,0,0,0,0,0,NA
0,0,0,0,1,0,19,0,0,0,0,0.00453416518565111,0,0
0,0,0,0,1,0,21,0,0,0,0,0.020969263121051,0,0
0,0,0,0,1,0,21,0,0,0,0,0.00808299564607995,0,0
0,0,0,0,1,0,21,0,0,0,0,0.00026967704720983,0,0
0,0,0,0,1,0,23,0,0,0,0,0,0,NA
0,0,0,0,1,0,23,0,0,0,0,0.000179683911743757,0,0
0,0,0,0,1,0,23,0,0,0,0,0.00527365866411134,0,0
0,0,0,0,1,0,25,0,0,0,0,0.0101269893787805,0,0
0,0,0,0,1,0,25,0,0,0,0,0.00653989268639534,0,0
0,0,0,0,1,0,25,0,0,0,0,0.0191311394256845,0,0
0,0,0,0,1,1,15,0,0,0,0,0.00870854471773687,0.0111905395965622,0.685348210531466
0,0,0,0,1,1,15,0,0,0,0,0.016316804105599,0,0
0,0,0,0,1,1,17,0,0,0,0,0.00889499205826755,0.0172756480662651,0.64095876474624
0,0,0,0,1,1,17,0,0,0,0,0.0630603494277851,0.0442759828584504,0.677754712010592
0,0,0,0,1,1,19,0,0,0,0,0.0133256879020801,0.000617536487375501,0.181344192168089
0,0,0,0,1,1,19,0,0,0,0,0.0155194450862332,0.0156023742679555,0.693143630339477
0,0,0,0,1,1,21,0,0,0,0,0.00269344007495078,0.0157106888324492,0.416324793844319
0,0,0,0,1,1,21,0,0,0,0,0.0284779382823144,0.00711237442474706,0.500180783296185
0,0,0,0,1,1,23,0,0,0,0,0.00287440444661132,0.0632551574598569,0.178807802469705
0,0,0,0,1,1,23,0,0,0,0,0.00040915225969752,0.00902142067246873,0.178558782601982
0,0,0,0,1,1,25,0,0,0,0,0.00440458305331057,0.0268334014501997,0.406776206093264
0,0,0,0,1,1,25,0,0,0,0,0.0110714249926489,0.0044016689415747,0.597127924515385
0,0,0,0,0,1,15,0,0,0,0,0,0.0213950032668794,0
0,0,0,0,0,1,15,0,0,0,0,0,0,NA
0,0,0,0,0,1,15,0,0,0,0,0,0.176420939759131,0
0,0,0,0,0,1,17,0,0,0,0,0,0.0764364168054457,0
0,0,0,0,0,1,17,0,0,0,0,0,0.121247662159279,0
0,0,0,0,0,1,17,0,0,0,0,0,0.0634640154464081,0
0,0,0,0,0,1,19,0,0,0,0,0,0.16679439509897,0
0,0,0,0,0,1,19,0,0,0,0,0,0.211584588070277,0
0,0,0,0,0,1,19,0,0,0,0,0,0,NA
0,0,0,0,0,1,21,0,0,0,0,0,0.0801344128912237,0
0,0,0,0,0,1,21,0,0,0,0,0,0.0936712523605737,0
0,0,0,0,0,1,21,0,0,0,0,0,0.0728855729552618,0
0,0,0,0,0,1,23,0,0,0,0,0,0.0332198664180196,0
0,0,0,0,0,1,23,0,0,0,0,0,0.0945058730548462,0
0,0,0,0,0,1,23,0,0,0,0,0,0.050793681929415,0
0,0,0,0,0,1,25,0,0,0,0,0,0.243993402935146,0
0,0,0,0,0,1,25,0,0,0,0,0,0,NA
0,0,0,0,0,1,25,0,0,0,0,0,0.21266670970618,0
0,1,0,0,1,1,15,0,0.0804637155930567,0,0,0.0887355456852245,0.0372943454487351,1.03929364066642
0,1,0,0,1,1,15,0,0.0514229548851779,0,0,0.05454385571836,0.0534235884726822,1.0983162917876
0,1,0,0,1,1,17,0,0.0437116826761008,0,0,0.0109963762182558,0.0580015882283649,0.936282235395928
0,1,0,0,1,1,17,0,0.0259772726035528,0,0,0.0107365432984087,0.0548995769993677,0.915493434495809
0,1,0,0,1,1,19,0,0.0189230770634862,0,0,0.0282283184579638,0.000424322547063409,0.718510782022322
0,1,0,0,1,1,19,0,0.0237165050025848,0,0,0.0198504522316402,0.00726635821535529,1.00095987663714
0,1,0,0,1,1,21,0,0.0197937056566652,0,0,0.00278141819640032,0.053985870463522,0.716513209537772
0,1,0,0,1,1,21,0,0.0316960570936936,0,0,0.00525982931633778,0.0464878708601247,0.867821246490987
0,1,0,0,1,1,23,0,0.018474151380364,0,0,0.00429092123537962,0.0522371098165792,0.760734814440041
0,1,0,0,1,1,23,0,0.00451438815037514,0,0,0.00418857885468488,0.00239589494464833,1.06459784433062
0,1,0,0,1,1,25,0,0.00113806634954656,0,0,0.0158943317547513,0.0894776474634269,0.478757829807909
0,1,0,0,1,1,25,0,0.00274242206751032,0,0,0.00521865404619327,0.0232504362722189,0.732089727353713
1,1,0,0,0,1,15,0.00241873309193449,0.0624878881346739,0,0,0,0.0135008319757553,0.591086730309445
1,1,0,0,0,1,15,0.00180377471365354,0.0397178427213837,0,0,0,0.0122653803595309,0.674867343735903
1,1,0,0,0,1,17,0.00108855507745294,0.0394128702475355,0,0,0,0.00685926522598271,0.519431274087674
1,1,0,0,0,1,17,0.00162658515115844,0.038076935577599,0,0,0,0.0852531989693528,0.679488973889545
1,1,0,0,0,1,19,0.00563699560562025,0.0186566100982494,0,0,0,0.0463805165727273,0.829699034361813
1,1,0,0,0,1,19,0.00322119474167542,0.0161896891826531,0,0,0,0.0901475087073834,0.546703291625423
1,1,0,0,0,1,21,0.000766150779295769,0.0348205285141533,0,0,0,0.126696417084273,0.548795904340554
1,1,0,0,0,1,21,0.00249782366314828,0.00821860201975777,0,0,0,0.01191296465271,0.948881382331535
1,1,0,0,0,1,23,0.0002003096005633,0.0114434032814663,0,0,0,0.032561694668707,0.599484856469398
1,1,0,0,0,1,23,0.0013721712095871,0.011194116332414,0,0,0,0.0345101983662793,0.67223101594033
1,1,0,0,0,1,25,0.000230972038658207,0.00571157777592838,0,0,0,0.0547235928793448,0.33666295014404
1,1,0,0,0,1,25,0.000358732813893671,0,0,0,0,0.010253356551355,0.14772674924726
0,0,1,1,0,1,15,0,0,0.00980050264919551,0.018869156744736,0,0.0697738647514597,0.790291028349356
0,0,1,1,0,1,15,0,0,0.0295959629539885,0.0368339851784729,0,0.0432501607664319,1.08686173440952
0,0,1,1,0,1,17,0,0,0.00228682537990595,0.0409734077529878,0,0.0182628461009771,0.753620662210115
0,0,1,1,0,1,17,0,0,0.00226011093833449,0.0221333299323689,0,0.0311852362822508,0.821120221345877
0,0,1,1,0,1,19,0,0,0.00183402459499358,0.000328702311599318,0,0.0141109454018233,0.4484899146162
0,0,1,1,0,1,19,0,0,0.0034146498641664,0.0212131765760646,0,0.0778945670114323,0.648021668057584
0,0,1,1,0,1,21,0,0,0.000256168359680522,0.0219528825477755,0,0.0717892114247556,0.561613835069716
0,0,1,1,0,1,21,0,0,0.000169517036269503,0.0498033943945891,0,0.00394500764815793,0.28277100828836
0,0,1,1,0,1,23,0,0,0.00191072687852899,0.0293373446351716,0,0.0464598625912809,0.766395811765745
0,0,1,1,0,1,23,0,0,0.00166875429990021,0.00882174090892155,0,0.0197153757001609,0.797921420951456
0,0,1,1,0,1,25,0,0,0.000199669373069886,0.0149050553064828,0,0.0163813252177485,0.726058470826214
0,0,1,1,0,1,25,0,0,0.00471984692394029,0.0788379204172771,0,0.0992590506693348,0.788721486991726
0,0,0,1,1,1,15,0,0,0,0.035567334497489,0.107220708171708,0.0169211803970302,0.839824777569845
0,0,0,1,1,1,15,0,0,0,0.0120462371797679,0.0721571410847099,0.0244922829451344,0.851558749317654
0,0,0,1,1,1,17,0,0,0,0.0576584535363651,0.0433480379332281,0.0662707586603255,1.08388968505722
0,0,0,1,1,1,17,0,0,0,0.0222242686052324,0.0534154550798707,0.0576381391764096,1.0276589569306
0,0,0,1,1,1,19,0,0,0,0.0148146766158622,0.0592815766157313,0.0266450329522384,0.945688998625574
0,0,0,1,1,1,19,0,0,0,0.0110611326767666,0.0218168370938442,0.0195811734050284,1.06092792733553
0,0,0,1,1,1,21,0,0,0,0.00519433477964466,0.0403881434139729,0.0151632082625861,0.828078786299178
0,0,0,1,1,1,21,0,0,0,0.0165569223807407,0.0113967041737071,0.0132551435537315,1.08667932380139
0,0,0,1,1,1,23,0,0,0,0.0958135540328068,0.032701579985174,0.0411664479856777,0.983645443506815
0,0,0,1,1,1,23,0,0,0,0.0165745544494931,0.0142036037130965,0.0871472942986194,0.754230876437993
0,0,0,1,1,1,25,0,0,0,0.00600072959440008,0.00779635113384806,0,0.684654244948821
0,0,0,1,1,1,25,0,0,0,0.0440851032951357,0.00656107928341309,0.0220753348814009,0.882345795535427
1,0,1,0,0,1,15,0.00833506302735111,0,0.0025162658556628,0,0,0.00105709212898248,0.793151699565495
1,0,1,0,0,1,15,0.00353018268658099,0,0.000780398866297261,0,0,0.0278819747821452,0.45706442362318
1,0,1,0,0,1,17,0.00393206286934781,0,0.00280707394907931,0,0,0.0123870646243688,0.888188491725392
1,0,1,0,0,1,17,0.00118157748968252,0,0.000998204272365479,0,0,0.0285758399831119,0.304769730194063
1,0,1,0,0,1,19,0.00214445289616654,0,0.00263042731850202,0,0,0.0366095670230336,0.436990682388458
1,0,1,0,0,1,19,0.00180339815869906,0,0.00216289202323718,0,0,0.0386023754334428,0.374020302955759
1,0,1,0,0,1,21,0.000366185511327406,0,0.00100481658590959,0,0,0.041687133017098,0.159562246241017
1,0,1,0,0,1,21,0.00131683323142018,0,0.000424655725615307,0,0,0.0516998482561838,0.161723829546954
1,0,1,0,0,1,23,0.000652155112684851,0,0.000457969040298339,0,0,0.0335847186418587,0.163302628649542
1,0,1,0,0,1,23,0.000561161571476072,0,0.000146177555567598,0,0,0.0719449368392033,0.059745077259687
1,0,1,0,0,1,25,0.00110368541181496,0,0.000446635305425373,0,0,0.0223516124131291,0.279085520244869
1,0,1,0,0,1,25,0.000351044213434143,0,0.00139414552609303,0,0,0.0395890126196238,0.196135699045934
1,0,0,0,0,0,15,0.00125725936416466,0,0,0,0,0,0
1,0,0,0,0,0,15,0.00519338892177348,0,0,0,0,0,0
1,0,0,0,0,0,15,0.00190791288628735,0,0,0,0,0,0
1,0,0,0,0,0,17,0,0,0,0,0,0,NA
1,0,0,0,0,0,17,0.00222858522730717,0,0,0,0,0,0
1,0,0,0,0,0,17,0.0184217676096408,0,0,0,0,0,0
1,0,0,0,0,0,19,0,0,0,0,0,0,NA
1,0,0,0,0,0,19,0.000423254974943542,0,0,0,0,0,0
1,0,0,0,0,0,19,0,0,0,0,0,0,NA
1,0,0,0,0,0,21,0.00280198731608837,0,0,0,0,0,0
1,0,0,0,0,0,21,0.000258227683522985,0,0,0,0,0,0
1,0,0,0,0,0,21,0.000176020070631707,0,0,0,0,0,0
1,0,0,0,0,0,23,0.000705405588636292,0,0,0,0,0,0
1,0,0,0,0,0,23,0.007079365842416,0,0,0,0,0,0
1,0,0,0,0,0,23,0.00514347986018938,0,0,0,0,0,0
1,0,0,0,0,0,25,0.00155082891053399,0,0,0,0,0,0
1,0,0,0,0,0,25,0,0,0,0,0,0,NA
1,0,0,0,0,0,25,0.000773267358176899,0,0,0,0,0,0
1,1,0,0,0,0,15,0.000329511085159378,0.0355108971792097,0,0,0,0,0.0522634133518729
1,1,0,0,0,0,15,0.000130554604829584,0.0381048264658707,0,0,0,0,0.0228020668470299
1,1,0,0,0,0,17,0.000603408387644827,0.0685305875602826,0,0,0,0,0.0500716297491497
1,1,0,0,0,0,17,0,0.104978874136649,0,0,0,0,0
1,1,0,0,0,0,19,0.000983501505148706,0.0831998845639572,0,0,0,0,0.0635987175303099
1,1,0,0,0,0,19,0.000437986854250475,0.029442367732889,0,0,0,0,0.076447477850085
1,1,0,0,0,0,21,0.00447480725763634,0.0231213044424982,0,0,0,0,0.443223751930089
1,1,0,0,0,0,21,0.00115437559197854,0.0190400670410323,0,0,0,0,0.219089078395077
1,1,0,0,0,0,23,0.00169172397915361,0.0699135310106797,0,0,0,0,0.111832547138189
1,1,0,0,0,0,23,0.00080335704332495,0.0137887072980782,0,0,0,0,0.213136815210686
1,1,0,0,0,0,25,0,0.00534690558967978,0,0,0,0,0
1,1,0,0,0,0,25,0.0024542669345802,0.0170792495690121,0,0,0,0,0.378021214448797
1,1,1,1,0,0,15,0.00673761470977841,0.167983458109518,0.00265554858534013,0.0547994818610034,0,0,0.728788260811967
1,1,1,1,0,0,15,0.0018667398627357,0.0616213236241092,0.000204305825487735,0.0306753283621312,0,0,0.734470154940834
1,1,1,1,0,0,17,0.00426706885131012,0.0888123890907693,0.00212824552284725,0.0391489898629645,0,0,0.808169216559878
1,1,1,1,0,0,17,5.44338223488457e-05,0.0219501949273588,7.17535305829331e-05,0.0440650991490601,0,0,0.649879761121032
1,1,1,1,0,0,19,0.00345660334435382,0.0478977578148308,0.00106019229391484,0.0339477421033867,0,0,0.876795746545526
1,1,1,1,0,0,19,0.0493307310516433,0.0486708817660787,0.0220137684051852,0.0594867227604828,0,0,1.332205241797
1,1,1,1,0,0,21,0.000939026745377938,0.019675146272345,0.00117720214139602,0.0053483825081771,0,0,0.805753412066292
1,1,1,1,0,0,21,0.00183123588764086,0.0616927659897002,0.000368176946245402,0.0177057682901514,0,0,0.652539372168124
1,1,1,1,0,0,23,0.00144125446232318,0.0338938988633173,0.00134175061673003,0.0113748503805747,0,0,0.792385319448761
1,1,1,1,0,0,23,0.00173628132766531,0.0601419314735126,0,0.0235335653361463,0,0,0.681364780361862
1,1,1,1,0,0,25,0.00152116213804446,0.000736639141973579,0.000171585811333615,0.0278587578409858,0,0,0.346829096361577
1,1,1,1,0,0,25,0.00038494918020167,0.00231552765886869,0.00013847435355522,0.0245205893327273,0,0,0.393925368749709
1,1,1,1,1,0,15,0.00228616865606087,0.0177670559127105,0,0.0170313750795314,0.130195702913983,0,0.724501924469806
1,1,1,1,1,0,15,0.000982841911980872,0.0207507197623595,0.000255345691301981,0.0137298785446517,0.133641309925645,0,0.687505615247198
1,1,1,1,1,0,17,0.00225872978249693,0.0220304071096297,0.000147782673469325,0.0106765986679963,0.0484911289291828,0,1.03896066714078
1,1,1,1,1,0,17,0.000344014101266769,0.00124860510731416,0.000857748146417246,0.000126994799724117,0.0187731068310983,0,0.505289755680132
1,1,1,1,1,0,19,7.63388230125119e-05,0.0141706918014936,0.000449710946479898,0.00186952670812056,0.017187641229503,0,0.939605856836835
1,1,1,1,1,0,19,0.000956010219692934,0.0557486464543929,0.000607576112166653,0.00645696512206439,0.0333373534379805,0,0.943118618491754
1,1,1,1,1,0,21,0.000952087777171271,0.0100343470049616,0.000303184556586473,0.00115754855466239,0.0133026143935928,0,1.0221250265185
1,1,1,1,1,0,21,0.00130673902724689,0.00792334910380151,9.46948004840535e-06,0.00704918160668309,0.0169211482637655,0,1.14408281787695
1,1,1,1,1,0,23,0.0004422709,0,3.99126453761547e-05,8.88443363687442e-05,0.0128235950808818,0,0.204923548862183
1,1,1,1,1,0,23,0,1.887509e-05,0,0.002415557,0.006361908,0,0.602427649619028
1,1,1,1,1,0,25,0.0004485746,0,0.0004345951,0.0002309587,0.009467728,0,0.448120004877768
1,1,1,1,1,0,25,0.002383197,0.001290502,5.707246e-05,0,0.002004631,0,1.11383288250881
1,1,1,1,1,1,15,0.003153909,0.01720353,0.0005498093,0.001749163,0.06836464,0.07252705,1.10591707984537
1,1,1,1,1,1,15,0.002045391,0.02320522,0.0003101935,0.003005446,0.1051233,0.03857824,1.0411950519641
1,1,1,1,1,1,15,0.002216802,0.03484741,0.0001468011,0.008440223,0.09815796,0.04559367,1.1911659199225
1,1,1,1,1,1,15,0.003866109,0.03264267,0.0003651131,0.008175345,0.06721353,0.03890319,1.30675505204408
1,1,1,1,1,1,15,0.004234977,0.02706106,0.0003000582,0.01120148,0.08571212,0.0926018,1.22476194604434
1,1,1,1,1,1,17,0.0007429321,0.01900506,0.0002353139,0.01133209,0.03423122,0.04261776,1.32052713086478
1,1,1,1,1,1,17,0.0116243,0.01990747,0.0002207745,0.13436,0.001163877,0.05709674,1.05770982798799
1,1,1,1,1,1,17,0.002465415,0.01010317,5.703337e-05,0.004914017,0.06369966,0.0746545,1.0730896364184
1,1,1,1,1,1,17,0.0006457783,0.01006401,7.865382e-06,0.01025366,0.067567,0.006434387,0.937495647100603
1,1,1,1,1,1,17,0.0008176395,0.01996769,0.0003869086,0.006092248,0.003860135,0.0451322,1.08965361191752
1,1,1,1,1,1,19,0.001678379,0.02467581,0.0008598495,0.0148013,0.08893555,0.01748219,1.16752820197283
1,1,1,1,1,1,19,0.0001997955,0.01234196,0.000133824,0.006750016,0.03468486,0.01653058,1.24677250543941
1,1,1,1,1,1,19,0.0001669902,0.008298521,0.000134731,0.01263034,0.02551153,0.08691686,1.00675367384082
1,1,1,1,1,1,19,0.0002642381,0.03309642,0.0001759987,0.009767907,0.03672751,0.09125554,1.1636726497058
1,1,1,1,1,1,19,3.96051e-05,0.02305638,0.0003516544,0.004806876,0.06935477,0.01020322,0.997041342424994
1,1,1,1,1,1,21,0,0.01732387,0.0003215522,0.007995975,0.04172319,0.01689454,1.2401803359236
1,1,1,1,1,1,21,0.0003836808,0.03693887,0.0004124312,0.02598848,0.04103758,0.04873632,1.39131188575089
1,1,1,1,1,1,21,0,0.006819389,4.477012e-05,0.002263615,0.02481829,0.0028466,0.955701606031785
1,1,1,1,1,1,21,0.0001406357,0.03846831,0.0006956467,0.009948975,0.03994492,0.0557586,1.29095970271357
1,1,1,1,1,1,21,1.641241e-05,0.02199819,9.776894e-05,0.002106114,0.04541427,0.008084107,1.01457638486934
1,1,1,1,1,1,23,0.001114684,0,3.484394e-06,0.0007389218,0.005531147,0,0.735963948753737
1,1,1,1,1,1,23,0.002125666,0.001732804,0,0.002607708,0.01218479,0.00827976,1.32447287368037
1,1,1,1,1,1,23,0.0009948935,0.001648158,0,0.00148585,0.01090558,0.009572976,1.20820539387948
1,1,1,1,1,1,23,0.0007239394,0.003304499,0.0001157644,0.0007171426,0.006754498,0.01905787,1.06623798138799
1,1,1,1,1,1,23,0.001821048,0.02481139,3.00505e-05,0.005839358,0.02029605,0.02496469,1.36520415247677
1,1,1,1,1,1,25,0.002443528,0.005213532,0.002740253,0.04963791,0.05966399,0.03205325,1.31575741608048
1,1,1,1,1,1,25,0.002358527,0.03080782,0.0002498723,0.09012182,0.05030907,0.0665452,1.36649446494395
1,1,1,1,1,1,25,0.001344924,0.03240331,0.0004082362,0.08024051,0.03153434,0.02961828,1.32978891968072
1,1,1,1,1,1,25,0.004765566,0.03125228,0.001347916,0.1084348,0.06071547,0.07112605,1.3900086709554
1,1,1,1,1,1,25,0.006315024,0.04367772,0.002274004,0.1427394,0.06727127,0.1314313,1.37597865045812
1,1,1,1,0,1,15,0.003623302,0.02619729,0.0007042243,0.01402444,0,0.02108945,1.26970092159025
1,1,1,1,0,1,15,0.00384547,0.0461634,0.0003032802,0.0337452,0,0.07574405,1.14255159323337
1,1,1,1,0,1,17,0.0006979327,0.03496889,0.0004983268,0.01754443,0,0.1558838,0.759947473864961
1,1,1,1,0,1,17,0.0008788092,0.04113642,0.000225513,0.01954131,0,0.1449823,0.823752161968028
1,1,1,1,0,1,19,0.002132016,0.0353127,0.001494076,0.02000155,0,0.07473115,1.07721643974605
1,1,1,1,0,1,19,0.00314356,0.015754,0.004705715,0.008729989,0,0.005936746,1.45459675006755
1,1,1,1,0,1,21,0.000623234,0.05469042,0.0007904817,0.009200992,0,0.04604129,0.984549159348311
1,1,1,1,0,1,21,0.0009074184,0.0137103,0.001437746,0.02101441,0,0.03288018,1.17174535484625
1,1,1,1,0,1,23,0.001816914,0.007236251,0.001178568,0.004063079,0,0.02614075,1.06326075704134
1,1,1,1,0,1,23,0.0008573703,0.02960373,0.0003768045,0.02090806,0,0.06093829,1.05232826750504
1,1,1,1,0,1,25,0.0004229986,0.006112052,0.0006945005,0.01151388,0,0.03865625,0.916582467452746
1,1,1,1,0,1,25,0.005006208,0.003849387,0.0005563101,0.03908249,0,0.02712742,1.07635495420811
1,1,1,0,1,0,15,0.0004742471,0.02084621,0.0003970428,0,0.019082,0,0.795375880177817
1,1,1,0,1,0,15,0.004308048,0.02266583,0.001452746,0,0.0389397,0,0.941910492756493
1,1,1,0,1,0,17,0.001373899,0.02783728,0.0007194574,0,0.02276189,0,0.853411934973519
1,1,1,0,1,0,17,0.0006811288,0.0149448,0.001038249,0,0.01353158,0,0.909214514642786
1,1,1,0,1,0,19,0.001229712,0.02565598,0.001487013,0,0.01739905,0,0.90066097358138
1,1,1,0,1,0,19,0.0002141344,0.02357156,0.0007289117,0,0.01579125,0,0.781241592742339
1,1,1,0,1,0,21,0,0.02107572,0.0004349382,0,0.003218954,0,0.472722381848212
1,1,1,0,1,0,21,0.0004221695,0.02318143,0.0002004647,0,0.01337774,0,0.741360898819012
1,1,1,0,1,0,23,0.0001159109,0.01299334,7.665742e-05,0,0.01001459,0,0.732674727607857
1,1,1,0,1,0,23,0.000276116,0.0009728672,1.056337e-05,0,0.002336507,0,0.848052127438422
1,1,1,0,1,0,25,0,0.003331058,0.002144099,0,0.005391796,0,1.03041580405732
1,1,1,0,1,0,25,0.000571815,0.000388605,0.0003388585,0,0.007971941,0,0.555553814712723
1,1,1,0,1,1,15,0.0008959776,0.02516747,0.0001971981,0,0.03298246,0.01774345,1.13402163284015
1,1,1,0,1,1,15,0.002461296,0.02369402,0.0003386257,0,0.01752364,0.02384837,1.23124888061396
1,1,1,0,1,1,17,0.001156003,0.003267465,2.997106e-05,0,0.0305814,0.0363793,0.917916205421418
1,1,1,0,1,1,17,0.00101959,0.02416662,0.0001508139,0,0.009154905,0.01470908,1.12115476103978
1,1,1,0,1,1,19,0.0007467856,0.009620951,0.0003233297,0,0.0195461,0.02082621,1.14169036315244
1,1,1,0,1,1,19,0.0009786386,0.01825467,0.001272476,0,0.008178254,0.01090672,1.23985863734679
1,1,1,0,1,1,21,4.794075e-05,0.007413385,0.0002212191,0,0.006402027,0.08613869,0.515652494236616
1,1,1,0,1,1,21,0,0.02471423,2.026097e-05,0,0.01214327,0.01149263,1.03480199454481
1,1,1,0,1,1,23,0.004406538,0.006608934,0.0003252092,0,0.01997957,0.01957676,1.24376297789087
1,1,1,0,1,1,23,4.448299e-05,0.002118265,0.0006333728,0,0.003930808,0.03777655,0.565806905938689
1,1,1,0,1,1,25,0.0002992666,0.002655509,0.0006696954,0,0.01180446,0.05308689,0.695612040545996
1,1,1,0,1,1,25,6.432494e-05,0.002997733,2.204941e-05,0,0.001441742,0.04457173,0.374262499621787
1,1,1,0,0,1,15,0.005748267,0.05346098,0.001088602,0,0,0.01760257,0.846474748472478
1,1,1,0,0,1,15,0.004056347,0.04476827,0.001222299,0,0,0.02823213,0.905712156062803
1,1,1,0,0,1,17,0.003679163,0.02662807,7.829526e-05,0,0,0.00514037,0.744120911150537
1,1,1,0,0,1,17,0.001974563,0.01938974,0.0001267163,0,0,0.0116456,0.870426560463026
1,1,1,0,0,1,19,0.0021919,0.03233493,0.0005080711,0,0,0.02148328,0.855545814306589
1,1,1,0,0,1,19,0.0008247645,0.02145779,0.0006949978,0,0,0.02519244,0.830014737180596
1,1,1,0,0,1,21,0.0001713155,0.04613189,0.0008963589,0,0,0.01386263,0.626891959200961
1,1,1,0,0,1,21,0.001164376,0.06196551,0.001419102,0,0,0.04244566,0.789637878162786
1,1,1,0,0,1,23,0.0009898316,0.01263643,8.296181e-05,0,0,0.02500151,0.754725442531651
1,1,1,0,0,1,23,0.002108745,0.01381164,0.001121862,0,0,0.1088443,0.478792979836194
1,1,1,0,0,1,25,0.0004811441,0.003712256,0.0008023056,0,0,0.04520509,0.397630473520186
1,1,1,0,0,1,25,0.0005846398,0.0002603526,0.0001368166,0,0,0.03288476,0.158330349719114
1,1,0,1,1,0,15,0.008160789,0.01250778,0,0.1725193,0.0003348737,0,0.423963071118341
1,1,0,1,1,0,15,0.001625246,0.02251208,0,0.01990353,0.1217496,0,0.797689839536826
1,1,0,1,1,0,17,0.001024592,0.01126633,0,0.01177542,0.05668757,0,0.859349240024243
1,1,0,1,1,0,17,0.001464506,0.03019725,0,0.02517222,0.06380203,0,1.06412300326804
1,1,0,1,1,0,19,0.005127666,0.02326812,0,0.00533908,0.02902072,0,1.13881357122152
1,1,0,1,1,0,19,0.007218726,0.03495241,0,0.01033637,0.02646991,0,1.21196171493528
1,1,0,1,1,0,21,0.003065697,0.01411142,0,0.008438219,0.02907168,0,1.13534012778481
1,1,0,1,1,0,21,0,0.003225746,0,0.001536855,0.01553999,0,0.692276370965633
1,1,0,1,1,0,23,3.538656e-05,0.007968003,0,0.001617744,0.002035569,0,0.856471742650879
1,1,0,1,1,0,23,0,0.00343612,0,3.484924e-05,0.01139945,0,0.556483803457212
1,1,0,1,1,0,25,0,0,0,0.0001940775,0.0005453475,0,0.575625503765854
1,1,0,1,1,0,25,0,0.003610484,0,0,0.004440923,0,0.687818563028443
1,1,0,1,1,1,15,0.002258112,0.003810721,0,0.02347173,0.1094487,0.03656431,1.02950091218986
1,1,0,1,1,1,15,0.001136975,0.01618626,0,0.01710701,0.08255332,0.05036656,1.20294846212708
1,1,0,1,1,1,17,2.737901e-05,0.03004377,0,0.006435302,0.07898001,0.07628792,1.13761786200907
1,1,0,1,1,1,17,0.0005097532,0.04777189,0,0.01360093,0.05133895,0.04133877,1.31443720328591
1,1,0,1,1,1,19,0.000732601,0.02297314,0,0.01271151,0.03829124,0.03778762,1.33684211589005
1,1,0,1,1,1,19,0.005016437,0.01374985,0,0.01405621,0.02117096,0,1.28654595975718
1,1,0,1,1,1,21,0,0.001452704,0,0.003719213,0.00570224,0.01319688,1.12865911128639
1,1,0,1,1,1,21,0,0.01284295,0,0.0001579814,0.03104387,0.03274426,1.04140136046162
1,1,0,1,1,1,23,0.0002209625,0.01137178,0,0.007756845,0.003819981,0.0004911892,1.13625277039796
1,1,0,1,1,1,23,0,0.0002678278,0,0.001122181,0.00168088,0.01717271,0.563759129373394
1,1,0,1,1,1,25,0,0.001451641,0,0.001637557,0.01237668,0.01025666,1.0561819760839
1,1,0,1,1,1,25,0.0006642603,0.0003893097,0,0.004049399,0.01249979,0.00699534,1.16174434772549
1,1,0,1,0,1,15,0.0114407,0.04822772,0,0.04570778,0,0.1187658,1.14319886217145
1,1,0,1,0,1,15,0,0.0002527115,0,0.0001170239,0,0.01220431,0.151021176317942
1,1,0,1,0,1,17,0.001282828,0.07955202,0,0.03329902,0,0.1718095,0.936675546110471
1,1,0,1,0,1,17,0.0004355186,0.05963363,0,0.02557444,0,0.05306249,1.06034655029789
1,1,0,1,0,1,19,0.002915454,0.01537805,0,0.01712381,0,0.03989876,1.12360883467456
1,1,0,1,0,1,19,0.004950287,0.01831547,0,0.02311683,0,0.04820489,1.16017145619969
1,1,0,1,0,1,21,0.001500667,0.02784904,0,0.01817285,0,0.06198821,1.02716779721123
1,1,0,1,0,1,21,1.0792e-05,0.03509579,0,0.01839204,0,0.1101899,0.842832373709225
1,1,0,1,0,1,23,0.001847768,0.002072772,0,0.001156135,0,0.01877499,0.745558798348352
1,1,0,1,0,1,23,0.001450291,0.005579246,0,0.003676676,0,0.0352385,0.770684495013442
1,1,0,1,0,1,25,0.00101305,0.02249653,0,0.07207317,0,0.09963805,0.987457213039757
1,1,0,1,0,1,25,0.0009781754,0.002935628,0,0.02686135,0,0.03945398,0.883775065582343
1,1,0,0,1,1,15,0.008450486,0.0259273,0,0,0.02258006,0.0128558,1.30011711385378
1,1,0,0,1,1,15,0.006999785,0.02421924,0,0,0.02102184,0.01953589,1.30742000043167
1,1,0,0,1,1,17,0.002173129,0.001752498,0,0,0.009238703,0.05293971,0.66138310075783
1,1,0,0,1,1,17,0.0027122,0.01682269,0,0,0.01132679,0.002379593,1.10475643661594
1,1,0,0,1,1,19,0.001823527,0.006105867,0,0,0.006526341,0.001910474,1.2296926994423
1,1,0,0,1,1,19,0.0008105745,0.01412804,0,0,0.01120339,0.003820684,1.08259498627065
1,1,0,0,1,1,21,0.001283566,0.007128259,0,0,0.001572889,0.02982307,0.762751038275341
1,1,0,0,1,1,21,0.0007735189,0.007498656,0,0,0.0007815935,0.01905607,0.814509110511429
1,1,0,0,1,1,23,0.0004590801,0.003573434,0,0,0.009419914,0.03514353,0.788386039060266
1,1,0,0,1,1,23,0.001610292,0.01379406,0,0,0.00786087,0.09880572,0.651243675532594
1,1,0,0,1,1,25,0.0008330797,0.006445911,0,0,0.008803363,0.05191888,0.747955754691186
1,1,0,0,1,1,25,0.0002904508,0.006964967,0,0,0.02153308,0.04769925,0.890689986356205
1,0,1,0,0,0,15,0.02063733,0,0.009068805,0,0,0,0.615275091437678
1,0,1,0,0,0,15,0.02499541,0,0.01605714,0,0,0,0.669253627889401
1,0,1,0,0,0,17,0.008365317,0,0.01675252,0,0,0,0.63631265779363
1,0,1,0,0,0,17,0.00650685,0,0.02028045,0,0,0,0.554408825183698
1,0,1,0,0,0,19,0.009155098,0,0.01475012,0,0,0,0.665501711071502
1,0,1,0,0,0,19,0.03543529,0,0.01872529,0,0,0,0.644767346805194
1,0,1,0,0,0,21,0.01828338,0,0.01582288,0,0,0,0.690542671440112
1,0,1,0,0,0,21,0.01466594,0,0.01979118,0,0,0,0.682043851128763
1,0,1,0,0,0,23,0.013473,0,0.0151519,0,0,0,0.691426180143912
1,0,1,0,0,0,23,0.005490948,0,0.006970299,0,0,0,0.686083774681895
1,0,1,0,0,0,25,0.00874291,0,0.02311185,0,0,0,0.587646173752932
1,0,1,0,0,0,25,0.007714451,0,0.02019402,0,0,0,0.589539979790475
1,0,1,1,1,0,15,0.001258594,0,0.0003896812,0.01416884,0.09310914,0,0.471118115978635
1,0,1,1,1,0,15,0.00145295,0,0.0004018964,0.01963995,0.09766116,0,0.533136540212608
1,0,1,1,1,0,17,0.00230868,0,0.0003689638,0.003300273,0.06201997,0,0.373930560342758
1,0,1,1,1,0,17,0.003345779,0,0.0008858874,0.0178894,0.06532654,0,0.713867241515533
1,0,1,1,1,0,19,0.001147633,0,0.0009376124,0.0002489615,0.004960067,0,0.932206353210071
1,0,1,1,1,0,19,0.001176814,0,1.978933e-05,0.006858069,0.03272424,0,0.582416596129246
1,0,1,1,1,0,21,0.008662336,0,0.003523481,0.005974621,0.01155299,0,1.30201263434515
1,0,1,1,1,0,21,0.0003458898,0,8.266596e-05,0.002741932,0.0009212327,0,0.89162476646445
1,0,1,1,1,0,23,0.0005747342,0,0.0002181218,0.0001722306,0.006940446,0,0.487303120101908
1,0,1,1,1,0,23,0.0001097812,0,0.0003380885,0.000740059,0.009237823,0,0.454097851811128
1,0,1,1,1,0,25,0,0,0.0002365516,0.001201492,0.01085311,0,0.413205300622659
1,0,1,1,1,0,25,0.0001697498,0,0.00111944,0.001432069,0.04044076,0,0.290521516054388
1,0,1,1,1,1,15,0.007061184,0,0.00287754,0.01247768,0.0391198,0.01885476,1.31260131172841
1,0,1,1,1,1,15,0.003647391,0,0.001196948,0.00722425,0.08692114,0.030988,0.914963756052017
1,0,1,1,1,1,17,0.005995904,0,0.003512065,0.01255877,0.06166619,0.006062622,1.02267064140067
1,0,1,1,1,1,17,0.0003885288,0,0.000353607,0.01181417,0.04267814,0.03837516,1.02872247333332
1,0,1,1,1,1,19,0.00509687,0,0.003073074,0.01461576,0.06741794,0.05666329,1.15204142197667
1,0,1,1,1,1,19,0.0009561233,0,0.0003719168,0.006439332,0.04633706,0.08032011,0.871873401986145
1,0,1,1,1,1,21,0.001376573,0,0.0003731772,0.02659914,0.02594018,0.05892613,1.09023666257941
1,0,1,1,1,1,21,0.0003970192,0,0.0003314403,0.008517594,0.03851551,0.01384121,0.963293892754645
1,0,1,1,1,1,23,0.0005064498,0,0.0002270431,0.01586053,0.01556514,0.05808582,0.936439719613824
1,0,1,1,1,1,23,0.001305824,0,1.028574e-05,0.004675375,0.02515268,0.0156956,1.0319299065389
1,0,1,1,1,1,25,0.005704371,0,0.0007076363,0.03341551,0.05747437,0.009011822,1.09578600002742
1,0,1,1,1,1,25,0.005207087,0,0.006875664,0.05460668,0.02259756,0.03060802,1.32144367195561
1,0,1,1,0,1,15,0.006657352,0,0.005014425,0.01748623,0,0.05463636,0.975575927784111
1,0,1,1,0,1,15,0.02131113,0,0.01029981,0.04010561,0,0.01467273,1.25618136461892
1,0,1,1,0,1,17,0.002456628,0,0.006269281,0.06757645,0,0.01600597,0.811305507072195
1,0,1,1,0,1,17,0.01558452,0,0.01078887,0.08724062,0,0.03011658,1.0657810508433
1,0,1,1,0,1,19,7.369755e-05,0,1.52445e-05,0.01313617,0,0.02059196,0.686209332251479
1,0,1,1,0,1,19,0.002366742,0,0.001698637,0.02795298,0,0.1129912,0.631007171899126
1,0,1,1,0,1,21,0.0003414215,0,0.0008989244,0.03845834,0,0.02649382,0.767529504261666
1,0,1,1,0,1,21,0.000458041,0,0.0004151633,0.02061745,0,0.08625785,0.539145600244934
1,0,1,1,0,1,23,0.00227312,0,0.0004702998,0.01604371,0,0.01368078,0.960010451666056
1,0,1,1,0,1,23,0.002884615,0,0.000546091,0.03127031,0,0.09178748,0.687914453876599
1,0,1,1,0,1,25,0.0009821163,0,0.0002768875,0.03588232,0,0.01764473,0.740884786461899
1,0,1,1,0,1,25,0.0002933794,0,0.0006439492,0.03185944,0,0.009829824,0.653514952448018
1,0,1,0,1,1,15,0.003820792,0,0.002340762,0,0.02804238,0.05476927,0.893475401159768
1,0,1,0,1,1,15,0.009632798,0,0.003125783,0,0.01645185,0.004957667,1.20773148316951
1,0,1,0,1,1,17,0.001095014,0,0.001613639,0,0.01912784,0.0008909053,0.606009957774117
1,0,1,0,1,1,17,0.02999302,0,0.00119373,0,0.002772829,0.01474951,0.91437632747878
1,0,1,0,1,1,19,0.0008895562,0,0.000860064,0,0.003385837,0.02576456,0.5956559482949
1,0,1,0,1,1,19,0.0001973765,0,0.0002445346,0,0.002297807,0.05278779,0.223836905621643
1,0,1,0,1,1,21,0.0005520864,0,0.0005489841,0,0.001406727,0.05675083,0.217144634642241
1,0,1,0,1,1,21,0.000789612,0,0.001871666,0,0.004930197,0.003889847,1.20949741725289
1,0,1,0,1,1,23,0.001459609,0,0.0002152037,0,0.02743934,0.01503527,0.801097998534613
1,0,1,0,1,1,23,0.001957187,0,0.0004153297,0,0.005041243,0.03958282,0.558227633516313
1,0,1,0,1,1,25,0.0005485294,0,0.001377544,0,0.003613033,0.05070488,0.40581968915431
1,0,1,0,1,1,25,5.748316e-06,0,0.0006931725,0,0.01397426,0.02393033,0.737759211402582
1,0,0,1,0,0,15,0.009329395,0,0,0.2141763,0,0,0.173438823218864
1,0,0,1,0,0,15,0.003706154,0,0,0.21692,0,0,0.085302466793401
1,0,0,1,0,0,17,0.0034172,0,0,0.164773,0,0,0.0992721067339341
1,0,0,1,0,0,17,0.003935869,0,0,0.08003649,0,0,0.18919695144878
1,0,0,1,0,0,19,0.001756052,0,0,0.4808666,0,0,0.024066700101711
1,0,0,1,0,0,19,0.004087677,0,0,0.341825,0,0,0.0641936464853452
1,0,0,1,0,0,21,0.001194052,0,0,0.1326292,0,0,0.0509899450798994
1,0,0,1,0,0,21,0.0001494463,0,0,0.06282404,0,0,0.0167126258623584
1,0,0,1,0,0,23,0.0002000959,0,0,0.1273276,0,0,0.0116995488762232
1,0,0,1,0,0,23,0.0004364208,0,0,0.1628981,0,0,0.0184995069411091
1,0,0,1,0,0,25,0.003985965,0,0,0.2999821,0,0,0.0698608222086309
1,0,0,1,0,0,25,0.003098939,0,0,0.1386964,0,0,0.105173250352753
1,0,0,1,1,0,15,7.426012e-05,0,0,0.003035978,0.1050336,0,0.133648800868398
1,0,0,1,1,0,15,0,0,0,0.002742318,0.1615332,0,0.0848750865844932
1,0,0,1,1,0,17,0.0004693459,0,0,0.0007912471,0.06815182,0,0.102782198236474
1,0,0,1,1,0,17,0.0008294221,0,0,0.01636846,0.01019381,0,0.781431199125063
1,0,0,1,1,0,19,0,0,0,0,0.02434404,0,0
1,0,0,1,1,0,19,1.321303e-05,0,0,0.001160323,0.02272269,0,0.198915948261998
1,0,0,1,1,0,21,0.0004693649,0,0,0.003363956,0.009801771,0,0.698540162884936
1,0,0,1,1,0,21,0.001115861,0,0,0.002495731,0.02081504,0,0.510384006000337
1,0,0,1,1,0,23,0.001226482,0,0,0.004308281,0.009960107,0,0.840720288938673
1,0,0,1,1,0,23,0.001161287,0,0,0.0002320523,0.04216923,0,0.155979967435376
1,0,0,1,1,0,25,0.01092997,0,0,0.002814354,0.009901858,0,0.974542503901429
1,0,0,1,1,0,25,0,0,0,0.000491094,0.01005973,0,0.18821540047142
1,0,0,1,1,1,15,0.003475799,0,0,0.02545773,0.1080999,0.01776709,0.881315579335252
1,0,0,1,1,1,15,0,0,0,0.01534109,0.1073328,0.04756386,0.863962755354567
1,0,0,1,1,1,17,0.001242631,0,0,0.009725446,0.0677958,0.01953339,0.861447601113455
1,0,0,1,1,1,17,0.0007693068,0,0,0.01576706,0.100543,0.03902395,0.887664339141772
1,0,0,1,1,1,19,0.0001760816,0,0,0.01802269,0.06822418,0.04298194,0.987112927178575
1,0,0,1,1,1,19,0,0,0,0.001400847,0.02440434,0,0.210945280936507
1,0,0,1,1,1,21,0,0,0,0.004260023,0.0323396,0.03464605,0.877542840511548
1,0,0,1,1,1,21,0.0003134447,0,0,0.01207738,0.03978697,0.01246748,0.955392869676122
1,0,0,1,1,1,23,0,0,0,0.003696841,0.009214549,0.002328204,0.934832248219976
1,0,0,1,1,1,23,0.002716304,0,0,0.0282987,0.02854765,0.04503421,1.16573080271987
1,0,0,1,1,1,25,0.001084852,0,0,0.01122246,0.01760465,0.02646769,1.11576359956125
1,0,0,1,1,1,25,0.0002027439,0,0,0.01848667,0.02093337,0.008794039,1.06290328092802
1,0,0,0,1,0,15,0.0001520262,0,0,0,0.040841,0,0.0244590495044092
1,0,0,0,1,0,15,0.001079685,0,0,0,0.03745368,0,0.12778881610891
1,0,0,0,1,0,17,0.0001687164,0,0,0,0.03315391,0,0.0318127716954773
1,0,0,0,1,0,17,0.0004600887,0,0,0,0.0475603,0,0.05406770452668
1,0,0,0,1,0,19,8.467864e-05,0,0,0,0.03460423,0,0.0171220039902427
1,0,0,0,1,0,19,1.929833e-05,0,0,0,0.01887364,0,0.00805522669411972
1,0,0,0,1,0,21,0.0002576882,0,0,0,0.02855066,0,0.0510949980006409
1,0,0,0,1,0,21,2.517174e-05,0,0,0,0.01739509,0,0.0108935418889744
1,0,0,0,1,0,23,0.0009367771,0,0,0,0.0172471,0,0.202957690027413
1,0,0,0,1,0,23,0.0001081357,0,0,0,0.0123445,0,0.0498616824814023
1,0,0,0,1,0,25,5.25267e-05,0,0,0,0.005422944,0,0.0541232713167172
1,0,0,0,1,0,25,3.133195e-05,0,0,0,0.009903801,0,0.0213111669988667
1,0,1,0,1,0,15,0.0134983,0,0.002173808,0,0.02091239,0,0.855322371954916
1,0,1,0,1,0,15,0.01157812,0,0.001559516,0,0.0317072,0,0.71151450468143
1,0,1,0,1,0,17,0.02427275,0,0.004527881,0,0.00384187,0,0.746129865914264
1,0,1,0,1,0,17,0.001331923,0,0.002488878,0,0.01559689,0,0.623116478112495
1,0,1,0,1,0,19,0.001311459,0,0.007718287,0,0.006686831,0,0.920058387062061
1,0,1,0,1,0,19,0.004671649,0,0.002711482,0,0.0201144,0,0.758296644823195
1,0,1,0,1,0,21,0.0004399661,0,0.001456284,0,0.004605674,0,0.761602643546379
1,0,1,0,1,0,21,0.0003287738,0,0.001040256,0,0.01535807,0,0.32836996547243
1,0,1,0,1,0,23,0.0004610945,0,0.0003534724,0,0.01463081,0,0.242595070966087
1,0,1,0,1,0,23,0.002425877,0,0.002257152,0,0.03872804,0,0.416756412006131
1,0,1,0,1,0,25,0.0001207885,0,0.0002545823,0,0.007395059,0,0.223848774737697
1,0,1,0,1,0,25,0.000425303,0,7.062621e-05,0,0,0,0.40931769995013
1,0,0,0,0,1,15,0.0001845524,0,0,0,0,0.01774988,0.0573317170141452
1,0,0,0,0,1,15,0.0001833496,0,0,0,0,0.02102659,0.0496756573495994
1,0,0,0,0,1,17,0.000263375,0,0,0,0,0.01093097,0.11146691670333
1,0,0,0,0,1,17,5.811711e-05,0,0,0,0,0.001820403,0.137986781916491
1,0,0,0,0,1,19,0.0004067481,0,0,0,0,0.01801862,0.106010008573935
1,0,0,0,0,1,19,7.041128e-05,0,0,0,0,0.1093409,0.00537245221787969
1,0,0,0,0,1,21,0.001041209,0,0,0,0,0.05021637,0.0992558098481143
1,0,0,0,0,1,21,0.0005206305,0,0,0,0,0.125511,0.0267982202772481
1,0,0,0,0,1,23,0.0008294614,0,0,0,0,0.02022826,0.166000325393292
1,0,0,0,0,1,23,0.003006485,0,0,0,0,0.06633654,0.178468997046632
1,0,0,0,0,1,25,1.520639e-05,0,0,0,0,0.06614887,0.00215534592674722
1,0,0,0,0,1,25,0.0001105756,0,0,0,0,0.01443219,0.0446730045064693
