"ACRU.action","ACSA.action","BEAL.action","FAGR.action","TSCA.action","FRAM.action","PIST.action","PRSE.action","QURU.action","environment.initial","ACRU.outcome","ACSA.outcome","BEAL.outcome","FAGR.outcome","TSCA.outcome","FRAM.outcome","PIST.outcome","PRSE.outcome","QURU.outcome","diversity.desirability"
0,0,0,0,0,0,0,0,0,0,0,0,0,0,0,0,0,0,0,NA
0,0,0,0,0,0,0,0,0,0,0,0,0,0,0,0,0,0,0,NA
0,0,0,0,0,0,0,0,0,0,0,0,0,0,0,0,0,0,0,NA
0,0,0,0,0,0,0,0,1,0,0,0,0,0,0,0,0,0,479,0
0,0,0,0,0,0,0,0,1,0,0,0,0,0,0,0,0,0,548,0
0,0,0,0,0,0,0,0,1,0,0,0,0,0,0,0,0,0,307,0
0,0,0,0,0,0,0,1,0,0,0,0,0,0,0,0,0,306,0,0
0,0,0,0,0,0,0,1,0,0,0,0,0,0,0,0,0,299,0,0
0,0,0,0,0,0,0,1,0,0,0,0,0,0,0,0,0,162,0,0
0,0,0,0,0,0,0,1,1,0,0,0,0,0,0,0,0,231,16,0.239915014011091
0,0,0,0,0,0,0,1,1,0,0,0,0,0,0,0,0,177,94,0.645483351510889
0,0,0,0,0,0,0,1,1,0,0,0,0,0,0,0,0,279,103,0.582893977936906
0,0,0,0,0,0,1,0,0,0,0,0,0,0,0,0,242,0,0,0
0,0,0,0,0,0,1,0,0,0,0,0,0,0,0,0,418,0,0,0
0,0,0,0,0,0,1,0,0,0,0,0,0,0,0,0,206,0,0,0
0,0,0,0,0,0,1,0,1,0,0,0,0,0,0,0,280,0,74,0.512681360070219
0,0,0,0,0,0,1,0,1,0,0,0,0,0,0,0,168,0,22,0.358451006299273
0,0,0,0,0,0,1,0,1,0,0,0,0,0,0,0,297,0,151,0.639061757898344
0,0,0,0,0,0,1,1,0,0,0,0,0,0,0,0,94,216,0,0.613572795565773
0,0,0,0,0,0,1,1,0,0,0,0,0,0,0,0,135,163,0,0.688726446838659
0,0,0,0,0,0,1,1,0,0,0,0,0,0,0,0,200,167,0,0.689099068808779
0,0,0,0,0,0,1,1,1,0,0,0,0,0,0,0,182,99,46,0.963771833130282
0,0,0,0,0,0,1,1,1,0,0,0,0,0,0,0,169,149,79,1.05263335183891
0,0,0,0,0,0,1,1,1,0,0,0,0,0,0,0,140,157,9,0.803861076458874
0,0,0,0,0,1,0,0,0,0,0,0,0,0,0,194,0,0,0,0
0,0,0,0,0,1,0,0,0,0,0,0,0,0,0,323,0,0,0,0
0,0,0,0,0,1,0,0,0,0,0,0,0,0,0,163,0,0,0,0
0,0,0,0,0,1,0,0,1,0,0,0,0,0,0,9,0,0,266,0.144098227368542
0,0,0,0,0,1,0,0,1,0,0,0,0,0,0,45,0,0,417,0.319338123701296
0,0,0,0,0,1,0,0,1,0,0,0,0,0,0,62,0,0,243,0.504914194297415
0,0,0,0,0,1,0,1,0,0,0,0,0,0,0,1,0,195,0,0.0320181596390344
0,0,0,0,0,1,0,1,0,0,0,0,0,0,0,3,0,141,0,0.101264817566792
0,0,0,0,0,1,0,1,0,0,0,0,0,0,0,32,0,193,0,0.408977045101157
0,0,0,0,0,1,0,1,1,0,0,0,0,0,0,0,0,200,25,0.348832095843032
0,0,0,0,0,1,0,1,1,0,0,0,0,0,0,1,0,166,45,0.545785402469887
0,0,0,0,0,1,0,1,1,0,0,0,0,0,0,2,0,103,141,0.722654606289704
0,0,0,0,0,1,1,0,0,0,0,0,0,0,0,6,381,0,0,0.0799825257464707
0,0,0,0,0,1,1,0,0,0,0,0,0,0,0,3,293,0,0,0.0566215782835027
0,0,0,0,0,1,1,0,0,0,0,0,0,0,0,1,389,0,0,0.017858624591447
0,0,0,0,0,1,1,0,1,0,0,0,0,0,0,6,309,0,128,0.668258516865717
0,0,0,0,0,1,1,0,1,0,0,0,0,0,0,1,259,0,48,0.454008495623707
0,0,0,0,0,1,1,0,1,0,0,0,0,0,0,9,404,0,45,0.415850747581445
0,0,0,0,0,1,1,1,0,0,0,0,0,0,0,0,128,150,0,0.690012596078589
0,0,0,0,0,1,1,1,0,0,0,0,0,0,0,0,106,119,0,0.691477114843749
0,0,0,0,0,1,1,1,0,0,0,0,0,0,0,0,118,131,0,0.691783679491618
0,0,0,0,0,1,1,1,1,0,0,0,0,0,0,0,91,114,45,1.03460231686357
0,0,0,0,0,1,1,1,1,0,0,0,0,0,0,0,126,190,53,0.987404867876188
0,0,0,0,0,1,1,1,1,0,0,0,0,0,0,0,91,156,8,0.776944782188231
0,0,0,0,1,0,0,0,0,0,0,0,0,0,286,0,0,0,0,0
0,0,0,0,1,0,0,0,0,0,0,0,0,0,283,0,0,0,0,0
0,0,0,0,1,0,0,0,0,0,0,0,0,0,236,0,0,0,0,0
0,0,0,0,1,0,0,0,1,0,0,0,0,0,226,0,0,0,103,0.621534967716165
0,0,0,0,1,0,0,0,1,0,0,0,0,0,247,0,0,0,97,0.59481059905381
0,0,0,0,1,0,0,0,1,0,0,0,0,0,190,0,0,0,29,0.390961443149377
0,0,0,0,1,0,0,1,0,0,0,0,0,0,197,0,0,58,0,0.536177940558128
0,0,0,0,1,0,0,1,0,0,0,0,0,0,209,0,0,51,0,0.495024069747889
0,0,0,0,1,0,0,1,0,0,0,0,0,0,180,0,0,92,0,0.639858013910889
0,0,0,0,1,0,0,1,1,0,0,0,0,0,150,0,0,56,57,0.981017488215118
0,0,0,0,1,0,0,1,1,0,0,0,0,0,182,0,0,61,14,0.74425380716307
0,0,0,0,1,0,0,1,1,0,0,0,0,0,142,0,0,84,4,0.736073957937557
0,0,0,0,1,0,1,0,0,0,0,0,0,0,209,0,50,0,0,0.490615672000492
0,0,0,0,1,0,1,0,0,0,0,0,0,0,240,0,58,0,0,0.49286853276792
0,0,0,0,1,0,1,0,0,0,0,0,0,0,296,0,123,0,0,0.605305110397724
0,0,0,0,1,0,1,0,1,0,0,0,0,0,184,0,75,0,34,0.890902828292746
0,0,0,0,1,0,1,0,1,0,0,0,0,0,143,0,32,0,4,0.572103635666244
0,0,0,0,1,0,1,0,1,0,0,0,0,0,218,0,39,0,20,0.654293775652474
0,0,0,0,1,0,1,1,0,0,0,0,0,0,276,0,18,46,0,0.595490221085023
0,0,0,0,1,0,1,1,0,0,0,0,0,0,147,0,11,70,0,0.791779378074127
0,0,0,0,1,0,1,1,0,0,0,0,0,0,174,0,5,92,0,0.72489608761767
0,0,0,0,1,0,1,1,1,0,0,0,0,0,171,0,4,49,0,0.610445872328901
0,0,0,0,1,0,1,1,1,0,0,0,0,0,220,0,6,21,6,0.505586543982666
0,0,0,0,1,0,1,1,1,0,0,0,0,0,153,0,0,78,2,0.683370707574496
0,0,0,0,1,1,0,0,0,0,0,0,0,0,305,3,0,0,0,0.0548045598201171
0,0,0,0,1,1,0,0,0,0,0,0,0,0,303,4,0,0,0,0.0694985048711763
0,0,0,0,1,1,0,0,0,0,0,0,0,0,255,12,0,0,0,0.183349468089932
0,0,0,0,1,1,0,0,1,0,0,0,0,0,321,9,0,0,48,0.489853798147789
0,0,0,0,1,1,0,0,1,0,0,0,0,0,270,0,0,0,26,0.297506620141223
0,0,0,0,1,1,0,0,1,0,0,0,0,0,194,0,0,0,12,0.222131689878214
0,0,0,0,1,1,0,1,0,0,0,0,0,0,230,17,0,50,0,0.661664737547824
0,0,0,0,1,1,0,1,0,0,0,0,0,0,235,0,0,77,0,0.558786478493421
0,0,0,0,1,1,0,1,0,0,0,0,0,0,330,0,0,123,0,0.584767949582855
0,0,0,0,1,1,0,1,1,0,0,0,0,0,144,1,0,47,6,0.705637691125418
0,0,0,0,1,1,0,1,1,0,0,0,0,0,163,4,0,39,14,0.77702678730849
0,0,0,0,1,1,0,1,1,0,0,0,0,0,106,0,0,61,4,0.751996731152188
0,0,0,0,1,1,1,0,0,0,0,0,0,0,274,0,70,0,0,0.505200471054252
0,0,0,0,1,1,1,0,0,0,0,0,0,0,251,2,77,0,0,0.578644170927401
0,0,0,0,1,1,1,0,0,0,0,0,0,0,113,4,84,0,0,0.766346639094835
0,0,0,0,1,1,1,0,1,0,0,0,0,0,281,0,44,0,14,0.55216881360523
0,0,0,0,1,1,1,0,1,0,0,0,0,0,207,0,7,0,21,0.432227503754753
0,0,0,0,1,1,1,0,1,0,0,0,0,0,193,0,24,0,20,0.6077768337171
0,0,0,0,1,1,1,1,0,0,0,0,0,0,210,0,25,123,0,0.865831442313603
0,0,0,0,1,1,1,1,0,0,0,0,0,0,183,4,1,36,0,0.555003975074328
0,0,0,0,1,1,1,1,0,0,0,0,0,0,174,6,77,67,0,1.07514597918546
0,0,0,0,1,1,1,1,1,0,0,0,0,0,108,0,11,37,3,0.861691496786028
0,0,0,0,1,1,1,1,1,0,0,0,0,0,123,0,4,77,32,1.04510121380692
0,0,0,0,1,1,1,1,1,0,0,0,0,0,272,0,0,40,23,0.606817973128233
0,0,0,1,0,0,0,0,0,0,0,0,0,188,0,0,0,0,0,0
0,0,0,1,0,0,0,0,0,0,0,0,0,236,0,0,0,0,0,0
0,0,0,1,0,0,0,0,0,0,0,0,0,240,0,0,0,0,0,0
0,0,0,1,0,0,0,0,1,0,0,0,0,165,0,0,0,0,42,0.504394507461034
0,0,0,1,0,0,0,0,1,0,0,0,0,203,0,0,0,0,1,0.0309591421506731
0,0,0,1,0,0,0,0,1,0,0,0,0,220,0,0,0,0,0,0
0,0,0,1,0,0,0,1,0,0,0,0,0,223,0,0,0,64,0,0.530674472307964
0,0,0,1,0,0,0,1,0,0,0,0,0,158,0,0,0,46,0,0.533769408271868
0,0,0,1,0,0,0,1,0,0,0,0,0,231,0,0,0,29,0,0.349719822553443
0,0,0,1,0,0,0,1,1,0,0,0,0,298,0,0,0,25,0,0.272371349227872
0,0,0,1,0,0,0,1,1,0,0,0,0,211,0,0,0,17,35,0.62217732052554
0,0,0,1,0,0,0,1,1,0,0,0,0,177,0,0,0,8,0,0.178117798056668
0,0,0,1,0,0,1,0,0,0,0,0,0,199,0,0,109,0,0,0.649825174911397
0,0,0,1,0,0,1,0,0,0,0,0,0,142,0,0,49,0,0,0.569411455340872
0,0,0,1,0,0,1,0,0,0,0,0,0,242,0,0,5,0,0,0.0989829953644605
0,0,0,1,0,0,1,0,1,0,0,0,0,207,0,0,22,0,4,0.397729862903495
0,0,0,1,0,0,1,0,1,0,0,0,0,300,0,0,65,0,1,0.486048866351976
0,0,0,1,0,0,1,0,1,0,0,0,0,254,0,0,1,0,0,0.0256443144811387
0,0,0,1,0,0,1,1,0,0,0,0,0,192,0,0,19,26,0,0.615343001801566
0,0,0,1,0,0,1,1,0,0,0,0,0,231,0,0,1,40,0,0.441266517416984
0,0,0,1,0,0,1,1,0,0,0,0,0,212,0,0,1,17,0,0.291292712925707
0,0,0,1,0,0,1,1,1,0,0,0,0,168,0,0,20,29,6,0.792181951299565
0,0,0,1,0,0,1,1,1,0,0,0,0,201,0,0,65,16,20,0.936998129659615
0,0,0,1,0,0,1,1,1,0,0,0,0,237,0,0,2,15,2,0.313444650777222
0,0,0,1,0,1,0,0,0,0,0,0,0,202,0,3,0,0,0,0.0763469950357365
0,0,0,1,0,1,0,0,0,0,0,0,0,324,0,11,0,0,0,0.144465615056419
0,0,0,1,0,1,0,0,0,0,0,0,0,194,0,18,0,0,0,0.290590168537972
0,0,0,1,0,1,0,0,1,0,0,0,0,167,0,0,0,0,63,0.587112115722045
0,0,0,1,0,1,0,0,1,0,0,0,0,249,0,0,0,0,11,0.175210018629011
0,0,0,1,0,1,0,0,1,0,0,0,0,246,0,0,0,0,2,0.0469051485823969
0,0,0,1,0,1,0,1,0,0,0,0,0,231,0,0,0,8,0,0.146614081370954
0,0,0,1,0,1,0,1,0,0,0,0,0,195,0,0,0,20,0,0.309477286774126
0,0,0,1,0,1,0,1,0,0,0,0,0,238,0,0,0,43,0,0.427920415566364
0,0,0,1,0,1,0,1,1,0,0,0,0,203,0,2,0,8,3,0.283155827563583
0,0,0,1,0,1,0,1,1,0,0,0,0,161,0,0,0,6,3,0.240783752086314
0,0,0,1,0,1,0,1,1,0,0,0,0,227,0,0,0,8,12,0.335630983999746
0,0,0,1,0,1,1,0,0,0,0,0,0,224,0,1,62,0,0,0.544182398727131
0,0,0,1,0,1,1,0,0,0,0,0,0,159,0,0,10,0,0,0.224682033958829
0,0,0,1,0,1,1,0,0,0,0,0,0,261,0,0,5,0,0,0.0933195573779642
0,0,0,1,0,1,1,0,1,0,0,0,0,164,0,0,21,0,5,0.466180625226113
0,0,0,1,0,1,1,0,1,0,0,0,0,152,0,0,9,0,4,0.324430093239129
0,0,0,1,0,1,1,0,1,0,0,0,0,155,0,1,6,0,0,0.195735533146881
0,0,0,1,0,1,1,1,0,0,0,0,0,139,0,0,1,35,0,0.534334209024682
0,0,0,1,0,1,1,1,0,0,0,0,0,226,0,0,4,52,0,0.549528487086162
0,0,0,1,0,1,1,1,0,0,0,0,0,136,0,0,8,18,0,0.539551344888725
0,0,0,1,0,1,1,1,1,0,0,0,0,207,0,0,15,16,0,0.477081754434916
0,0,0,1,0,1,1,1,1,0,0,0,0,157,0,0,84,9,3,0.833428774875532
0,0,0,1,0,1,1,1,1,0,0,0,0,180,0,0,4,10,2,0.356229169966345
0,0,0,1,1,0,0,0,0,0,0,0,0,101,109,0,0,0,0,0.692421381365355
0,0,0,1,1,0,0,0,0,0,0,0,0,94,136,0,0,0,0,0.676380291560224
0,0,0,1,1,0,0,0,0,0,0,0,0,43,134,0,0,0,0,0.554442737273008
0,0,0,1,1,0,0,0,1,0,0,0,0,137,86,0,0,0,0,0.666762559279604
0,0,0,1,1,0,0,0,1,0,0,0,0,144,138,0,0,0,0,0.692920816715992
0,0,0,1,1,0,0,0,1,0,0,0,0,140,84,0,0,0,1,0.687129067679349
0,0,0,1,1,0,0,1,0,0,0,0,0,163,94,0,0,5,0,0.738580450986085
0,0,0,1,1,0,0,1,0,0,0,0,0,125,138,0,0,14,0,0.857060725215875
0,0,0,1,1,0,0,1,0,0,0,0,0,82,56,0,0,18,0,0.955001105974101
0,0,0,1,1,0,0,1,1,0,0,0,0,137,49,0,0,18,0,0.824182380667722
0,0,0,1,1,0,0,1,1,0,0,0,0,99,150,0,0,26,14,1.07068457087736
0,0,0,1,1,0,0,1,1,0,0,0,0,99,74,0,0,5,1,0.821660266049674
0,0,0,1,1,0,1,0,0,0,0,0,0,114,119,0,27,0,0,0.954412730325676
0,0,0,1,1,0,1,0,0,0,0,0,0,157,137,0,6,0,0,0.775054024344515
0,0,0,1,1,0,1,0,0,0,0,0,0,148,116,0,25,0,0,0.920835773554881
0,0,0,1,1,0,1,0,1,0,0,0,0,135,169,0,0,0,15,0.844232698622711
0,0,0,1,1,0,1,0,1,0,0,0,0,106,120,0,16,0,1,0.912053325375276
0,0,0,1,1,0,1,0,1,0,0,0,0,82,188,0,13,0,9,0.8859269867521
0,0,0,1,1,0,1,1,0,0,0,0,0,84,149,0,6,23,0,0.985735593568538
0,0,0,1,1,0,1,1,0,0,0,0,0,125,55,0,37,4,0,1.04028178494359
0,0,0,1,1,0,1,1,0,0,0,0,0,116,37,0,2,11,0,0.818110876922347
0,0,0,1,1,0,1,1,1,0,0,0,0,77,162,0,4,9,0,0.831080585801561
0,0,0,1,1,0,1,1,1,0,0,0,0,197,75,0,0,22,0,0.810771341996879
0,0,0,1,1,0,1,1,1,0,0,0,0,140,92,0,0,0,0,0.671588715399869
0,0,0,1,1,1,0,0,0,0,0,0,0,216,134,0,0,0,0,0.66544552804574
0,0,0,1,1,1,0,0,0,0,0,0,0,123,177,0,0,0,0,0.676858546734951
0,0,0,1,1,1,0,0,0,0,0,0,0,150,105,0,0,0,0,0.677494404448707
0,0,0,1,1,1,0,0,1,0,0,0,0,134,90,0,0,0,2,0.71841244226226
0,0,0,1,1,1,0,0,1,0,0,0,0,201,126,0,0,0,0,0.66660907977872
0,0,0,1,1,1,0,0,1,0,0,0,0,165,95,0,0,0,6,0.749474260995926
0,0,0,1,1,1,0,1,0,0,0,0,0,99,80,0,0,30,0,1.00015761374902
0,0,0,1,1,1,0,1,0,0,0,0,0,81,80,1,0,40,0,1.08020982380251
0,0,0,1,1,1,0,1,0,0,0,0,0,73,114,0,0,15,0,0.883758215533194
0,0,0,1,1,1,0,1,1,0,0,0,0,128,166,0,0,19,1,0.890812771726535
0,0,0,1,1,1,0,1,1,0,0,0,0,210,51,0,0,1,1,0.540155215753396
0,0,0,1,1,1,0,1,1,0,0,0,0,111,80,0,0,3,0,0.749219911714957
0,0,0,1,1,1,1,0,0,0,0,0,0,156,107,0,1,0,0,0.698031593985893
0,0,0,1,1,1,1,0,0,0,0,0,0,99,144,0,9,0,0,0.80583781172454
0,0,0,1,1,1,1,0,0,0,0,0,0,172,119,1,3,0,0,0.746702195125616
0,0,0,1,1,1,1,0,1,0,0,0,0,98,111,0,2,0,1,0.764742125537555
0,0,0,1,1,1,1,0,1,0,0,0,0,107,80,0,2,0,0,0.734122092189513
0,0,0,1,1,1,1,0,1,0,0,0,0,191,78,0,0,0,0,0.602118393584388
0,0,0,1,1,1,1,1,0,0,0,0,0,194,95,0,2,13,0,0.817970387036298
0,0,0,1,1,1,1,1,0,0,0,0,0,117,135,0,0,0,0,0.690593986477592
0,0,0,1,1,1,1,1,0,0,0,0,0,121,138,0,0,0,0,0.690991518962472
0,0,0,1,1,1,1,1,1,0,0,0,0,177,94,0,1,9,3,0.837991596397198
0,0,0,1,1,1,1,1,1,0,0,0,0,81,129,0,0,6,0,0.775200914598556
0,0,0,1,1,1,1,1,1,0,0,0,0,107,45,0,20,20,9,1.26899242315722
0,0,1,0,0,0,0,0,0,0,0,0,277,0,0,0,0,0,0,0
0,0,1,0,0,0,0,0,0,0,0,0,340,0,0,0,0,0,0,0
0,0,1,0,0,0,0,0,0,0,0,0,257,0,0,0,0,0,0,0
0,0,1,0,0,0,0,0,1,0,0,0,261,0,0,0,0,0,10,0.157965030321902
0,0,1,0,0,0,0,0,1,0,0,0,209,0,0,0,0,0,111,0.645490648899039
0,0,1,0,0,0,0,0,1,0,0,0,172,0,0,0,0,0,121,0.67792105260369
0,0,1,0,0,0,0,1,0,0,0,0,171,0,0,0,0,132,0,0.684840653881132
0,0,1,0,0,0,0,1,0,0,0,0,281,0,0,0,0,17,0,0.21876365787541
0,0,1,0,0,0,0,1,0,0,0,0,162,0,0,0,0,69,0,0.609759896128473
0,0,1,0,0,0,0,1,1,0,0,0,130,0,0,0,0,92,11,0.836614094559179
0,0,1,0,0,0,0,1,1,0,0,0,149,0,0,0,0,56,73,1.00815624509037
0,0,1,0,0,0,0,1,1,0,0,0,187,0,0,0,0,126,29,0.907207197012015
0,0,1,0,0,0,1,0,0,0,0,0,169,0,0,0,87,0,0,0.640931783757109
0,0,1,0,0,0,1,0,0,0,0,0,231,0,0,0,55,0,0,0.489551893622929
0,0,1,0,0,0,1,0,0,0,0,0,254,0,0,0,12,0,0,0.18386554329236
0,0,1,0,0,0,1,0,1,0,0,0,182,0,0,0,88,0,54,0.976607728025262
0,0,1,0,0,0,1,0,1,0,0,0,139,0,0,0,53,0,13,0.788074907087537
0,0,1,0,0,0,1,0,1,0,0,0,305,0,0,0,24,0,30,0.526764435163833
0,0,1,0,0,0,1,1,0,0,0,0,226,0,0,0,8,43,0,0.557562462346911
0,0,1,0,0,0,1,1,0,0,0,0,160,0,0,0,30,102,0,0.930825861027622
0,0,1,0,0,0,1,1,0,0,0,0,203,0,0,0,42,26,0,0.730261080282126
0,0,1,0,0,0,1,1,1,0,0,0,98,0,0,0,7,97,0,0.819677851520356
0,0,1,0,0,0,1,1,1,0,0,0,151,0,0,0,47,81,2,1.02660068880345
0,0,1,0,0,0,1,1,1,0,0,0,155,0,0,0,58,116,3,1.07034916539686
0,0,1,0,0,1,0,0,0,0,0,0,264,0,0,0,0,0,0,0
0,0,1,0,0,1,0,0,0,0,0,0,257,0,0,0,0,0,0,0
0,0,1,0,0,1,0,0,0,0,0,0,195,0,0,69,0,0,0,0.574478410960174
0,0,1,0,0,1,0,0,1,0,0,0,149,0,0,0,0,0,25,0.411584637102009
0,0,1,0,0,1,0,0,1,0,0,0,249,0,0,0,0,0,1,0.0260778329833977
0,0,1,0,0,1,0,0,1,0,0,0,176,0,0,0,0,0,0,0
0,0,1,0,0,1,0,1,0,0,0,0,160,0,0,0,0,57,0,0.575834069190314
0,0,1,0,0,1,0,1,0,0,0,0,130,0,0,1,0,89,0,0.701499748782424
0,0,1,0,0,1,0,1,0,0,0,0,96,0,0,0,0,131,0,0.68121312003531
0,0,1,0,0,1,0,1,1,0,0,0,167,0,0,0,0,40,1,0.518979691056339
0,0,1,0,0,1,0,1,1,0,0,0,204,0,0,0,0,66,42,0.876349932406067
0,0,1,0,0,1,0,1,1,0,0,0,97,0,0,0,0,63,3,0.749822044098179
0,0,1,0,0,1,1,0,0,0,0,0,160,0,0,0,120,0,0,0.682908104700472
0,0,1,0,0,1,1,0,0,0,0,0,177,0,0,2,85,0,0,0.66992579319039
0,0,1,0,0,1,1,0,0,0,0,0,199,0,0,0,39,0,0,0.446024605103281
0,0,1,0,0,1,1,0,1,0,0,0,234,0,0,0,47,0,13,0.612673577130944
0,0,1,0,0,1,1,0,1,0,0,0,191,0,0,0,48,0,18,0.720171163017336
0,0,1,0,0,1,1,0,1,0,0,0,274,0,0,1,4,0,15,0.29527013600758
0,0,1,0,0,1,1,1,0,0,0,0,159,0,0,1,7,54,0,0.714984974319224
0,0,1,0,0,1,1,1,0,0,0,0,140,0,0,0,15,37,0,0.746794044164906
0,0,1,0,0,1,1,1,0,0,0,0,203,0,0,0,14,53,0,0.687484596856305
0,0,1,0,0,1,1,1,1,0,0,0,234,0,0,0,20,15,0,0.475452868518883
0,0,1,0,0,1,1,1,1,0,0,0,207,0,0,1,31,38,18,0.939241935130652
0,0,1,0,0,1,1,1,1,0,0,0,165,0,0,0,22,119,28,1.10305309138192
0,0,1,0,1,0,0,0,0,0,0,0,18,0,320,0,0,0,0,0.207988468571368
0,0,1,0,1,0,0,0,0,0,0,0,47,0,347,0,0,0,0,0.365506655688967
0,0,1,0,1,0,0,0,0,0,0,0,79,0,256,0,0,0,0,0.546214692626073
0,0,1,0,1,0,0,0,1,0,0,0,116,0,219,0,0,0,13,0.780456753782658
0,0,1,0,1,0,0,0,1,0,0,0,77,0,224,0,0,0,11,0.70114876120998
0,0,1,0,1,0,0,0,1,0,0,0,37,0,217,0,0,0,4,0.488669406896053
0,0,1,0,1,0,0,1,0,0,0,0,34,0,230,0,0,15,0,0.572877545599797
0,0,1,0,1,0,0,1,0,0,0,0,13,0,182,0,0,33,0,0.622949540255447
0,0,1,0,1,0,0,1,0,0,0,0,65,0,185,0,0,51,0,0.930950439328121
0,0,1,0,1,0,0,1,1,0,0,0,8,0,143,0,0,48,10,0.867856673428329
0,0,1,0,1,0,0,1,1,0,0,0,4,0,215,0,0,56,5,0.6572923255433
0,0,1,0,1,0,0,1,1,0,0,0,9,0,208,0,0,29,41,0.851499722455145
0,0,1,0,1,0,1,0,0,0,0,0,36,0,191,0,4,0,0,0.517153277682807
0,0,1,0,1,0,1,0,0,0,0,0,92,0,151,0,6,0,0,0.760969517898709
0,0,1,0,1,0,1,0,0,0,0,0,61,0,159,0,75,0,0,1.00721033131334
0,0,1,0,1,0,1,0,1,0,0,0,28,0,191,0,7,0,25,0.782109442291528
0,0,1,0,1,0,1,0,1,0,0,0,92,0,194,0,4,0,17,0.867959030192303
0,0,1,0,1,0,1,0,1,0,0,0,38,0,171,0,12,0,4,0.736914626766673
0,0,1,0,1,0,1,1,0,0,0,0,30,0,188,0,25,49,0,1.02723975880588
0,0,1,0,1,0,1,1,0,0,0,0,17,0,246,0,7,45,0,0.713215915741924
0,0,1,0,1,0,1,1,0,0,0,0,40,0,242,0,4,36,0,0.77321624391902
0,0,1,0,1,0,1,1,1,0,0,0,30,0,119,0,20,24,29,1.32794254583996
0,0,1,0,1,0,1,1,1,0,0,0,37,0,209,0,13,33,1,0.905835023338311
0,0,1,0,1,0,1,1,1,0,0,0,43,0,179,0,10,25,1,0.925938612937262
0,0,1,0,1,1,0,0,0,0,0,0,86,0,168,0,0,0,0,0.640090896870705
0,0,1,0,1,1,0,0,0,0,0,0,67,0,306,0,0,0,0,0.470823870859303
0,0,1,0,1,1,0,0,0,0,0,0,90,0,323,0,0,0,0,0.52425977036868
0,0,1,0,1,1,0,0,1,0,0,0,50,0,197,0,0,0,2,0.546454586449001
0,0,1,0,1,1,0,0,1,0,0,0,79,0,231,0,0,0,1,0.587429981390073
0,0,1,0,1,1,0,0,1,0,0,0,96,0,221,0,0,0,3,0.66061093241146
0,0,1,0,1,1,0,1,0,0,0,0,3,0,216,0,0,52,0,0.547430089174837
0,0,1,0,1,1,0,1,0,0,0,0,53,0,164,0,0,2,0,0.602816661585675
0,0,1,0,1,1,0,1,0,0,0,0,19,0,225,0,0,17,0,0.496583403686247
0,0,1,0,1,1,0,1,1,0,0,0,10,0,287,0,0,29,26,0.665735334941512
0,0,1,0,1,1,0,1,1,0,0,0,17,0,330,0,0,36,0,0.488839468017854
0,0,1,0,1,1,0,1,1,0,0,0,51,0,153,0,0,17,0,0.79026796807459
0,0,1,0,1,1,1,0,0,0,0,0,38,0,220,2,36,0,0,0.774078000227229
0,0,1,0,1,1,1,0,0,0,0,0,46,0,159,0,17,0,0,0.761966124032321
0,0,1,0,1,1,1,0,0,0,0,0,4,0,216,0,50,0,0,0.553212833903314
0,0,1,0,1,1,1,0,1,0,0,0,20,0,335,0,6,0,15,0.453472963963356
0,0,1,0,1,1,1,0,1,0,0,0,42,0,184,0,26,0,1,0.785402084156321
0,0,1,0,1,1,1,0,1,0,0,0,85,0,142,0,3,0,8,0.845026269551731
0,0,1,0,1,1,1,1,0,0,0,0,29,0,215,0,2,50,0,0.793987157872768
0,0,1,0,1,1,1,1,0,0,0,0,43,0,156,0,33,8,0,0.97426632347706
0,0,1,0,1,1,1,1,0,0,0,0,44,0,154,0,6,22,0,0.903063603460987
0,0,1,0,1,1,1,1,1,0,0,0,78,0,183,0,5,16,8,0.972627833659093
0,0,1,0,1,1,1,1,1,0,0,0,5,0,118,0,19,29,4,0.992619846109979
0,0,1,0,1,1,1,1,1,0,0,0,69,0,122,0,0,8,1,0.823920123507502
0,0,1,1,0,0,0,0,0,0,0,0,15,173,0,0,0,0,0,0.278249415677561
0,0,1,1,0,0,0,0,0,0,0,0,2,209,0,0,0,0,0,0.0535920054108277
0,0,1,1,0,0,0,0,0,0,0,0,63,210,0,0,0,0,0,0.540204142388861
0,0,1,1,0,0,0,0,1,0,0,0,6,226,0,0,0,0,7,0.248794774967945
0,0,1,1,0,0,0,0,1,0,0,0,23,287,0,0,0,0,0,0.264353707513445
0,0,1,1,0,0,0,0,1,0,0,0,47,122,0,0,0,0,0,0.59115608333828
0,0,1,1,0,0,0,1,0,0,0,0,1,219,0,0,0,13,0,0.242664846369075
0,0,1,1,0,0,0,1,0,0,0,0,13,192,0,0,0,26,0,0.561491463487627
0,0,1,1,0,0,0,1,0,0,0,0,17,243,0,0,0,14,0,0.430918762609521
0,0,1,1,0,0,0,1,1,0,0,0,62,239,0,0,0,8,0,0.615565700464524
0,0,1,1,0,0,0,1,1,0,0,0,22,251,0,0,0,1,0,0.303304669541498
0,0,1,1,0,0,0,1,1,0,0,0,11,234,0,0,0,15,0,0.393209546357769
0,0,1,1,0,0,1,0,0,0,0,0,95,132,0,0,13,0,0,0.853586839465107
0,0,1,1,0,0,1,0,0,0,0,0,12,253,0,0,1,0,0,0.208434577783509
0,0,1,1,0,0,1,0,0,0,0,0,12,279,0,0,2,0,0,0.211526666058921
0,0,1,1,0,0,1,0,1,0,0,0,36,157,0,0,0,0,0,0.481149913132324
0,0,1,1,0,0,1,0,1,0,0,0,33,141,0,0,5,0,0,0.599636735260386
0,0,1,1,0,0,1,0,1,0,0,0,30,210,0,0,10,0,0,0.529643502540352
0,0,1,1,0,0,1,1,0,0,0,0,8,202,0,0,1,0,0,0.19116805191928
0,0,1,1,0,0,1,1,0,0,0,0,56,215,0,0,5,7,0,0.692176822257465
0,0,1,1,0,0,1,1,0,0,0,0,46,227,0,0,10,0,0,0.590298455464025
0,0,1,1,0,0,1,1,1,0,0,0,1,260,0,0,4,16,0,0.315636444905442
0,0,1,1,0,0,1,1,1,0,0,0,0,208,0,0,1,8,0,0.187070381598926
0,0,1,1,0,0,1,1,1,0,0,0,37,153,0,0,0,15,2,0.76620665742705
0,0,1,1,0,1,0,0,0,0,0,0,55,193,0,0,0,0,0,0.529144344364866
0,0,1,1,0,1,0,0,0,0,0,0,21,155,0,8,0,0,0,0.528515123651845
0,0,1,1,0,1,0,0,0,0,0,0,7,240,0,0,0,0,0,0.128923912962127
0,0,1,1,0,1,0,0,1,0,0,0,34,207,0,0,0,0,3,0.468213778945312
0,0,1,1,0,1,0,0,1,0,0,0,0,166,0,0,0,0,1,0.0366167293797122
0,0,1,1,0,1,0,0,1,0,0,0,17,219,0,0,0,0,0,0.258868518251164
0,0,1,1,0,1,0,1,0,0,0,0,12,196,0,0,0,21,0,0.506803557271142
0,0,1,1,0,1,0,1,0,0,0,0,17,174,0,0,0,16,0,0.549135853805851
0,0,1,1,0,1,0,1,0,0,0,0,22,191,0,0,0,17,0,0.571332415098218
0,0,1,1,0,1,0,1,1,0,0,0,24,152,0,0,0,1,0,0.430934302647362
0,0,1,1,0,1,0,1,1,0,0,0,6,156,0,0,0,56,0,0.687486858075949
0,0,1,1,0,1,0,1,1,0,0,0,28,190,0,0,0,11,0,0.557682055972667
0,0,1,1,0,1,1,0,0,0,0,0,22,182,0,0,3,0,0,0.412776822792596
0,0,1,1,0,1,1,0,0,0,0,0,47,243,0,0,1,0,0,0.464488669191678
0,0,1,1,0,1,1,0,0,0,0,0,83,125,0,0,0,0,0,0.672619870038312
0,0,1,1,0,1,1,0,1,0,0,0,47,197,0,0,1,0,0,0.514531386700823
0,0,1,1,0,1,1,0,1,0,0,0,31,212,0,0,11,0,0,0.543528197844173
0,0,1,1,0,1,1,0,1,0,0,0,18,191,0,0,0,0,2,0.344288414233616
0,0,1,1,0,1,1,1,0,0,0,0,64,244,0,0,2,7,0,0.640651837880223
0,0,1,1,0,1,1,1,0,0,0,0,38,164,0,0,17,30,0,1.00015604292418
0,0,1,1,0,1,1,1,0,0,0,0,2,167,0,0,1,14,0,0.361468020384357
0,0,1,1,0,1,1,1,1,0,0,0,42,217,0,0,0,1,0,0.466759132222523
0,0,1,1,0,1,1,1,1,0,0,0,32,160,0,0,0,21,2,0.774114191475033
0,0,1,1,0,1,1,1,1,0,0,0,6,125,0,0,7,11,0,0.612751721903008
0,0,1,1,1,0,0,0,0,0,0,0,29,92,172,0,0,0,0,0.90534264939238
0,0,1,1,1,0,0,0,0,0,0,0,9,114,124,0,0,0,0,0.823491338862702
0,0,1,1,1,0,0,0,0,0,0,0,23,136,99,0,0,0,0,0.920578590387517
0,0,1,1,1,0,0,0,1,0,0,0,3,99,87,0,0,0,0,0.761605701026428
0,0,1,1,1,0,0,0,1,0,0,0,18,52,188,0,0,0,1,0.76168345158218
0,0,1,1,1,0,0,0,1,0,0,0,2,150,143,0,0,0,1,0.748912256341881
0,0,1,1,1,0,0,1,0,0,0,0,13,112,89,0,0,8,0,0.997540514882866
0,0,1,1,1,0,0,1,0,0,0,0,4,132,81,0,0,1,0,0.769699591438868
0,0,1,1,1,0,0,1,0,0,0,0,0,107,69,0,0,0,0,0.669654255807272
0,0,1,1,1,0,0,1,1,0,0,0,6,113,190,0,0,10,0,0.859530272156959
0,0,1,1,1,0,0,1,1,0,0,0,0,136,79,0,0,4,1,0.762479263400192
0,0,1,1,1,0,0,1,1,0,0,0,0,95,121,0,0,2,4,0.808801559688241
0,0,1,1,1,0,1,0,0,0,0,0,0,246,115,0,0,0,0,0.625778920656607
0,0,1,1,1,0,1,0,0,0,0,0,6,216,98,0,0,0,0,0.702266290216072
0,0,1,1,1,0,1,0,0,0,0,0,5,154,64,0,0,0,0,0.699071288639991
0,0,1,1,1,0,1,0,1,0,0,0,46,153,114,0,0,0,0,0.999554215049695
0,0,1,1,1,0,1,0,1,0,0,0,14,148,99,0,3,0,0,0.898877432081803
0,0,1,1,1,0,1,0,1,0,0,0,13,137,87,0,0,0,0,0.843943116627106
0,0,1,1,1,0,1,1,0,0,0,0,6,164,58,0,4,24,0,0.996533636030111
0,0,1,1,1,0,1,1,0,0,0,0,0,139,218,0,3,8,0,0.80035693384113
0,0,1,1,1,0,1,1,0,0,0,0,5,197,69,0,18,0,0,0.846293938690646
0,0,1,1,1,0,1,1,1,0,0,0,9,99,64,0,3,8,0,1.05215406052551
0,0,1,1,1,0,1,1,1,0,0,0,13,142,132,0,0,0,0,0.845539227579203
0,0,1,1,1,0,1,1,1,0,0,0,5,96,99,0,0,4,3,0.936668090768311
0,0,1,1,1,1,0,0,0,0,0,0,9,125,48,0,0,0,0,0.758227088821892
0,0,1,1,1,1,0,0,0,0,0,0,25,57,158,0,0,0,0,0.852239618731428
0,0,1,1,1,1,0,0,0,0,0,0,10,135,175,0,0,0,0,0.802460084994574
0,0,1,1,1,1,0,0,1,0,0,0,24,108,108,0,0,0,0,0.948915435895399
0,0,1,1,1,1,0,0,1,0,0,0,0,171,105,0,0,0,5,0.741779955843834
0,0,1,1,1,1,0,0,1,0,0,0,4,218,109,0,0,0,1,0.712598763207219
0,0,1,1,1,1,0,1,0,0,0,0,34,150,133,0,0,5,0,1.02313795682686
0,0,1,1,1,1,0,1,0,0,0,0,2,144,103,0,0,28,0,0.975215262242854
0,0,1,1,1,1,0,1,0,0,0,0,67,162,91,0,0,2,0,1.06095054783946
0,0,1,1,1,1,0,1,1,0,0,0,13,124,117,0,0,12,19,1.18232487656696
0,0,1,1,1,1,0,1,1,0,0,0,21,121,109,0,0,12,0,1.06492427487803
0,0,1,1,1,1,0,1,1,0,0,0,0,87,121,0,0,17,0,0.896148005808375
0,0,1,1,1,1,1,0,0,0,0,0,2,144,103,0,5,0,0,0.803225271546541
0,0,1,1,1,1,1,0,0,0,0,0,1,170,56,0,0,0,0,0.585719052813064
0,0,1,1,1,1,1,0,0,0,0,0,11,139,60,0,10,0,0,0.934740049219567
0,0,1,1,1,1,1,0,1,0,0,0,15,174,40,0,16,0,2,0.928014785367349
0,0,1,1,1,1,1,0,1,0,0,0,4,148,47,0,1,0,0,0.66786971033833
0,0,1,1,1,1,1,0,1,0,0,0,0,222,55,0,8,0,3,0.663901198320408
0,0,1,1,1,1,1,1,0,0,0,0,0,139,97,0,0,24,0,0.92255804044497
0,0,1,1,1,1,1,1,0,0,0,0,2,161,116,0,6,0,0,0.804561404453475
0,0,1,1,1,1,1,1,0,0,0,0,3,153,67,1,0,7,0,0.817791669908682
0,0,1,1,1,1,1,1,1,0,0,0,0,161,92,0,0,0,0,0.655481773901393
0,0,1,1,1,1,1,1,1,0,0,0,3,89,53,0,5,0,3,0.948392355257781
0,0,1,1,1,1,1,1,1,0,0,0,42,42,154,0,0,1,0,0.917237825121879
0,1,0,0,0,0,0,0,0,0,0,180,0,0,0,0,0,0,0,0
0,1,0,0,0,0,0,0,0,0,0,210,0,0,0,0,0,0,0,0
0,1,0,0,0,0,0,0,0,0,0,161,0,0,0,0,0,0,0,0
0,1,0,0,0,0,0,0,1,0,0,4,0,0,0,0,0,0,280,0.0740225961475812
0,1,0,0,0,0,0,0,1,0,0,3,0,0,0,0,0,0,260,0.0623705305426256
0,1,0,0,0,0,0,0,1,0,0,7,0,0,0,0,0,0,409,0.0854187461629626
0,1,0,0,0,0,0,1,0,0,0,0,0,0,0,0,0,292,0,0
0,1,0,0,0,0,0,1,0,0,0,0,0,0,0,0,0,254,0,0
0,1,0,0,0,0,0,1,0,0,0,6,0,0,0,0,0,209,0,0.12738958405318
0,1,0,0,0,0,0,1,1,0,0,7,0,0,0,0,0,218,25,0.449808156449792
0,1,0,0,0,0,0,1,1,0,0,0,0,0,0,0,0,181,37,0.455449533307663
0,1,0,0,0,0,0,1,1,0,0,1,0,0,0,0,0,121,70,0.68621764827434
0,1,0,0,0,0,1,0,0,0,0,0,0,0,0,0,386,0,0,0
0,1,0,0,0,0,1,0,0,0,0,5,0,0,0,0,538,0,0,0.0523301395854814
0,1,0,0,0,0,1,0,0,0,0,4,0,0,0,0,290,0,0,0.0719789336351773
0,1,0,0,0,0,1,0,1,0,0,5,0,0,0,0,258,0,93,0.643912429348658
0,1,0,0,0,0,1,0,1,0,0,5,0,0,0,0,182,0,97,0.723187718707067
0,1,0,0,0,0,1,0,1,0,0,4,0,0,0,0,197,0,171,0.742655197908044
0,1,0,0,0,0,1,1,0,0,0,0,0,0,0,0,79,158,0,0.636514168294813
0,1,0,0,0,0,1,1,0,0,0,3,0,0,0,0,153,123,0,0.739270869456296
0,1,0,0,0,0,1,1,0,0,0,3,0,0,0,0,121,133,0,0.747508275802989
0,1,0,0,0,0,1,1,1,0,0,0,0,0,0,0,47,209,42,0.816264896207016
0,1,0,0,0,0,1,1,1,0,0,0,0,0,0,0,108,222,28,0.857163495925931
0,1,0,0,0,0,1,1,1,0,0,0,0,0,0,0,51,167,24,0.813312247351358
0,1,0,0,0,1,0,0,0,0,0,42,0,0,0,141,0,0,0,0.538681406878453
0,1,0,0,0,1,0,0,0,0,0,33,0,0,0,209,0,0,0,0.398307113805284
0,1,0,0,0,1,0,0,0,0,0,42,0,0,0,204,0,0,0,0.45704453303756
0,1,0,0,0,1,0,0,1,0,0,0,0,0,0,29,0,0,333,0.279039161458104
0,1,0,0,0,1,0,0,1,0,0,16,0,0,0,20,0,0,243,0.473183123188141
0,1,0,0,0,1,0,0,1,0,0,23,0,0,0,35,0,0,150,0.779130179542961
0,1,0,0,0,1,0,1,0,0,0,0,0,0,0,1,0,159,0,0.0379502642774718
0,1,0,0,0,1,0,1,0,0,0,0,0,0,0,0,0,182,0,0
0,1,0,0,0,1,0,1,0,0,0,0,0,0,0,64,0,248,0,0.507429962219949
0,1,0,0,0,1,0,1,1,0,0,0,0,0,0,0,0,238,5,0.10027292525009
0,1,0,0,0,1,0,1,1,0,0,0,0,0,0,0,0,269,37,0.368744174237574
0,1,0,0,0,1,0,1,1,0,0,4,0,0,0,0,0,352,85,0.539909483028055
0,1,0,0,0,1,1,0,0,0,0,3,0,0,0,48,315,0,0,0.434945173238368
0,1,0,0,0,1,1,0,0,0,0,0,0,0,0,13,371,0,0,0.147894357602418
0,1,0,0,0,1,1,0,0,0,0,6,0,0,0,2,478,0,0,0.0931823249140654
0,1,0,0,0,1,1,0,1,0,0,3,0,0,0,0,239,0,89,0.630942355184326
0,1,0,0,0,1,1,0,1,0,0,2,0,0,0,1,248,0,32,0.417107066195793
0,1,0,0,0,1,1,0,1,0,0,0,0,0,0,2,147,0,55,0.634868965386471
0,1,0,0,0,1,1,1,0,0,0,0,0,0,0,1,107,133,0,0.711315110499297
0,1,0,0,0,1,1,1,0,0,0,0,0,0,0,4,118,180,0,0.73288332104485
0,1,0,0,0,1,1,1,0,0,0,14,0,0,0,0,109,212,0,0.787563331801016
0,1,0,0,0,1,1,1,1,0,0,1,0,0,0,0,93,186,47,0.97504405024196
0,1,0,0,0,1,1,1,1,0,0,2,0,0,0,0,165,109,37,0.989563639468177
0,1,0,0,0,1,1,1,1,0,0,7,0,0,0,0,127,130,83,1.15659745997576
0,1,0,0,1,0,0,0,0,0,0,8,0,0,351,0,0,0,0,0.106800113363049
0,1,0,0,1,0,0,0,0,0,0,0,0,0,263,0,0,0,0,0
0,1,0,0,1,0,0,0,0,0,0,0,0,0,270,0,0,0,0,0
0,1,0,0,1,0,0,0,1,0,0,0,0,0,169,0,0,0,29,0.416527324171267
0,1,0,0,1,0,0,0,1,0,0,0,0,0,236,0,0,0,34,0.378568018913214
0,1,0,0,1,0,0,0,1,0,0,0,0,0,282,0,0,0,48,0.414742828617717
0,1,0,0,1,0,0,1,0,0,0,0,0,0,197,0,0,83,0,0.607807799567459
0,1,0,0,1,0,0,1,0,0,0,0,0,0,169,0,0,25,0,0.384225280487532
0,1,0,0,1,0,0,1,0,0,0,0,0,0,220,0,0,89,0,0.600374619604283
0,1,0,0,1,0,0,1,1,0,0,0,0,0,260,0,0,26,0,0.304636097349238
0,1,0,0,1,0,0,1,1,0,0,0,0,0,255,0,0,120,6,0.697991579943991
0,1,0,0,1,0,0,1,1,0,0,0,0,0,249,0,0,53,4,0.528106604950896
0,1,0,0,1,0,1,0,0,0,0,0,0,0,223,0,56,0,0,0.501394578535434
0,1,0,0,1,0,1,0,0,0,0,0,0,0,346,0,70,0,0,0.453131214315524
0,1,0,0,1,0,1,0,0,0,0,0,0,0,183,0,167,0,0,0.69210191835895
0,1,0,0,1,0,1,0,1,0,0,0,0,0,275,0,30,0,5,0.398845965639378
0,1,0,0,1,0,1,0,1,0,0,6,0,0,195,0,120,0,11,0.865793619910686
0,1,0,0,1,0,1,0,1,0,0,0,0,0,193,0,154,0,2,0.718177361768439
0,1,0,0,1,0,1,1,0,0,0,0,0,0,227,0,13,58,0,0.662483787757181
0,1,0,0,1,0,1,1,0,0,0,0,0,0,289,0,4,42,0,0.440624220550816
0,1,0,0,1,0,1,1,0,0,0,0,0,0,170,0,1,14,0,0.301261030953146
0,1,0,0,1,0,1,1,1,0,0,0,0,0,166,0,19,8,0,0.489789433439667
0,1,0,0,1,0,1,1,1,0,0,2,0,0,246,0,0,53,1,0.524588197445255
0,1,0,0,1,0,1,1,1,0,0,2,0,0,212,0,15,59,34,0.99792327027886
0,1,0,0,1,1,0,0,0,0,0,0,0,0,277,5,0,0,0,0.089070054001719
0,1,0,0,1,1,0,0,0,0,0,0,0,0,210,0,0,0,0,0
0,1,0,0,1,1,0,0,0,0,0,0,0,0,155,20,0,0,0,0.355382896246011
0,1,0,0,1,1,0,0,1,0,0,0,0,0,391,0,0,0,91,0.484473427230452
0,1,0,0,1,1,0,0,1,0,0,0,0,0,289,0,0,0,0,0
0,1,0,0,1,1,0,0,1,0,0,0,0,0,349,0,0,0,27,0.258292078946373
0,1,0,0,1,1,0,1,0,0,0,0,0,0,156,0,0,32,0,0.456223420167614
0,1,0,0,1,1,0,1,0,0,0,0,0,0,167,0,0,104,0,0.665876679978222
0,1,0,0,1,1,0,1,0,0,0,0,0,0,242,0,0,109,0,0.619533092716878
0,1,0,0,1,1,0,1,1,0,0,2,0,0,349,0,0,122,42,0.830809450886793
0,1,0,0,1,1,0,1,1,0,0,0,0,0,187,0,0,39,2,0.506176725831705
0,1,0,0,1,1,0,1,1,0,0,0,0,0,227,0,0,71,15,0.71510198205854
0,1,0,0,1,1,1,0,0,0,0,12,0,0,239,0,36,0,0,0.545543712297924
0,1,0,0,1,1,1,0,0,0,0,0,0,0,222,0,32,0,0,0.37868100849398
0,1,0,0,1,1,1,0,0,0,0,3,0,0,292,0,34,0,0,0.383279012269043
0,1,0,0,1,1,1,0,1,0,0,5,0,0,314,0,20,0,42,0.614050407734724
0,1,0,0,1,1,1,0,1,0,0,0,0,0,162,0,8,0,20,0.506283103149093
0,1,0,0,1,1,1,0,1,0,0,0,0,0,187,0,20,0,22,0.603438637629478
0,1,0,0,1,1,1,1,0,0,0,0,0,0,231,0,21,102,0,0.804662197659984
0,1,0,0,1,1,1,1,0,0,0,0,0,0,171,0,15,96,0,0.826223923564354
0,1,0,0,1,1,1,1,0,0,0,0,0,0,264,0,2,40,0,0.426225507977528
0,1,0,0,1,1,1,1,1,0,0,0,0,0,212,0,4,15,0,0.32656394129461
0,1,0,0,1,1,1,1,1,0,0,0,0,0,214,4,19,62,4,0.858168796992559
0,1,0,0,1,1,1,1,1,0,0,0,0,0,156,0,18,46,1,0.801231782913422
0,1,0,1,0,0,0,0,0,0,0,1,0,200,0,0,0,0,0,0.0313473294043129
0,1,0,1,0,0,0,0,0,0,0,0,0,240,0,0,0,0,0,0
0,1,0,1,0,0,0,0,0,0,0,0,0,227,0,0,0,0,0,0
0,1,0,1,0,0,0,0,1,0,0,0,0,287,0,0,0,0,0,0
0,1,0,1,0,0,0,0,1,0,0,0,0,238,0,0,0,0,13,0.203760660323772
0,1,0,1,0,0,0,0,1,0,0,0,0,155,0,0,0,0,7,0.178014457665283
0,1,0,1,0,0,0,1,0,0,0,0,0,196,0,0,0,13,0,0.232981070834757
0,1,0,1,0,0,0,1,0,0,0,0,0,273,0,0,0,39,0,0.376770161256437
0,1,0,1,0,0,0,1,0,0,0,0,0,277,0,0,0,6,0,0.102678678458569
0,1,0,1,0,0,0,1,1,0,0,0,0,216,0,0,0,13,0,0.217981926232058
0,1,0,1,0,0,0,1,1,0,0,0,0,284,0,0,0,2,0,0.0416737059285854
0,1,0,1,0,0,0,1,1,0,0,1,0,160,0,0,0,7,0,0.209385518208024
0,1,0,1,0,0,1,0,0,0,0,1,0,239,0,0,67,0,0,0.545775453089393
0,1,0,1,0,0,1,0,0,0,0,0,0,283,0,0,5,0,0,0.087583182930367
0,1,0,1,0,0,1,0,0,0,0,0,0,214,0,0,13,0,0,0.21938522073393
0,1,0,1,0,0,1,0,1,0,0,0,0,263,0,0,27,0,0,0.30965986834304
0,1,0,1,0,0,1,0,1,0,0,0,0,243,0,0,45,0,0,0.433398873290746
0,1,0,1,0,0,1,0,1,0,0,0,0,239,0,0,14,0,0,0.213936557793747
0,1,0,1,0,0,1,1,0,0,0,0,0,197,0,0,4,10,0,0.283791010557565
0,1,0,1,0,0,1,1,0,0,0,0,0,196,0,0,2,14,0,0.296003396441282
0,1,0,1,0,0,1,1,0,0,0,0,0,190,0,0,0,24,0,0.350985988672118
0,1,0,1,0,0,1,1,1,0,0,0,0,264,0,0,6,20,1,0.371894519690133
0,1,0,1,0,0,1,1,1,0,0,0,0,245,0,0,1,23,7,0.426393620814194
0,1,0,1,0,0,1,1,1,0,0,0,0,152,0,0,26,25,1,0.76511879394766
0,1,0,1,0,1,0,0,0,0,0,0,0,178,0,0,0,0,0,0
0,1,0,1,0,1,0,0,0,0,0,0,0,231,0,0,0,0,0,0
0,1,0,1,0,1,0,0,0,0,0,0,0,252,0,0,0,0,0,0
0,1,0,1,0,1,0,0,1,0,0,1,0,281,0,0,0,0,2,0.0652983351897185
0,1,0,1,0,1,0,0,1,0,0,0,0,174,0,22,0,0,15,0.582667095306663
0,1,0,1,0,1,0,0,1,0,0,0,0,242,0,0,0,0,2,0.0475402577069806
0,1,0,1,0,1,0,1,0,0,0,0,0,230,0,0,0,15,0,0.230323540875878
0,1,0,1,0,1,0,1,0,0,0,0,0,232,0,0,0,27,0,0.334315839272122
0,1,0,1,0,1,0,1,0,0,0,0,0,215,0,0,0,8,0,0.154603572442692
0,1,0,1,0,1,0,1,1,0,0,0,0,288,0,0,0,3,0,0.0574179230300603
0,1,0,1,0,1,0,1,1,0,0,0,0,183,0,0,0,26,3,0.44459423304681
0,1,0,1,0,1,0,1,1,0,0,0,0,246,0,0,0,3,0,0.0652143635114322
0,1,0,1,0,1,1,0,0,0,0,1,0,182,0,0,4,0,0,0.136593138285302
0,1,0,1,0,1,1,0,0,0,0,0,0,298,0,0,5,0,0,0.084092381282369
0,1,0,1,0,1,1,0,0,0,0,0,0,225,0,0,49,0,0,0.469617941777066
0,1,0,1,0,1,1,0,1,0,0,0,0,125,0,6,17,0,1,0.557943615830616
0,1,0,1,0,1,1,0,1,0,0,0,0,203,0,0,2,0,2,0.10878931274497
0,1,0,1,0,1,1,0,1,0,0,0,0,155,0,0,122,0,7,0.784738915543855
0,1,0,1,0,1,1,1,0,0,0,0,0,260,0,0,81,26,0,0.765203494972654
0,1,0,1,0,1,1,1,0,0,0,0,0,178,0,1,4,15,0,0.396734695275324
0,1,0,1,0,1,1,1,0,0,0,0,0,270,0,0,0,2,0,0.0434483041979051
0,1,0,1,0,1,1,1,1,0,0,0,0,274,0,0,0,9,0,0.140951765677311
0,1,0,1,0,1,1,1,1,0,0,0,0,189,0,0,0,18,0,0.295439191872116
0,1,0,1,0,1,1,1,1,0,0,0,0,121,0,0,9,95,1,0.851136849204662
0,1,0,1,1,0,0,0,0,0,0,0,0,159,104,0,0,0,0,0.67111820836134
0,1,0,1,1,0,0,0,0,0,0,1,0,206,119,0,0,0,0,0.675675950535647
0,1,0,1,1,0,0,0,0,0,0,0,0,66,117,0,0,0,0,0.653794549862833
0,1,0,1,1,0,0,0,1,0,0,0,0,116,152,0,0,0,0,0.684097796417676
0,1,0,1,1,0,0,0,1,0,0,0,0,130,86,0,0,0,1,0.698545528485034
0,1,0,1,1,0,0,0,1,0,0,0,0,100,122,0,0,0,10,0.836248419139556
0,1,0,1,1,0,0,1,0,0,0,0,0,139,92,0,0,6,0,0.773347134345907
0,1,0,1,1,0,0,1,0,0,0,0,0,91,54,0,0,16,0,0.918331239746322
0,1,0,1,1,0,0,1,0,0,0,0,0,112,56,0,0,1,0,0.669001861276807
0,1,0,1,1,0,0,1,1,0,0,0,0,132,60,0,0,27,0,0.917938748552374
0,1,0,1,1,0,0,1,1,0,0,0,0,151,148,0,0,6,2,0.810451907024882
0,1,0,1,1,0,0,1,1,0,0,0,0,132,85,0,0,9,0,0.810224239187756
0,1,0,1,1,0,1,0,0,0,0,0,0,107,38,0,14,0,0,0.822566076612431
0,1,0,1,1,0,1,0,0,0,0,0,0,150,129,0,4,0,0,0.75478869368008
0,1,0,1,1,0,1,0,0,0,0,0,0,173,79,0,0,0,0,0.621866285158207
0,1,0,1,1,0,1,0,1,0,0,0,0,223,88,0,0,0,0,0.59572556584583
0,1,0,1,1,0,1,0,1,0,0,0,0,149,99,0,0,0,0,0.672683323789185
0,1,0,1,1,0,1,0,1,0,0,1,0,172,44,0,0,0,0,0.532554524488306
0,1,0,1,1,0,1,1,0,0,0,0,0,188,130,0,0,15,0,0.829609995722818
0,1,0,1,1,0,1,1,0,0,0,0,0,172,116,0,5,4,0,0.810304936153197
0,1,0,1,1,0,1,1,0,0,0,0,0,71,72,0,3,23,0,1.07083104822802
0,1,0,1,1,0,1,1,1,0,0,0,0,155,84,0,2,3,0,0.748800866881539
0,1,0,1,1,0,1,1,1,0,0,0,0,153,213,0,2,22,0,0.886655811933556
0,1,0,1,1,0,1,1,1,0,0,0,0,119,43,0,7,0,0,0.72712550960661
0,1,0,1,1,1,0,0,0,0,0,0,0,102,80,1,0,0,0,0.715992394759966
0,1,0,1,1,1,0,0,0,0,0,0,0,156,58,1,0,0,0,0.611181136301523
0,1,0,1,1,1,0,0,0,0,0,0,0,84,57,0,0,0,0,0.674699370027759
0,1,0,1,1,1,0,0,1,0,0,0,0,225,105,0,0,0,3,0.67125280791276
0,1,0,1,1,1,0,0,1,0,0,0,0,109,100,0,0,0,6,0.800291541722295
0,1,0,1,1,1,0,0,1,0,0,0,0,215,50,7,0,0,16,0.773130213059285
0,1,0,1,1,1,0,1,0,0,0,0,0,164,72,0,0,8,0,0.739243688138435
0,1,0,1,1,1,0,1,0,0,0,0,0,71,88,0,0,10,0,0.871426751171854
0,1,0,1,1,1,0,1,0,0,0,0,0,149,108,0,0,5,0,0.761835489724991
0,1,0,1,1,1,0,1,1,0,0,0,0,144,47,0,0,32,1,0.913817474583129
0,1,0,1,1,1,0,1,1,0,0,0,0,141,168,0,0,40,7,1.04409465700087
0,1,0,1,1,1,0,1,1,0,0,0,0,188,132,0,0,9,0,0.784641446846049
0,1,0,1,1,1,1,0,0,0,0,0,0,136,115,0,37,0,0,0.984515264893886
0,1,0,1,1,1,1,0,0,0,0,0,0,111,91,0,23,0,0,0.947822915959652
0,1,0,1,1,1,1,0,0,0,0,0,0,106,88,0,11,0,0,0.86102445889088
0,1,0,1,1,1,1,0,1,0,0,0,0,112,53,0,58,0,2,1.07925891786609
0,1,0,1,1,1,1,0,1,0,0,0,0,114,179,0,6,0,0,0.75322203767886
0,1,0,1,1,1,1,0,1,0,0,0,0,132,102,6,29,0,2,1.07789184308453
0,1,0,1,1,1,1,1,0,0,0,0,0,65,82,0,0,10,0,0.879736240069164
0,1,0,1,1,1,1,1,0,0,0,0,0,81,97,2,6,10,0,1.01862461560947
0,1,0,1,1,1,1,1,0,0,0,0,0,150,193,14,0,3,0,0.865167531300991
0,1,0,1,1,1,1,1,1,0,0,0,0,75,122,0,15,35,0,1.15732310933509
0,1,0,1,1,1,1,1,1,0,0,0,0,123,94,0,0,0,0,0.684190509097198
0,1,0,1,1,1,1,1,1,0,0,0,0,126,111,0,0,0,0,0.691142957077936
0,1,1,0,0,0,0,0,0,0,0,3,221,0,0,0,0,0,0,0.0710666147950947
0,1,1,0,0,0,0,0,0,0,0,40,202,0,0,0,0,0,0,0.448337506984782
0,1,1,0,0,0,0,0,0,0,0,0,304,0,0,0,0,0,0,0
0,1,1,0,0,0,0,0,1,0,0,3,241,0,0,0,0,0,4,0.147795378093483
0,1,1,0,0,0,0,0,1,0,0,3,174,0,0,0,0,0,123,0.727548692522402
0,1,1,0,0,0,0,0,1,0,0,0,232,0,0,0,0,0,28,0.341663182894414
0,1,1,0,0,0,0,1,0,0,0,0,203,0,0,0,0,93,0,0.622411594159413
0,1,1,0,0,0,0,1,0,0,0,0,194,0,0,0,0,67,0,0.569582137753803
0,1,1,0,0,0,0,1,0,0,0,5,194,0,0,0,0,107,0,0.723570861076956
0,1,1,0,0,0,0,1,1,0,0,0,229,0,0,0,0,118,4,0.69609020652755
0,1,1,0,0,0,0,1,1,0,0,4,174,0,0,0,0,61,8,0.77003757729268
0,1,1,0,0,0,0,1,1,0,0,3,120,0,0,0,0,68,2,0.775085710599471
0,1,1,0,0,0,1,0,0,0,0,2,159,0,0,0,130,0,0,0.724451992005299
0,1,1,0,0,0,1,0,0,0,0,0,200,0,0,0,80,0,0,0.598269588585257
0,1,1,0,0,0,1,0,0,0,0,0,130,0,0,0,212,0,0,0.664121354636604
0,1,1,0,0,0,1,0,1,0,0,0,254,0,0,0,121,0,2,0.658611621928027
0,1,1,0,0,0,1,0,1,0,0,0,214,0,0,0,105,0,0,0.633577610680719
0,1,1,0,0,0,1,0,1,0,0,1,230,0,0,0,37,0,9,0.554930051255219
0,1,1,0,0,0,1,1,0,0,0,0,136,0,0,0,67,77,0,1.04797357659057
0,1,1,0,0,0,1,1,0,0,0,0,225,0,0,0,6,97,0,0.692037656475025
0,1,1,0,0,0,1,1,0,0,0,0,234,0,0,0,17,61,0,0.693410003331182
0,1,1,0,0,0,1,1,1,0,0,10,167,0,0,0,25,66,5,1.05721129789134
0,1,1,0,0,0,1,1,1,0,0,0,174,0,0,0,21,50,0,0.77794497165931
0,1,1,0,0,0,1,1,1,0,0,0,120,0,0,0,41,40,54,1.26786832732411
0,1,1,0,0,1,0,0,0,0,0,0,276,0,0,0,0,0,0,0
0,1,1,0,0,1,0,0,0,0,0,0,239,0,0,17,0,0,0,0.244242226664771
0,1,1,0,0,1,0,0,0,0,0,0,239,0,0,0,0,0,0,0
0,1,1,0,0,1,0,0,1,0,0,4,241,0,0,1,0,0,54,0.561161218222207
0,1,1,0,0,1,0,0,1,0,0,6,147,0,0,0,0,0,39,0.63654197999185
0,1,1,0,0,1,0,0,1,0,0,6,309,0,0,3,0,0,4,0.211837180056037
0,1,1,0,0,1,0,1,0,0,0,0,94,0,0,0,0,108,0,0.690743528773501
0,1,1,0,0,1,0,1,0,0,0,0,147,0,0,0,0,57,0,0.592396893241061
0,1,1,0,0,1,0,1,0,0,0,4,164,0,0,0,0,63,0,0.667782388572379
0,1,1,0,0,1,0,1,1,0,0,0,117,0,0,0,0,91,1,0.71236982390562
0,1,1,0,0,1,0,1,1,0,0,0,216,0,0,0,0,54,6,0.594256549088096
0,1,1,0,0,1,0,1,1,0,0,9,118,0,0,0,0,72,12,0.989513833714993
0,1,1,0,0,1,1,0,0,0,0,3,190,0,0,0,95,0,0,0.68779132986321
0,1,1,0,0,1,1,0,0,0,0,0,289,0,0,0,6,0,0,0.0993554591199513
0,1,1,0,0,1,1,0,0,0,0,4,223,0,0,6,164,0,0,0.79886541555212
0,1,1,0,0,1,1,0,1,0,0,6,191,0,0,12,232,0,8,0.931004482553494
0,1,1,0,0,1,1,0,1,0,0,0,186,0,0,0,12,0,18,0.496415200507117
0,1,1,0,0,1,1,0,1,0,0,0,187,0,0,0,18,0,29,0.635254525342546
0,1,1,0,0,1,1,1,0,0,0,0,196,0,0,0,0,157,0,0.687031613168805
0,1,1,0,0,1,1,1,0,0,0,0,198,0,0,0,112,34,0,0.912022461153869
0,1,1,0,0,1,1,1,0,0,0,0,171,0,0,0,10,32,0,0.604701236218878
0,1,1,0,0,1,1,1,1,0,0,0,172,0,0,0,25,82,0,0.874251481071231
0,1,1,0,0,1,1,1,1,0,0,2,177,0,0,0,11,66,11,0.917452006707381
0,1,1,0,0,1,1,1,1,0,0,0,115,0,0,0,139,25,6,1.01115049990369
0,1,1,0,1,0,0,0,0,0,0,0,81,0,172,0,0,0,0,0.626988573548147
0,1,1,0,1,0,0,0,0,0,0,0,23,0,273,0,0,0,0,0.273122403473167
0,1,1,0,1,0,0,0,0,0,0,0,102,0,213,0,0,0,0,0.629707691996734
0,1,1,0,1,0,0,0,1,0,0,0,29,0,220,0,0,0,2,0.403397426668648
0,1,1,0,1,0,0,0,1,0,0,0,61,0,167,0,0,0,1,0.606349635046947
0,1,1,0,1,0,0,0,1,0,0,0,84,0,198,0,0,0,28,0.857323234688024
0,1,1,0,1,0,0,1,0,0,0,0,41,0,150,0,0,39,0,0.887076469582451
0,1,1,0,1,0,0,1,0,0,0,0,58,0,271,0,0,35,0,0.737491567575695
0,1,1,0,1,0,0,1,0,0,0,1,38,0,166,0,0,40,0,0.871162597886171
0,1,1,0,1,0,0,1,1,0,0,0,80,0,250,0,0,24,5,0.826921715145679
0,1,1,0,1,0,0,1,1,0,0,1,56,0,201,0,0,19,2,0.797109214916976
0,1,1,0,1,0,0,1,1,0,0,0,46,0,212,0,0,24,16,0.890554875924357
0,1,1,0,1,0,1,0,0,0,0,0,16,0,151,0,43,0,0,0.758049055052167
0,1,1,0,1,0,1,0,0,0,0,0,40,0,180,0,53,0,0,0.874259770485114
0,1,1,0,1,0,1,0,0,0,0,0,86,0,204,0,5,0,0,0.6835260824951
0,1,1,0,1,0,1,0,1,0,0,0,79,0,193,0,12,0,0,0.752127524777426
0,1,1,0,1,0,1,0,1,0,0,0,38,0,197,0,15,0,1,0.666328789141666
0,1,1,0,1,0,1,0,1,0,0,0,57,0,173,0,0,0,1,0.585390142925754
0,1,1,0,1,0,1,1,0,0,0,0,37,0,141,0,10,24,0,0.966594528589705
0,1,1,0,1,0,1,1,0,0,0,0,44,0,89,0,3,43,0,1.1034728302017
0,1,1,0,1,0,1,1,0,0,0,0,50,0,222,0,21,46,0,1.00284965169389
0,1,1,0,1,0,1,1,1,0,0,0,25,0,228,0,9,47,0,0.817177336769214
0,1,1,0,1,0,1,1,1,0,0,0,33,0,195,0,12,43,7,1.01887568413917
0,1,1,0,1,0,1,1,1,0,0,0,44,0,215,0,9,52,9,1.03555247508714
0,1,1,0,1,1,0,0,0,0,0,0,83,0,252,0,0,0,0,0.559862172123585
0,1,1,0,1,1,0,0,0,0,0,0,69,0,123,0,0,0,0,0.653057744277687
0,1,1,0,1,1,0,0,0,0,0,4,55,0,139,1,0,0,0,0.711192365742424
0,1,1,0,1,1,0,0,1,0,0,2,97,0,223,0,0,0,35,0.904711281881365
0,1,1,0,1,1,0,0,1,0,0,0,45,0,171,0,0,0,11,0.680892183990648
0,1,1,0,1,1,0,0,1,0,0,0,43,0,239,0,0,0,19,0.635513140195332
0,1,1,0,1,1,0,1,0,0,0,0,79,0,100,0,0,51,0,1.06318145582474
0,1,1,0,1,1,0,1,0,0,0,0,29,0,151,0,0,45,0,0.853608640122973
0,1,1,0,1,1,0,1,0,0,0,0,1,0,171,1,0,43,0,0.55603732834723
0,1,1,0,1,1,0,1,1,0,0,0,53,0,146,0,0,36,4,0.988664817970929
0,1,1,0,1,1,0,1,1,0,0,0,65,0,226,3,0,27,0,0.822346061987105
0,1,1,0,1,1,0,1,1,0,0,1,74,0,142,0,0,16,0,0.873400347847571
0,1,1,0,1,1,1,0,0,0,0,0,36,0,183,0,10,0,0,0.60678532807677
0,1,1,0,1,1,1,0,0,0,0,1,80,0,191,6,1,0,0,0.740541845096688
0,1,1,0,1,1,1,0,0,0,0,0,46,0,207,5,56,0,0,0.92946566524657
0,1,1,0,1,1,1,0,1,0,0,0,62,0,220,0,20,0,0,0.735609012270913
0,1,1,0,1,1,1,0,1,0,0,1,98,0,208,0,9,0,1,0.776852074559879
0,1,1,0,1,1,1,0,1,0,0,0,33,0,143,0,22,0,8,0.911808217513454
0,1,1,0,1,1,1,1,0,0,0,0,37,0,195,1,5,3,0,0.616822231764756
0,1,1,0,1,1,1,1,0,0,0,0,86,0,111,0,11,43,0,1.16712555746216
0,1,1,0,1,1,1,1,0,0,0,0,46,0,136,2,3,13,0,0.886992158684409
0,1,1,0,1,1,1,1,1,0,0,0,28,0,286,0,23,44,6,0.893084507361756
0,1,1,0,1,1,1,1,1,0,0,0,33,0,163,0,9,32,2,0.967129256087857
0,1,1,0,1,1,1,1,1,0,0,0,47,0,214,0,2,12,3,0.72194911541859
0,1,1,1,0,0,0,0,0,0,0,0,21,163,0,0,0,0,0,0.355064812371517
0,1,1,1,0,0,0,0,0,0,0,0,73,231,0,0,0,0,0,0.551231548990541
0,1,1,1,0,0,0,0,0,0,0,0,41,237,0,0,0,0,0,0.418316407993145
0,1,1,1,0,0,0,0,1,0,0,0,9,213,0,0,0,0,1,0.197619069701672
0,1,1,1,0,0,0,0,1,0,0,0,1,258,0,0,0,0,1,0.0504371198240766
0,1,1,1,0,0,0,0,1,0,0,0,9,201,0,0,0,0,0,0.176920351117944
0,1,1,1,0,0,0,1,0,0,0,0,38,215,0,0,0,33,0,0.731865238632985
0,1,1,1,0,0,0,1,0,0,0,0,40,196,0,0,0,20,0,0.69369190992949
0,1,1,1,0,0,0,1,0,0,0,0,38,254,0,0,0,27,0,0.643878333899491
0,1,1,1,0,0,0,1,1,0,0,0,22,197,0,0,0,9,0,0.47948120030842
0,1,1,1,0,0,0,1,1,0,0,0,33,201,0,0,0,11,0,0.57176480626289
0,1,1,1,0,0,0,1,1,0,0,2,18,209,0,0,0,32,11,0.799768089993535
0,1,1,1,0,0,1,0,0,0,0,1,45,209,0,0,3,0,0,0.548527385052183
0,1,1,1,0,0,1,0,0,0,0,0,16,176,0,0,2,0,0,0.341296834095951
0,1,1,1,0,0,1,0,0,0,0,0,6,234,0,0,8,0,0,0.255641527848413
0,1,1,1,0,0,1,0,1,0,0,0,17,178,0,0,10,0,2,0.526273169632484
0,1,1,1,0,0,1,0,1,0,0,0,34,176,0,0,2,0,1,0.519565708785556
0,1,1,1,0,0,1,0,1,0,0,0,14,219,0,0,103,0,43,1.03974675334917
0,1,1,1,0,0,1,1,0,0,0,0,2,259,0,0,17,13,0,0.442691889723878
0,1,1,1,0,0,1,1,0,0,0,0,14,190,0,0,0,6,0,0.372669753858067
0,1,1,1,0,0,1,1,0,0,0,0,10,170,0,0,8,11,0,0.574088917374212
0,1,1,1,0,0,1,1,1,0,0,0,77,123,0,0,1,8,0,0.830337957577348
0,1,1,1,0,0,1,1,1,0,0,3,19,228,0,0,0,9,0,0.472248903136583
0,1,1,1,0,0,1,1,1,0,0,0,0,179,0,0,0,9,0,0.19220217324739
0,1,1,1,0,1,0,0,0,0,0,0,36,188,0,0,0,0,0,0.440852432228029
0,1,1,1,0,1,0,0,0,0,0,0,23,270,0,0,0,0,0,0.27508627490126
0,1,1,1,0,1,0,0,0,0,0,0,46,242,0,0,0,0,0,0.439208973301166
0,1,1,1,0,1,0,0,1,0,0,0,30,189,0,0,0,0,0,0.399454801523637
0,1,1,1,0,1,0,0,1,0,0,0,28,205,0,0,0,0,1,0.393275081134285
0,1,1,1,0,1,0,0,1,0,0,0,2,199,0,0,0,0,3,0.131601408808441
0,1,1,1,0,1,0,1,0,0,0,0,15,147,0,1,0,0,0,0.343968953733097
0,1,1,1,0,1,0,1,0,0,0,0,4,215,0,0,0,22,0,0.388384952304721
0,1,1,1,0,1,0,1,0,0,0,0,5,265,0,0,0,19,0,0.328641449175817
0,1,1,1,0,1,0,1,1,0,0,1,12,174,0,1,0,8,1,0.490665484097264
0,1,1,1,0,1,0,1,1,0,0,0,22,189,0,0,0,6,3,0.517538848618143
0,1,1,1,0,1,0,1,1,0,0,0,25,184,0,0,0,20,1,0.655754437215203
0,1,1,1,0,1,1,0,0,0,0,0,17,238,0,0,19,0,0,0.479882165559862
0,1,1,1,0,1,1,0,0,0,0,0,75,204,0,0,2,0,0,0.620225197374446
0,1,1,1,0,1,1,0,0,0,0,0,107,196,0,0,4,0,0,0.710403656573891
0,1,1,1,0,1,1,0,1,0,0,0,64,163,0,0,16,0,0,0.798365066293809
0,1,1,1,0,1,1,0,1,0,0,0,37,197,0,0,0,0,0,0.436538648138812
0,1,1,1,0,1,1,0,1,0,0,0,40,226,0,0,1,0,0,0.446439340047837
0,1,1,1,0,1,1,1,0,0,0,0,22,305,0,0,0,13,0,0.399409242650962
0,1,1,1,0,1,1,1,0,0,0,1,42,171,0,0,0,5,0,0.62078962163373
0,1,1,1,0,1,1,1,0,0,0,0,0,285,0,0,4,15,0,0.265957481545767
0,1,1,1,0,1,1,1,1,0,0,0,76,128,0,0,3,22,0,0.973047861705508
0,1,1,1,0,1,1,1,1,0,0,0,76,177,0,0,0,2,0,0.652241855399803
0,1,1,1,0,1,1,1,1,0,0,0,14,179,0,0,16,0,0,0.510514723658853
0,1,1,1,1,0,0,0,0,0,0,0,24,109,154,0,0,0,0,0.909235136097509
0,1,1,1,1,0,0,0,0,0,0,0,0,144,73,0,0,0,0,0.638622448735037
0,1,1,1,1,0,0,0,0,0,0,0,41,144,109,0,0,0,0,0.992197151567262
0,1,1,1,1,0,0,0,1,0,0,0,14,112,164,0,0,0,1,0.856152234996809
0,1,1,1,1,0,0,0,1,0,0,0,39,87,71,0,0,0,0,1.04938047091089
0,1,1,1,1,0,0,0,1,0,0,1,0,308,29,0,0,0,0,0.312624853395833
0,1,1,1,1,0,0,1,0,0,0,0,5,115,74,0,0,6,0,0.883488576365931
0,1,1,1,1,0,0,1,0,0,0,0,1,149,174,0,0,18,0,0.87782151691251
0,1,1,1,1,0,0,1,0,0,0,0,10,180,73,0,0,4,0,0.806324311065079
0,1,1,1,1,0,0,1,1,0,0,0,33,112,153,0,0,0,1,0.972973255375679
0,1,1,1,1,0,0,1,1,0,0,0,5,146,84,0,0,12,0,0.903472355932099
0,1,1,1,1,0,0,1,1,0,0,0,3,131,79,0,0,3,0,0.789959410386692
0,1,1,1,1,0,1,0,0,0,0,0,12,155,135,0,8,0,0,0.928838747987044
0,1,1,1,1,0,1,0,0,0,0,0,17,112,82,0,4,0,0,0.982114046015316
0,1,1,1,1,0,1,0,0,0,0,0,18,133,42,0,0,0,0,0.809709620700089
0,1,1,1,1,0,1,0,1,0,0,0,21,97,112,0,0,0,0,0.933062745044627
0,1,1,1,1,0,1,0,1,0,0,0,1,125,113,0,0,0,0,0.716070076294347
0,1,1,1,1,0,1,0,1,0,0,0,2,94,93,0,1,0,4,0.857894580701304
0,1,1,1,1,0,1,1,0,0,0,0,6,165,84,0,0,0,0,0.735694246680769
0,1,1,1,1,0,1,1,0,0,0,0,0,111,87,0,6,4,0,0.877982344468309
0,1,1,1,1,0,1,1,0,0,0,0,16,91,61,0,0,2,0,0.976979409258722
0,1,1,1,1,0,1,1,1,0,0,0,5,93,127,0,2,10,1,0.97982173376927
0,1,1,1,1,0,1,1,1,0,0,0,23,136,81,0,1,3,1,1.01356984392862
0,1,1,1,1,0,1,1,1,0,0,0,9,149,61,0,12,0,0,0.914516384574056
0,1,1,1,1,1,0,0,0,0,0,0,21,164,102,0,0,0,0,0.87878433314514
0,1,1,1,1,1,0,0,0,0,0,0,6,270,81,0,0,0,0,0.616461643758919
0,1,1,1,1,1,0,0,0,0,0,0,27,140,90,0,0,0,0,0.935066727396608
0,1,1,1,1,1,0,0,1,0,0,0,0,155,55,0,0,0,0,0.575039824478092
0,1,1,1,1,1,0,0,1,0,0,0,14,126,194,0,0,0,0,0.816282293130037
0,1,1,1,1,1,0,0,1,0,0,0,9,131,41,0,0,0,2,0.771952712232823
0,1,1,1,1,1,0,1,0,0,0,0,7,167,42,0,0,6,0,0.735744866105365
0,1,1,1,1,1,0,1,0,0,0,0,12,116,82,1,0,20,0,1.10258669012117
0,1,1,1,1,1,0,1,0,0,0,0,0,148,75,0,0,19,0,0.863551917741502
0,1,1,1,1,1,0,1,1,0,0,0,15,130,129,0,0,22,0,1.06766024583657
0,1,1,1,1,1,0,1,1,0,0,0,40,125,97,0,0,0,2,1.04478374480051
0,1,1,1,1,1,0,1,1,0,0,0,6,173,61,0,0,4,0,0.748895742413957
0,1,1,1,1,1,1,0,0,0,0,0,13,139,73,0,0,0,0,0.827479257511093
0,1,1,1,1,1,1,0,0,0,0,0,3,110,140,0,0,0,0,0.742169661579407
0,1,1,1,1,1,1,0,0,0,0,0,23,144,73,0,12,0,0,1.0421596386757
0,1,1,1,1,1,1,0,1,0,0,0,3,119,61,0,1,0,0,0.743333375756549
0,1,1,1,1,1,1,0,1,0,0,0,18,128,109,0,0,0,5,0.9741790381348
0,1,1,1,1,1,1,0,1,0,0,0,20,63,115,0,11,0,0,1.06972096968585
0,1,1,1,1,1,1,1,0,0,0,0,17,119,54,0,0,0,0,0.866574277193652
0,1,1,1,1,1,1,1,0,0,0,0,3,208,81,0,1,5,0,0.739035337060718
0,1,1,1,1,1,1,1,0,0,0,0,7,132,120,0,4,22,0,1.06933709122656
0,1,1,1,1,1,1,1,1,0,0,0,1,121,140,0,0,4,0,0.780241524469715
0,1,1,1,1,1,1,1,1,0,0,0,9,138,82,0,0,7,0,0.909982741183338
0,1,1,1,1,1,1,1,1,0,0,0,26,69,109,0,7,13,0,1.23670636141248
1,0,0,0,0,0,0,0,0,0,183,0,0,0,0,0,0,0,0,0
1,0,0,0,0,0,0,0,0,0,193,0,0,0,0,0,0,0,0,0
1,0,0,0,0,0,0,0,0,0,238,0,0,0,0,0,0,0,0,0
1,0,0,0,0,0,0,0,1,0,11,0,0,0,0,0,0,0,167,0.231885715042758
1,0,0,0,0,0,0,0,1,0,8,0,0,0,0,0,0,0,317,0.115494737245009
1,0,0,0,0,0,0,0,1,0,15,0,0,0,0,0,0,0,332,0.178069556036752
1,0,0,0,0,0,0,1,0,0,8,0,0,0,0,0,0,173,0,0.181066212583205
1,0,0,0,0,0,0,1,0,0,11,0,0,0,0,0,0,329,0,0.142828417602591
1,0,0,0,0,0,0,1,0,0,0,0,0,0,0,0,0,151,0,0
1,0,0,0,0,0,0,1,1,0,0,0,0,0,0,0,0,136,42,0.546372379348239
1,0,0,0,0,0,0,1,1,0,0,0,0,0,0,0,0,202,189,0.692594361209622
1,0,0,0,0,0,0,1,1,0,3,0,0,0,0,0,0,209,17,0.33324898007998
1,0,0,0,0,0,1,0,0,0,0,0,0,0,0,0,234,0,0,0
1,0,0,0,0,0,1,0,0,0,4,0,0,0,0,0,449,0,0,0.050553374841198
1,0,0,0,0,0,1,0,0,0,17,0,0,0,0,0,422,0,0,0.163868731134049
1,0,0,0,0,0,1,0,1,0,4,0,0,0,0,0,150,0,144,0.754833128458888
1,0,0,0,0,0,1,0,1,0,0,0,0,0,0,0,305,0,47,0.39302882007073
1,0,0,0,0,0,1,0,1,0,1,0,0,0,0,0,244,0,118,0.648535526665706
1,0,0,0,0,0,1,1,0,0,1,0,0,0,0,0,121,152,0,0.708308780892305
1,0,0,0,0,0,1,1,0,0,0,0,0,0,0,0,170,118,0,0.676757285741873
1,0,0,0,0,0,1,1,0,0,1,0,0,0,0,0,55,210,0,0.533511697358938
1,0,0,0,0,0,1,1,1,0,0,0,0,0,0,0,62,145,14,0.807866198629099
1,0,0,0,0,0,1,1,1,0,0,0,0,0,0,0,53,139,51,0.979314713330798
1,0,0,0,0,0,1,1,1,0,0,0,0,0,0,0,129,103,18,0.89618260749249
1,0,0,0,0,1,0,0,0,0,49,0,0,0,0,225,0,0,0,0.469617941777066
1,0,0,0,0,1,0,0,0,0,17,0,0,0,0,279,0,0,0,0.219843528725693
1,0,0,0,0,1,0,0,0,0,46,0,0,0,0,194,0,0,0,0.488630643772058
1,0,0,0,0,1,0,0,1,0,0,0,0,0,0,27,0,0,142,0.439277190890553
1,0,0,0,0,1,0,0,1,0,0,0,0,0,0,33,0,0,337,0.300657878456811
1,0,0,0,0,1,0,0,1,0,21,0,0,0,0,59,0,0,267,0.672653102207678
1,0,0,0,0,1,0,1,0,0,0,0,0,0,0,5,0,377,0,0.0697566682137203
1,0,0,0,0,1,0,1,0,0,10,0,0,0,0,7,0,303,0,0.243607676910439
1,0,0,0,0,1,0,1,0,0,1,0,0,0,0,7,0,185,0,0.188145118009148
1,0,0,0,0,1,0,1,1,0,0,0,0,0,0,0,0,184,52,0.527336666185408
1,0,0,0,0,1,0,1,1,0,0,0,0,0,0,0,0,307,37,0.341379386219021
1,0,0,0,0,1,0,1,1,0,1,0,0,0,0,0,0,261,136,0.65866082244191
1,0,0,0,0,1,1,0,0,0,2,0,0,0,0,0,214,0,0,0.0525693263147386
1,0,0,0,0,1,1,0,0,0,13,0,0,0,0,8,409,0,0,0.227530853334249
1,0,0,0,0,1,1,0,0,0,2,0,0,0,0,5,456,0,0,0.0874242353781337
1,0,0,0,0,1,1,0,1,0,0,0,0,0,0,2,228,0,50,0.510224431618751
1,0,0,0,0,1,1,0,1,0,2,0,0,0,0,2,238,0,80,0.632516949799187
1,0,0,0,0,1,1,0,1,0,0,0,0,0,0,0,182,0,67,0.582337946476067
1,0,0,0,0,1,1,1,0,0,0,0,0,0,0,0,141,92,0,0.670868094630793
1,0,0,0,0,1,1,1,0,0,0,0,0,0,0,0,48,169,0,0.528420250565445
1,0,0,0,0,1,1,1,0,0,0,0,0,0,0,0,23,252,0,0.287562017596574
1,0,0,0,0,1,1,1,1,0,3,0,0,0,0,0,64,88,65,1.14451315354181
1,0,0,0,0,1,1,1,1,0,0,0,0,0,0,0,180,146,7,0.775229063634972
1,0,0,0,0,1,1,1,1,0,0,0,0,0,0,0,60,127,60,1.0294972133612
1,0,0,0,1,0,0,0,0,0,0,0,0,0,231,0,0,0,0,0
1,0,0,0,1,0,0,0,0,0,1,0,0,0,277,0,0,0,0,0.0238338863025336
1,0,0,0,1,0,0,0,0,0,17,0,0,0,303,0,0,0,0,0.207615786674102
1,0,0,0,1,0,0,0,1,0,3,0,0,0,249,0,0,0,55,0.523118323243541
1,0,0,0,1,0,0,0,1,0,1,0,0,0,330,0,0,0,27,0.286431949098772
1,0,0,0,1,0,0,0,1,0,0,0,0,0,144,0,0,0,45,0.548874384484994
1,0,0,0,1,0,0,1,0,0,0,0,0,0,239,0,0,94,0,0.595095948103533
1,0,0,0,1,0,0,1,0,0,0,0,0,0,204,0,0,98,0,0.630217442361836
1,0,0,0,1,0,0,1,0,0,0,0,0,0,392,0,0,104,0,0.513528961586693
1,0,0,0,1,0,0,1,1,0,0,0,0,0,207,0,0,84,4,0.664580174125415
1,0,0,0,1,0,0,1,1,0,0,0,0,0,170,0,0,22,35,0.731003539840183
1,0,0,0,1,0,0,1,1,0,0,0,0,0,197,0,0,39,10,0.600063691662524
1,0,0,0,1,0,1,0,0,0,0,0,0,0,251,0,20,0,0,0.263361133820079
1,0,0,0,1,0,1,0,0,0,0,0,0,0,295,0,33,0,0,0.326420682626093
1,0,0,0,1,0,1,0,0,0,0,0,0,0,250,0,56,0,0,0.475921951146074
1,0,0,0,1,0,1,0,1,0,0,0,0,0,221,0,0,0,41,0.433800947385906
1,0,0,0,1,0,1,0,1,0,0,0,0,0,261,0,7,0,3,0.180506148478909
1,0,0,0,1,0,1,0,1,0,0,0,0,0,298,0,10,0,5,0.222858463796634
1,0,0,0,1,0,1,1,0,0,0,0,0,0,220,0,2,36,0,0.448343164987279
1,0,0,0,1,0,1,1,0,0,0,0,0,0,149,0,32,35,0,0.833941691815674
1,0,0,0,1,0,1,1,0,0,0,0,0,0,213,0,35,48,0,0.784244380094953
1,0,0,0,1,0,1,1,1,0,0,0,0,0,164,0,18,91,34,1.10538436408465
1,0,0,0,1,0,1,1,1,0,0,0,0,0,160,0,13,38,0,0.690244739381209
1,0,0,0,1,0,1,1,1,0,0,0,0,0,151,0,46,75,8,1.08416853014706
1,0,0,0,1,1,0,0,0,0,0,0,0,0,281,9,0,0,0,0.138319946157042
1,0,0,0,1,1,0,0,0,0,3,0,0,0,315,15,0,0,0,0.234638072224853
1,0,0,0,1,1,0,0,0,0,0,0,0,0,230,19,0,0,0,0.26965136370769
1,0,0,0,1,1,0,0,1,0,1,0,0,0,336,0,0,0,11,0.159885819577869
1,0,0,0,1,1,0,0,1,0,1,0,0,0,250,1,0,0,28,0.371693332631866
1,0,0,0,1,1,0,0,1,0,0,0,0,0,320,0,0,0,4,0.0665216142537903
1,0,0,0,1,1,0,1,0,0,0,0,0,0,188,2,0,29,0,0.441633545146373
1,0,0,0,1,1,0,1,0,0,2,0,0,0,275,0,0,10,0,0.192498950430815
1,0,0,0,1,1,0,1,0,0,0,0,0,0,211,0,0,55,0,0.509641454077805
1,0,0,0,1,1,0,1,1,0,0,0,0,0,183,0,0,79,10,0.747168988190059
1,0,0,0,1,1,0,1,1,0,0,0,0,0,199,0,0,161,31,0.910069794712445
1,0,0,0,1,1,0,1,1,0,0,0,0,0,221,0,0,10,8,0.318909826831919
1,0,0,0,1,1,1,0,0,0,3,0,0,0,251,2,46,0,0,0.519406079667253
1,0,0,0,1,1,1,0,0,0,0,0,0,0,269,1,84,0,0,0.566568178061082
1,0,0,0,1,1,1,0,0,0,0,0,0,0,187,0,67,0,0,0.57697317705396
1,0,0,0,1,1,1,0,1,0,3,0,0,0,200,0,33,0,11,0.631975754827218
1,0,0,0,1,1,1,0,1,0,0,0,0,0,213,2,6,0,3,0.244735697664861
1,0,0,0,1,1,1,0,1,0,0,0,0,0,251,0,135,0,8,0.733365337864674
1,0,0,0,1,1,1,1,0,0,0,0,0,0,150,0,15,36,0,0.720107251763596
1,0,0,0,1,1,1,1,0,0,0,0,0,0,129,0,49,130,0,1.0210268176187
1,0,0,0,1,1,1,1,0,0,0,0,0,0,158,0,18,60,0,0.813080192340365
1,0,0,0,1,1,1,1,1,0,0,0,0,0,209,0,18,20,4,0.608981332684231
1,0,0,0,1,1,1,1,1,0,0,0,0,0,265,0,35,52,5,0.789283543777165
1,0,0,0,1,1,1,1,1,0,0,0,0,0,322,0,5,72,22,0.71394950406122
1,0,0,1,0,0,0,0,0,0,0,0,0,263,0,0,0,0,0,0
1,0,0,1,0,0,0,0,0,0,0,0,0,234,0,0,0,0,0,0
1,0,0,1,0,0,0,0,0,0,0,0,0,299,0,0,0,0,0,0
1,0,0,1,0,0,0,0,1,0,10,0,0,315,0,0,0,0,33,0.43229002079062
1,0,0,1,0,0,0,0,1,0,0,0,0,133,0,0,0,0,7,0.198515243345873
1,0,0,1,0,0,0,0,1,0,24,0,0,213,0,0,0,0,74,0.798541014682235
1,0,0,1,0,0,0,1,0,0,0,0,0,127,0,0,0,37,0,0.533916898872507
1,0,0,1,0,0,0,1,0,0,0,0,0,135,0,0,0,84,0,0.665780833962499
1,0,0,1,0,0,0,1,0,0,0,0,0,140,0,0,0,61,0,0.613786276815919
1,0,0,1,0,0,0,1,1,0,0,0,0,195,0,0,0,31,1,0.426322188146732
1,0,0,1,0,0,0,1,1,0,0,0,0,150,0,0,0,24,29,0.753993343020128
1,0,0,1,0,0,0,1,1,0,1,0,0,198,0,0,0,27,0,0.393701072459742
1,0,0,1,0,0,1,0,0,0,0,0,0,286,0,0,17,0,0,0.216114704045892
1,0,0,1,0,0,1,0,0,0,0,0,0,254,0,0,11,0,0,0.172711894576825
1,0,0,1,0,0,1,0,0,0,0,0,0,206,0,0,37,0,0,0.426615132482565
1,0,0,1,0,0,1,0,1,0,0,0,0,159,0,0,28,0,8,0.576112241787536
1,0,0,1,0,0,1,0,1,0,0,0,0,219,0,0,17,0,11,0.42943617598202
1,0,0,1,0,0,1,0,1,0,0,0,0,273,0,0,5,0,1,0.113530815342281
1,0,0,1,0,0,1,1,0,0,0,0,0,257,0,0,0,12,0,0.182326868019953
1,0,0,1,0,0,1,1,0,0,0,0,0,129,0,0,26,13,0,0.689614861556746
1,0,0,1,0,0,1,1,0,0,0,0,0,175,0,0,43,7,0,0.619698084627419
1,0,0,1,0,0,1,1,1,0,0,0,0,212,0,0,5,39,0,0.51969938201201
1,0,0,1,0,0,1,1,1,0,0,0,0,225,0,0,15,16,0,0.452971338743765
1,0,0,1,0,0,1,1,1,0,0,0,0,161,0,0,0,3,0,0.0913180154552785
1,0,0,1,0,1,0,0,0,0,3,0,0,171,0,54,0,0,0,0.613883157277116
1,0,0,1,0,1,0,0,0,0,1,0,0,195,0,20,0,0,0,0.337548966059117
1,0,0,1,0,1,0,0,0,0,0,0,0,212,0,1,0,0,0,0.0298541834067648
1,0,0,1,0,1,0,0,1,0,2,0,0,157,0,0,0,0,37,0.53923277877827
1,0,0,1,0,1,0,0,1,0,0,0,0,253,0,0,0,0,0,0
1,0,0,1,0,1,0,0,1,0,0,0,0,232,0,0,0,0,5,0.10227845426275
1,0,0,1,0,1,0,1,0,0,0,0,0,238,0,0,0,100,0,0.60731382763503
1,0,0,1,0,1,0,1,0,0,0,0,0,169,0,0,0,25,0,0.384225280487532
1,0,0,1,0,1,0,1,0,0,0,0,0,205,0,0,0,11,0,0.201232603405666
1,0,0,1,0,1,0,1,1,0,0,0,0,249,0,0,0,28,19,0.544778920172776
1,0,0,1,0,1,0,1,1,0,0,0,0,234,0,0,0,15,8,0.359187266437344
1,0,0,1,0,1,0,1,1,0,0,0,0,193,0,0,0,58,23,0.783488442020531
1,0,0,1,0,1,1,0,0,0,0,0,0,242,0,0,29,0,0,0.340220264423886
1,0,0,1,0,1,1,0,0,0,0,0,0,237,0,0,31,0,0,0.358211395480761
1,0,0,1,0,1,1,0,0,0,0,0,0,215,0,0,16,0,0,0.251731149468616
1,0,0,1,0,1,1,0,1,0,0,0,0,138,0,0,43,0,27,0.863113998409807
1,0,0,1,0,1,1,0,1,0,0,0,0,221,0,0,28,0,0,0.351606778712382
1,0,0,1,0,1,1,0,1,0,0,0,0,274,0,0,18,0,51,0.617477094217244
1,0,0,1,0,1,1,1,0,0,0,0,0,232,0,0,20,11,0,0.439322991499263
1,0,0,1,0,1,1,1,0,0,0,0,0,186,0,0,3,5,0,0.199136985151832
1,0,0,1,0,1,1,1,0,0,0,0,0,149,0,5,50,30,0,0.962704615916181
1,0,0,1,0,1,1,1,1,0,0,0,0,214,0,0,1,54,11,0.670143696990931
1,0,0,1,0,1,1,1,1,0,0,0,0,263,0,0,0,20,3,0.31093239543581
1,0,0,1,0,1,1,1,1,0,0,0,0,279,0,0,0,5,0,0.0885683343220106
1,0,0,1,1,0,0,0,0,0,0,0,0,91,110,0,0,0,0,0.688672791988433
1,0,0,1,1,0,0,0,0,0,0,0,0,109,134,0,0,0,0,0.687845590022035
1,0,0,1,1,0,0,0,0,0,3,0,0,113,122,0,0,0,0,0.751341144940567
1,0,0,1,1,0,0,0,1,0,0,0,0,69,146,0,0,0,21,0.871904318674678
1,0,0,1,1,0,0,0,1,0,1,0,0,133,67,0,0,0,8,0.802782233370904
1,0,0,1,1,0,0,0,1,0,0,0,0,130,87,0,0,0,51,1.03189521875296
1,0,0,1,1,0,0,1,0,0,0,0,0,139,113,0,0,16,0,0.872896981348554
1,0,0,1,1,0,0,1,0,0,0,0,0,151,152,0,0,4,0,0.753609076668086
1,0,0,1,1,0,0,1,0,0,0,0,0,110,56,0,0,16,0,0.880743200954979
1,0,0,1,1,0,0,1,1,0,0,0,0,85,56,0,0,17,0,0.941014790420632
1,0,0,1,1,0,0,1,1,0,0,0,0,170,39,0,0,6,3,0.659673814261688
1,0,0,1,1,0,0,1,1,0,0,0,0,113,184,0,0,32,0,0.918712608503551
1,0,0,1,1,0,1,0,0,0,0,0,0,157,53,0,2,0,0,0.612990250053773
1,0,0,1,1,0,1,0,0,0,0,0,0,212,97,0,0,0,0,0.622198056362811
1,0,0,1,1,0,1,0,0,0,0,0,0,137,117,0,7,0,0,0.79504489677412
1,0,0,1,1,0,1,0,1,0,0,0,0,94,97,0,0,0,4,0.778836215524321
1,0,0,1,1,0,1,0,1,0,1,0,0,120,116,0,28,0,27,1.19660040168881
1,0,0,1,1,0,1,0,1,0,0,0,0,158,33,0,0,0,1,0.490439305638956
1,0,0,1,1,0,1,1,0,0,0,0,0,159,91,0,0,0,0,0.655684984878046
1,0,0,1,1,0,1,1,0,0,0,0,0,89,40,0,0,4,0,0.735544673220269
1,0,0,1,1,0,1,1,0,0,0,0,0,94,91,0,0,42,0,1.04371632323332
1,0,0,1,1,0,1,1,1,0,0,0,0,81,126,0,9,12,0,0.977960528963933
1,0,0,1,1,0,1,1,1,0,0,0,0,102,48,0,0,10,0,0.821481775180609
1,0,0,1,1,0,1,1,1,0,0,0,0,114,163,0,0,18,0,0.865841127558106
1,0,0,1,1,1,0,0,0,0,0,0,0,159,138,0,0,0,0,0.690645348551147
1,0,0,1,1,1,0,0,0,0,0,0,0,178,40,0,0,0,0,0.476638869593912
1,0,0,1,1,1,0,0,0,0,0,0,0,144,72,0,0,0,0,0.636514168294813
1,0,0,1,1,1,0,0,1,0,0,0,0,171,136,0,0,0,1,0.706250651083776
1,0,0,1,1,1,0,0,1,0,0,0,0,97,68,0,0,0,11,0.869061626472325
1,0,0,1,1,1,0,0,1,0,0,0,0,78,138,0,0,0,16,0.859902386367522
1,0,0,1,1,1,0,1,0,0,0,0,0,129,169,0,0,1,0,0.704227242338328
1,0,0,1,1,1,0,1,0,0,0,0,0,142,49,0,0,7,0,0.702165981047127
1,0,0,1,1,1,0,1,0,0,0,0,0,163,130,0,0,16,0,0.85495234211922
1,0,0,1,1,1,0,1,1,0,0,0,0,76,118,0,0,21,3,0.984002734317044
1,0,0,1,1,1,0,1,1,0,0,0,0,123,57,0,0,43,7,1.10022898720325
1,0,0,1,1,1,0,1,1,0,0,0,0,148,83,0,0,11,0,0.808243366797229
1,0,0,1,1,1,1,0,0,0,0,0,0,130,143,0,4,0,0,0.75755022051632
1,0,0,1,1,1,1,0,0,0,0,0,0,153,58,0,10,0,0,0.745725834935511
1,0,0,1,1,1,1,0,0,0,0,0,0,112,113,0,2,0,0,0.737491905319883
1,0,0,1,1,1,1,0,1,0,0,0,0,176,91,0,4,0,1,0.730660244001043
1,0,0,1,1,1,1,0,1,0,0,0,0,106,123,0,8,0,2,0.856191391340527
1,0,0,1,1,1,1,0,1,0,0,0,0,125,111,0,0,0,0,0.691386595244014
1,0,0,1,1,1,1,1,0,0,0,0,0,163,62,0,0,2,0,0.63398125551921
1,0,0,1,1,1,1,1,0,0,0,0,0,145,80,0,0,2,0,0.695545533842576
1,0,0,1,1,1,1,1,0,0,0,0,0,139,165,1,0,1,0,0.728902487904139
1,0,0,1,1,1,1,1,1,0,0,0,0,192,176,0,0,4,0,0.744190972551296
1,0,0,1,1,1,1,1,1,0,0,0,0,80,174,0,1,19,0,0.853339444193176
1,0,0,1,1,1,1,1,1,0,0,0,0,110,63,0,2,5,1,0.847647241635313
1,0,1,0,0,0,0,0,0,0,56,0,197,0,0,0,0,0,0,0.528603602393322
1,0,1,0,0,0,0,0,0,0,3,0,294,0,0,0,0,0,0,0.0564651742788722
1,0,1,0,0,0,0,0,0,0,30,0,190,0,0,0,0,0,0,0.398307113805284
1,0,1,0,0,0,0,0,1,0,1,0,166,0,0,0,0,0,109,0.693057054013661
1,0,1,0,0,0,0,0,1,0,0,0,239,0,0,0,0,0,6,0.115032309618199
1,0,1,0,0,0,0,0,1,0,0,0,222,0,0,0,0,0,20,0.285181427616497
1,0,1,0,0,0,0,1,0,0,0,0,245,0,0,0,0,106,0,0.612544612185703
1,0,1,0,0,0,0,1,0,0,0,0,213,0,0,0,0,105,0,0.634312175036002
1,0,1,0,0,0,0,1,0,0,0,0,119,0,0,0,0,98,0,0.688457221789363
1,0,1,0,0,0,0,1,1,0,0,0,254,0,0,0,0,104,0,0.602601262005698
1,0,1,0,0,0,0,1,1,0,0,0,149,0,0,0,0,135,18,0.876563486523239
1,0,1,0,0,0,0,1,1,0,0,0,125,0,0,0,0,93,5,0.774354912320159
1,0,1,0,0,0,1,0,0,0,0,0,239,0,0,0,53,0,0,0.473670718946729
1,0,1,0,0,0,1,0,0,0,0,0,119,0,0,0,163,0,0,0.680924877988559
1,0,1,0,0,0,1,0,0,0,1,0,103,0,0,0,263,0,0,0.611482839197882
1,0,1,0,0,0,1,0,1,0,0,0,238,0,0,0,97,0,10,0.715506051296347
1,0,1,0,0,0,1,0,1,0,0,0,221,0,0,0,35,0,5,0.486059377630267
1,0,1,0,0,0,1,0,1,0,0,0,176,0,0,0,98,0,17,0.836565112926178
1,0,1,0,0,0,1,1,0,0,0,0,146,0,0,0,53,58,0,0.982781404742022
1,0,1,0,0,0,1,1,0,0,0,0,180,0,0,0,98,33,0,0.918430225367826
1,0,1,0,0,0,1,1,0,0,0,0,220,0,0,0,0,53,0,0.492169481574037
1,0,1,0,0,0,1,1,1,0,0,0,179,0,0,0,14,25,6,0.694184827314048
1,0,1,0,0,0,1,1,1,0,0,0,148,0,0,0,55,30,10,1.0278247598645
1,0,1,0,0,0,1,1,1,0,1,0,120,0,0,0,13,43,4,0.916065356126885
1,0,1,0,0,1,0,0,0,0,3,0,217,0,0,6,0,0,0,0.192729161220727
1,0,1,0,0,1,0,0,0,0,7,0,249,0,0,1,0,0,0,0.150371251186662
1,0,1,0,0,1,0,0,0,0,0,0,218,0,0,2,0,0,0,0.0517811006744465
1,0,1,0,0,1,0,0,1,0,0,0,225,0,0,0,0,0,183,0.687839339928734
1,0,1,0,0,1,0,0,1,0,0,0,216,0,0,2,0,0,86,0.633079353055231
1,0,1,0,0,1,0,0,1,0,0,0,227,0,0,0,0,0,0,0
1,0,1,0,0,1,0,1,0,0,1,0,235,0,0,0,0,26,0,0.348065473942639
1,0,1,0,0,1,0,1,0,0,0,0,155,0,0,0,0,133,0,0.690226705219361
1,0,1,0,0,1,0,1,0,0,0,0,192,0,0,0,0,23,0,0.34014743093834
1,0,1,0,0,1,0,1,1,0,0,0,172,0,0,0,0,109,20,0.867772674562928
1,0,1,0,0,1,0,1,1,0,0,0,238,0,0,1,0,43,71,0.861419058127156
1,0,1,0,0,1,0,1,1,0,0,0,224,0,0,0,0,37,0,0.408149992060758
1,0,1,0,0,1,1,0,0,0,7,0,139,0,0,0,149,0,0,0.788327060290915
1,0,1,0,0,1,1,0,0,0,0,0,234,0,0,0,2,0,0,0.0488680958950082
1,0,1,0,0,1,1,0,0,0,0,0,289,0,0,5,8,0,0,0.206188491679167
1,0,1,0,0,1,1,0,1,0,0,0,213,0,0,0,53,0,31,0.781832118420849
1,0,1,0,0,1,1,0,1,0,0,0,264,0,0,0,12,0,0,0.178844912716848
1,0,1,0,0,1,1,0,1,0,0,0,176,0,0,2,158,0,40,0.985874593201988
1,0,1,0,0,1,1,1,0,0,0,0,153,0,0,2,22,71,0,0.909813820447326
1,0,1,0,0,1,1,1,0,0,0,0,172,0,0,0,42,70,0,0.931559305332789
1,0,1,0,0,1,1,1,0,0,0,0,229,0,0,0,14,64,0,0.686334201126111
1,0,1,0,0,1,1,1,1,0,0,0,191,0,0,0,18,30,9,0.767372862919305
1,0,1,0,0,1,1,1,1,0,0,0,121,0,0,0,60,104,0,1.05961906356256
1,0,1,0,0,1,1,1,1,0,0,0,143,0,0,0,28,97,9,1.051777453758
1,0,1,0,1,0,0,0,0,0,0,0,74,0,165,0,0,0,0,0.618799032723543
1,0,1,0,1,0,0,0,0,0,2,0,102,0,216,0,0,0,0,0.6614658164941
1,0,1,0,1,0,0,0,0,0,1,0,89,0,135,0,0,0,0,0.697430482225094
1,0,1,0,1,0,0,0,1,0,0,0,35,0,284,0,0,0,10,0.47152365739196
1,0,1,0,1,0,0,0,1,0,0,0,125,0,134,0,0,0,1,0.715105668107029
1,0,1,0,1,0,0,0,1,0,0,0,108,0,211,0,0,0,6,0.720247349996709
1,0,1,0,1,0,0,1,0,0,0,0,2,0,151,0,0,25,0,0.465674306798386
1,0,1,0,1,0,0,1,0,0,0,0,27,0,137,0,0,24,0,0.772089440761222
1,0,1,0,1,0,0,1,0,0,0,0,27,0,254,0,0,31,0,0.608631064271454
1,0,1,0,1,0,0,1,1,0,0,0,26,0,306,0,0,37,8,0.663367080585247
1,0,1,0,1,0,0,1,1,0,0,0,56,0,160,0,0,8,0,0.705918206087096
1,0,1,0,1,0,0,1,1,0,0,0,5,0,218,0,0,24,0,0.415702485702704
1,0,1,0,1,0,1,0,0,0,0,0,62,0,162,0,11,0,0,0.751288551670865
1,0,1,0,1,0,1,0,0,0,0,0,4,0,229,0,144,0,0,0.718662610797229
1,0,1,0,1,0,1,0,0,0,0,0,41,0,231,0,12,0,0,0.581108654841252
1,0,1,0,1,0,1,0,1,0,0,0,19,0,114,0,28,0,10,0.976759808339028
1,0,1,0,1,0,1,0,1,0,0,0,12,0,300,0,12,0,0,0.315396287422662
1,0,1,0,1,0,1,0,1,0,0,0,22,0,172,0,12,0,15,0.765530951292477
1,0,1,0,1,0,1,1,0,0,1,0,90,0,117,0,5,28,0,1.07190840009589
1,0,1,0,1,0,1,1,0,0,0,0,25,0,191,0,7,45,0,0.857489579534503
1,0,1,0,1,0,1,1,0,0,0,0,25,0,146,0,21,27,0,1.00093917746294
1,0,1,0,1,0,1,1,1,0,0,0,27,0,158,0,39,40,11,1.23244913052194
1,0,1,0,1,0,1,1,1,0,0,0,11,0,243,0,0,45,0,0.575056982179316
1,0,1,0,1,0,1,1,1,0,0,0,12,0,206,0,6,14,7,0.649502696089711
1,0,1,0,1,1,0,0,0,0,0,0,41,0,277,0,0,0,0,0.384349169104801
1,0,1,0,1,1,0,0,0,0,0,0,118,0,239,0,0,0,0,0.634554900551125
1,0,1,0,1,1,0,0,0,0,4,0,64,0,190,9,0,0,0,0.761693266317789
1,0,1,0,1,1,0,0,1,0,0,0,65,0,217,0,0,0,41,0.851864852645651
1,0,1,0,1,1,0,0,1,0,0,0,37,0,173,0,0,0,2,0.514559373836767
1,0,1,0,1,1,0,0,1,0,2,0,41,0,186,3,0,0,0,0.580670702387619
1,0,1,0,1,1,0,1,0,0,0,0,6,0,235,0,0,81,0,0.651248644402442
1,0,1,0,1,1,0,1,0,0,0,0,18,0,239,1,0,53,0,0.687294674327065
1,0,1,0,1,1,0,1,0,0,0,0,70,0,283,0,0,28,0,0.724012327196525
1,0,1,0,1,1,0,1,1,0,0,0,34,0,184,2,0,92,7,1.03021727291017
1,0,1,0,1,1,0,1,1,0,0,0,21,0,260,0,0,51,14,0.796779511647946
1,0,1,0,1,1,0,1,1,0,0,0,15,0,302,0,0,28,3,0.502296515939262
1,0,1,0,1,1,1,0,0,0,1,0,29,0,251,2,126,0,0,0.890736961840622
1,0,1,0,1,1,1,0,0,0,0,0,26,0,189,0,16,0,0,0.594962665540549
1,0,1,0,1,1,1,0,0,0,0,0,90,0,314,0,1,0,0,0.54637529450181
1,0,1,0,1,1,1,0,1,0,0,0,73,0,235,0,1,0,1,0.587520249002708
1,0,1,0,1,1,1,0,1,0,0,0,37,0,206,0,8,0,2,0.595965456185826
1,0,1,0,1,1,1,0,1,0,0,0,67,0,208,0,18,0,0,0.752018964924235
1,0,1,0,1,1,1,1,0,0,0,0,25,0,166,0,0,35,0,0.759034775196973
1,0,1,0,1,1,1,1,0,0,0,0,32,0,191,0,1,22,0,0.700084756987727
1,0,1,0,1,1,1,1,0,0,0,0,32,0,176,0,44,18,0,1.00790430140267
1,0,1,0,1,1,1,1,1,0,0,0,43,0,150,0,0,19,15,0.976086613472781
1,0,1,0,1,1,1,1,1,0,0,0,56,0,141,0,8,11,0,0.902096835653096
1,0,1,0,1,1,1,1,1,0,0,0,17,0,184,0,5,53,2,0.861180324600234
1,0,1,1,0,0,0,0,0,0,0,0,43,245,0,0,0,0,0,0.421502610141914
1,0,1,1,0,0,0,0,0,0,0,0,10,208,0,0,0,0,0,0.186175010000949
1,0,1,1,0,0,0,0,0,0,0,0,99,187,0,0,0,0,0,0.645033151676034
1,0,1,1,0,0,0,0,1,0,0,0,23,248,0,0,0,0,7,0.40075756311987
1,0,1,1,0,0,0,0,1,0,3,0,48,198,0,0,0,0,0,0.552832986958278
1,0,1,1,0,0,0,0,1,0,0,0,15,186,0,0,0,0,13,0.478340613273307
1,0,1,1,0,0,0,1,0,0,0,0,55,183,0,0,0,8,0,0.666409489220149
1,0,1,1,0,0,0,1,0,0,0,0,44,228,0,0,0,24,0,0.688101213707957
1,0,1,1,0,0,0,1,0,0,1,0,43,160,0,0,0,2,0,0.594159131054846
1,0,1,1,0,0,0,1,1,0,0,0,14,194,0,0,0,32,1,0.630793471405632
1,0,1,1,0,0,0,1,1,0,0,0,28,298,0,0,0,4,2,0.389571544009514
1,0,1,1,0,0,0,1,1,0,0,0,24,150,0,0,0,61,9,0.995500549254731
1,0,1,1,0,0,1,0,0,0,0,0,26,230,0,0,4,0,0,0.402935752225631
1,0,1,1,0,0,1,0,0,0,0,0,31,218,0,0,0,0,0,0.375792145352013
1,0,1,1,0,0,1,0,0,0,0,0,85,139,0,0,129,0,0,1.07770592189222
1,0,1,1,0,0,1,0,1,0,0,0,1,217,0,0,12,0,11,0.407479698982282
1,0,1,1,0,0,1,0,1,0,0,0,2,267,0,0,2,0,0,0.0871078226689762
1,0,1,1,0,0,1,0,1,0,0,0,32,175,0,0,19,0,2,0.727276640833877
1,0,1,1,0,0,1,1,0,0,0,0,42,219,0,0,3,3,0,0.554362866154093
1,0,1,1,0,0,1,1,0,0,0,0,16,155,0,0,10,5,0,0.617330796452821
1,0,1,1,0,0,1,1,0,0,0,0,22,191,0,0,14,18,0,0.765908606513977
1,0,1,1,0,0,1,1,1,0,0,0,9,172,0,0,3,1,0,0.309869835489437
1,0,1,1,0,0,1,1,1,0,0,0,12,176,0,0,0,11,1,0.467312811923273
1,0,1,1,0,0,1,1,1,0,0,0,3,187,0,0,4,14,0,0.414436501446966
1,0,1,1,0,1,0,0,0,0,0,0,26,223,0,0,0,0,0,0.334682555002198
1,0,1,1,0,1,0,0,0,0,0,0,33,176,0,0,0,0,0,0.436162325385344
1,0,1,1,0,1,0,0,0,0,0,0,13,218,0,0,0,0,0,0.216598380067156
1,0,1,1,0,1,0,0,1,0,0,0,51,259,0,0,0,0,0,0.447083345062673
1,0,1,1,0,1,0,0,1,0,0,0,4,228,0,0,0,0,0,0.0870995231917752
1,0,1,1,0,1,0,0,1,0,0,0,32,142,0,0,0,0,2,0.534022146003549
1,0,1,1,0,1,0,1,0,0,0,0,11,174,0,0,0,8,0,0.388659088399451
1,0,1,1,0,1,0,1,0,0,0,0,20,210,0,0,0,22,0,0.56589670300495
1,0,1,1,0,1,0,1,0,0,0,0,95,176,0,0,0,15,0,0.819473486185939
1,0,1,1,0,1,0,1,1,0,0,0,11,202,0,0,0,6,0,0.323329813418356
1,0,1,1,0,1,0,1,1,0,0,0,15,189,0,0,0,9,0,0.42661629688862
1,0,1,1,0,1,0,1,1,0,0,0,14,152,0,0,0,17,3,0.644902020497031
1,0,1,1,0,1,1,0,0,0,0,0,50,188,0,0,3,0,0,0.574638941169319
1,0,1,1,0,1,1,0,0,0,0,0,45,211,0,0,3,0,0,0.522705609695218
1,0,1,1,0,1,1,0,0,0,0,0,51,175,0,0,0,0,0,0.533983438628235
1,0,1,1,0,1,1,0,1,0,0,0,45,265,0,0,0,0,0,0.414223213846891
1,0,1,1,0,1,1,0,1,0,0,0,20,149,0,0,38,0,8,0.903817323662572
1,0,1,1,0,1,1,0,1,0,0,0,25,239,0,0,0,0,0,0.31327226779277
1,0,1,1,0,1,1,1,0,0,0,0,54,150,0,0,0,0,0,0.577921794682897
1,0,1,1,0,1,1,1,0,0,0,0,12,224,0,0,0,3,0,0.265905257877162
1,0,1,1,0,1,1,1,0,0,0,0,33,241,0,0,0,2,0,0.408056282888304
1,0,1,1,0,1,1,1,1,0,0,0,8,167,0,0,6,16,6,0.696442273654546
1,0,1,1,0,1,1,1,1,0,0,0,3,157,0,0,9,6,0,0.435345937825897
1,0,1,1,0,1,1,1,1,0,0,0,19,210,0,0,0,4,0,0.367853477173811
1,0,1,1,1,0,0,0,0,0,0,0,55,161,128,0,0,0,0,1.01631229187341
1,0,1,1,1,0,0,0,0,0,0,0,9,133,58,0,0,0,0,0.769831617241979
1,0,1,1,1,0,0,0,0,0,0,0,18,242,71,0,0,0,0,0.717526554706421
1,0,1,1,1,0,0,0,1,0,0,0,26,178,69,0,0,0,0,0.850419301566789
1,0,1,1,1,0,0,0,1,0,0,0,0,116,95,0,0,0,0,0.688186252573746
1,0,1,1,1,0,0,0,1,0,0,0,9,118,68,0,0,0,1,0.841163991705264
1,0,1,1,1,0,0,1,0,0,2,0,0,132,89,0,0,7,0,0.833617760696811
1,0,1,1,1,0,0,1,0,0,0,0,23,152,99,0,0,3,0,0.952685707760143
1,0,1,1,1,0,0,1,0,0,0,0,9,169,153,0,0,11,0,0.914454731238482
1,0,1,1,1,0,0,1,1,0,0,0,4,120,108,0,0,6,0,0.865275228616394
1,0,1,1,1,0,0,1,1,0,0,0,9,176,97,0,0,12,0,0.910293886267169
1,0,1,1,1,0,0,1,1,0,0,0,0,203,140,0,0,11,0,0.793625724118047
1,0,1,1,1,0,1,0,0,0,0,0,0,140,110,0,0,0,0,0.685929800252373
1,0,1,1,1,0,1,0,0,0,0,0,11,197,14,0,0,0,0,0.429187358553453
1,0,1,1,1,0,1,0,0,0,0,0,11,58,146,0,0,0,0,0.768363100770028
1,0,1,1,1,0,1,0,1,0,0,0,0,150,125,0,0,0,0,0.689009238476659
1,0,1,1,1,0,1,0,1,0,0,0,4,91,117,0,10,0,2,0.957985836676867
1,0,1,1,1,0,1,0,1,0,0,0,28,183,105,0,0,0,0,0.897186742000122
1,0,1,1,1,0,1,1,0,0,0,0,25,126,67,0,0,10,0,1.06713653980213
1,0,1,1,1,0,1,1,0,0,0,0,15,145,143,0,11,16,0,1.12432842612325
1,0,1,1,1,0,1,1,0,0,0,0,0,124,72,0,0,7,0,0.78485008865968
1,0,1,1,1,0,1,1,1,0,0,0,41,120,130,0,0,5,1,1.08907849573833
1,0,1,1,1,0,1,1,1,0,0,0,10,135,132,0,0,2,0,0.860050154001834
1,0,1,1,1,0,1,1,1,0,0,0,10,146,85,0,0,2,12,0.994350021003091
1,0,1,1,1,1,0,0,0,0,0,0,8,124,79,0,0,0,0,0.804290233886692
1,0,1,1,1,1,0,0,0,0,0,0,22,161,84,0,0,0,0,0.874523385594183
1,0,1,1,1,1,0,0,0,0,0,0,2,206,144,0,0,0,0,0.708568958919922
1,0,1,1,1,1,0,0,1,0,0,0,32,141,62,0,0,0,1,0.952980002882777
1,0,1,1,1,1,0,0,1,0,0,0,3,231,159,0,0,0,0,0.715666873575227
1,0,1,1,1,1,0,0,1,0,0,0,10,116,156,0,0,0,1,0.831949193653108
1,0,1,1,1,1,0,1,0,0,0,0,1,106,110,0,0,12,0,0.88701342708917
1,0,1,1,1,1,0,1,0,0,0,0,3,211,96,0,0,2,0,0.704215932131641
1,0,1,1,1,1,0,1,0,0,0,0,0,140,88,0,0,13,0,0.840896848484909
1,0,1,1,1,1,0,1,1,0,0,0,7,141,132,0,0,34,1,1.06742144134925
1,0,1,1,1,1,0,1,1,0,0,0,6,168,113,0,0,10,4,0.941853263938144
1,0,1,1,1,1,0,1,1,0,0,0,6,184,68,0,0,12,2,0.868925469509332
1,0,1,1,1,1,1,0,0,0,0,0,29,58,78,0,1,0,0,1.05788801628975
1,0,1,1,1,1,1,0,0,0,2,0,4,145,113,0,0,0,0,0.792794982043751
1,0,1,1,1,1,1,0,0,0,0,0,11,104,123,1,12,0,0,1.01903438526825
1,0,1,1,1,1,1,0,1,0,0,0,12,182,156,0,2,0,0,0.846267742821164
1,0,1,1,1,1,1,0,1,0,0,0,7,108,98,0,1,0,0,0.83972201276709
1,0,1,1,1,1,1,0,1,0,0,0,0,82,96,0,0,0,0,0.690050939861855
1,0,1,1,1,1,1,1,0,0,0,0,16,155,99,0,0,5,0,0.929293398016336
1,0,1,1,1,1,1,1,0,0,0,0,0,55,109,0,10,24,0,1.09099739832558
1,0,1,1,1,1,1,1,0,0,0,0,6,160,83,0,0,12,0,0.892639114229382
1,0,1,1,1,1,1,1,1,0,0,0,22,196,82,0,14,0,0,0.969739520706512
1,0,1,1,1,1,1,1,1,0,0,0,4,167,103,0,2,3,0,0.820067118262748
1,0,1,1,1,1,1,1,1,0,0,0,26,80,89,0,0,6,17,1.28506175392233
1,1,0,0,0,0,0,0,0,0,183,35,0,0,0,0,0,0,0,0.440581539293174
1,1,0,0,0,0,0,0,0,0,183,40,0,0,0,0,0,0,0,0.470440183412865
1,1,0,0,0,0,0,0,0,0,170,45,0,0,0,0,0,0,0,0.513030835856924
1,1,0,0,0,0,0,0,1,0,0,3,0,0,0,0,0,0,464,0.0388297521036152
1,1,0,0,0,0,0,0,1,0,7,26,0,0,0,0,0,0,226,0.447280606612733
1,1,0,0,0,0,0,0,1,0,28,0,0,0,0,0,0,0,224,0.348832095843032
1,1,0,0,0,0,0,1,0,0,1,1,0,0,0,0,0,248,0,0.0521396016665841
1,1,0,0,0,0,0,1,0,0,0,10,0,0,0,0,0,306,0,0.140416605588909
1,1,0,0,0,0,0,1,0,0,0,0,0,0,0,0,0,333,0,0
1,1,0,0,0,0,0,1,1,0,8,5,0,0,0,0,0,243,90,0.746786974603718
1,1,0,0,0,0,0,1,1,0,4,0,0,0,0,0,0,259,40,0.458555169901391
1,1,0,0,0,0,0,1,1,0,1,0,0,0,0,0,0,171,18,0.345702178454771
1,1,0,0,0,0,1,0,0,0,1,9,0,0,0,0,572,0,0,0.0924454919491864
1,1,0,0,0,0,1,0,0,0,5,0,0,0,0,0,403,0,0,0.0661234880642505
1,1,0,0,0,0,1,0,0,0,0,2,0,0,0,0,381,0,0,0.0326489414407166
1,1,0,0,0,0,1,0,1,0,0,4,0,0,0,0,176,0,30,0.501458568712426
1,1,0,0,0,0,1,0,1,0,8,0,0,0,0,0,171,0,52,0.674778429735526
1,1,0,0,0,0,1,0,1,0,0,7,0,0,0,0,222,0,63,0.628694769454241
1,1,0,0,0,0,1,1,0,0,0,0,0,0,0,0,84,193,0,0.613592172030366
1,1,0,0,0,0,1,1,0,0,0,0,0,0,0,0,83,127,0,0.671033576301475
1,1,0,0,0,0,1,1,0,0,0,0,0,0,0,0,36,166,0,0.468680298135828
1,1,0,0,0,0,1,1,1,0,0,2,0,0,0,0,109,134,8,0.846870599198044
1,1,0,0,0,0,1,1,1,0,0,5,0,0,0,0,146,96,94,1.13715845310205
1,1,0,0,0,0,1,1,1,0,0,0,0,0,0,0,76,78,64,1.09491919270391
1,1,0,0,0,1,0,0,0,0,67,19,0,0,0,116,0,0,0,0.906905280214594
1,1,0,0,0,1,0,0,0,0,34,0,0,0,0,212,0,0,0,0.401703291755874
1,1,0,0,0,1,0,0,0,0,53,46,0,0,0,109,0,0,0,1.02071166229873
1,1,0,0,0,1,0,0,1,0,24,16,0,0,0,19,0,0,210,0.763961812542293
1,1,0,0,0,1,0,0,1,0,0,16,0,0,0,7,0,0,191,0.407251644198814
1,1,0,0,0,1,0,0,1,0,6,6,0,0,0,39,0,0,282,0.536677589577018
1,1,0,0,0,1,0,1,0,0,0,1,0,0,0,0,0,235,0,0.0273801278057908
1,1,0,0,0,1,0,1,0,0,2,3,0,0,0,16,0,238,0,0.338897671287292
1,1,0,0,0,1,0,1,0,0,0,0,0,0,0,0,0,307,0,0
1,1,0,0,0,1,0,1,1,0,0,0,0,0,0,1,0,134,16,0.37706822920394
1,1,0,0,0,1,0,1,1,0,0,1,0,0,0,0,0,72,102,0.709544902356933
1,1,0,0,0,1,0,1,1,0,0,0,0,0,0,0,0,304,24,0.261764482909015
1,1,0,0,0,1,1,0,0,0,0,0,0,0,0,1,388,0,0,0.0178979251767237
1,1,0,0,0,1,1,0,0,0,0,0,0,0,0,0,445,0,0,0
1,1,0,0,0,1,1,0,0,0,0,4,0,0,0,0,501,0,0,0.0462122231605146
1,1,0,0,0,1,1,0,1,0,4,0,0,0,0,10,107,0,104,0.920187659215324
1,1,0,0,0,1,1,0,1,0,4,6,0,0,0,0,310,0,96,0.663352152426384
1,1,0,0,0,1,1,0,1,0,0,3,0,0,0,0,227,0,38,0.467898305496359
1,1,0,0,0,1,1,1,0,0,0,6,0,0,0,0,142,243,0,0.727551729482807
1,1,0,0,0,1,1,1,0,0,1,2,0,0,0,0,116,136,0,0.753326992258186
1,1,0,0,0,1,1,1,0,0,0,2,0,0,0,0,126,185,0,0.709386442052945
1,1,0,0,0,1,1,1,1,0,0,1,0,0,0,0,77,118,6,0.812404529158381
1,1,0,0,0,1,1,1,1,0,0,0,0,0,0,0,47,150,24,0.833341329014758
1,1,0,0,0,1,1,1,1,0,0,0,0,0,0,0,173,106,58,1.00895627030581
1,1,0,0,1,0,0,0,0,0,0,16,0,0,273,0,0,0,0,0.214014163401946
1,1,0,0,1,0,0,0,0,0,2,0,0,0,323,0,0,0,0,0.0374621215234669
1,1,0,0,1,0,0,0,0,0,0,2,0,0,170,0,0,0,0,0.0633547753037764
1,1,0,0,1,0,0,0,1,0,0,0,0,0,215,0,0,0,84,0.593835589610466
1,1,0,0,1,0,0,0,1,0,1,6,0,0,238,0,0,0,23,0.422078980079701
1,1,0,0,1,0,0,0,1,0,2,0,0,0,206,0,0,0,95,0.659121947971993
1,1,0,0,1,0,0,1,0,0,1,0,0,0,336,0,0,34,0,0.324704468039818
1,1,0,0,1,0,0,1,0,0,0,1,0,0,314,0,0,63,0,0.468420953985042
1,1,0,0,1,0,0,1,0,0,3,0,0,0,194,0,0,51,0,0.57075363732131
1,1,0,0,1,0,0,1,1,0,0,0,0,0,206,0,0,43,5,0.54788038785457
1,1,0,0,1,0,0,1,1,0,0,0,0,0,259,0,0,17,0,0.231331681553614
1,1,0,0,1,0,0,1,1,0,0,0,0,0,250,0,0,69,32,0.77981150217708
1,1,0,0,1,0,1,0,0,0,0,0,0,0,195,0,78,0,0,0.598269588585257
1,1,0,0,1,0,1,0,0,0,0,0,0,0,104,0,95,0,0,0.692124130188039
1,1,0,0,1,0,1,0,0,0,0,4,0,0,241,0,9,0,0,0.23356946539746
1,1,0,0,1,0,1,0,1,0,0,0,0,0,266,0,19,0,14,0.422513267856546
1,1,0,0,1,0,1,0,1,0,0,2,0,0,228,0,98,0,37,0.907547015389931
1,1,0,0,1,0,1,0,1,0,0,0,0,0,165,0,41,0,5,0.59932425911283
1,1,0,0,1,0,1,1,0,0,0,2,0,0,256,0,8,22,0,0.435216777166468
1,1,0,0,1,0,1,1,0,0,0,0,0,0,200,0,9,37,0,0.574264636446714
1,1,0,0,1,0,1,1,0,0,0,0,0,0,309,0,67,31,0,0.70225185030835
1,1,0,0,1,0,1,1,1,0,0,0,0,0,114,0,3,75,3,0.80976927464475
1,1,0,0,1,0,1,1,1,0,0,0,0,0,297,0,16,78,5,0.720630517253983
1,1,0,0,1,0,1,1,1,0,0,0,0,0,193,0,14,72,9,0.870109817502479
1,1,0,0,1,1,0,0,0,0,0,0,0,0,259,7,0,0,0,0.121692402678062
1,1,0,0,1,1,0,0,0,0,11,6,0,0,205,35,0,0,0,0.674439381814856
1,1,0,0,1,1,0,0,0,0,0,0,0,0,253,2,0,0,0,0.0458367412008476
1,1,0,0,1,1,0,0,1,0,0,0,0,0,300,0,0,0,19,0.225758240712673
1,1,0,0,1,1,0,0,1,0,1,0,0,0,232,0,0,0,45,0.465956069567442
1,1,0,0,1,1,0,0,1,0,0,0,0,0,223,0,0,0,9,0.164089413771343
1,1,0,0,1,1,0,1,0,0,0,0,0,0,182,1,0,96,0,0.665954995337892
1,1,0,0,1,1,0,1,0,0,0,0,0,0,160,1,0,85,0,0.669343051220618
1,1,0,0,1,1,0,1,0,0,0,0,0,0,113,4,0,124,0,0.765066995341283
1,1,0,0,1,1,0,1,1,0,0,0,0,0,113,0,0,96,5,0.784576765220089
1,1,0,0,1,1,0,1,1,0,0,0,0,0,270,0,0,46,33,0.688664521926056
1,1,0,0,1,1,0,1,1,0,0,0,0,0,252,0,0,82,35,0.818102089892351
1,1,0,0,1,1,1,0,0,0,2,0,0,0,243,0,110,0,0,0.651686619531644
1,1,0,0,1,1,1,0,0,0,0,0,0,0,219,0,12,0,0,0.204211699148332
1,1,0,0,1,1,1,0,0,0,1,0,0,0,178,0,95,0,0,0.667961038307623
1,1,0,0,1,1,1,0,1,0,2,0,0,0,247,0,21,0,14,0.497259494094179
1,1,0,0,1,1,1,0,1,0,0,0,0,0,151,4,55,0,37,0.986466390234636
1,1,0,0,1,1,1,0,1,0,0,0,0,0,267,0,10,0,22,0.406717229923496
1,1,0,0,1,1,1,1,0,0,0,0,0,0,195,0,8,85,0,0.723738941750369
1,1,0,0,1,1,1,1,0,0,0,0,0,0,294,0,9,48,0,0.514446846493851
1,1,0,0,1,1,1,1,0,0,0,0,0,0,136,0,15,40,0,0.769043084375459
1,1,0,0,1,1,1,1,1,0,0,4,0,0,135,0,14,49,21,1.10520656541575
1,1,0,0,1,1,1,1,1,0,0,0,0,0,316,0,6,4,14,0.322895392998661
1,1,0,0,1,1,1,1,1,0,0,0,0,0,230,0,31,49,17,0.908994831913306
1,1,0,1,0,0,0,0,0,0,36,0,0,176,0,0,0,0,0,0.455586911883641
1,1,0,1,0,0,0,0,0,0,7,3,0,238,0,0,0,0,0,0.193599600023037
1,1,0,1,0,0,0,0,0,0,38,0,0,166,0,0,0,0,0,0.480775646114859
1,1,0,1,0,0,0,0,1,0,0,1,0,158,0,0,0,0,1,0.0758612201196971
1,1,0,1,0,0,0,0,1,0,0,0,0,238,0,0,0,0,4,0.0842038510397833
1,1,0,1,0,0,0,0,1,0,0,0,0,177,0,0,0,0,49,0.522846073285611
1,1,0,1,0,0,0,1,0,0,2,0,0,228,0,0,0,39,0,0.4565849782569
1,1,0,1,0,0,0,1,0,0,0,0,0,170,0,0,0,22,0,0.355991891442222
1,1,0,1,0,0,0,1,0,0,0,0,0,205,0,0,0,22,0,0.31825407167851
1,1,0,1,0,0,0,1,1,0,0,0,0,123,0,0,0,63,0,0.640175902350438
1,1,0,1,0,0,0,1,1,0,0,0,0,251,0,0,0,5,0,0.0962091738379677
1,1,0,1,0,0,0,1,1,0,1,0,0,159,0,0,0,3,14,0.395367768541994
1,1,0,1,0,0,1,0,0,0,0,0,0,220,0,0,23,0,0,0.313166681349232
1,1,0,1,0,0,1,0,0,0,0,0,0,223,0,0,33,0,0,0.384302231338936
1,1,0,1,0,0,1,0,0,0,0,0,0,275,0,0,7,0,0,0.116256635116503
1,1,0,1,0,0,1,0,1,0,0,0,0,279,0,0,15,0,0,0.201508882492783
1,1,0,1,0,0,1,0,1,0,0,0,0,251,0,0,4,0,14,0.281028599746185
1,1,0,1,0,0,1,0,1,0,5,0,0,153,0,0,39,0,3,0.678922703546668
1,1,0,1,0,0,1,1,0,0,0,0,0,199,0,0,14,16,0,0.478805487001296
1,1,0,1,0,0,1,1,0,0,0,0,0,305,0,0,1,5,0,0.103965640708395
1,1,0,1,0,0,1,1,0,0,0,0,0,190,0,0,4,28,0,0.46672478079175
1,1,0,1,0,0,1,1,1,0,0,0,0,185,0,0,0,4,5,0.219620042330647
1,1,0,1,0,0,1,1,1,0,0,0,0,289,0,0,3,0,0,0.0572567141501406
1,1,0,1,0,0,1,1,1,0,0,0,0,183,0,0,0,16,1,0.309830438918954
1,1,0,1,0,1,0,0,0,0,0,0,0,212,0,6,0,0,0,0.126023287349479
1,1,0,1,0,1,0,0,0,0,0,0,0,257,0,21,0,0,0,0.267737930200481
1,1,0,1,0,1,0,0,0,0,24,0,0,180,0,31,0,0,0,0.70444028679255
1,1,0,1,0,1,0,0,1,0,0,0,0,153,0,1,0,0,1,0.0778960719318749
1,1,0,1,0,1,0,0,1,0,0,0,0,151,0,0,0,0,2,0.0696826944631971
1,1,0,1,0,1,0,0,1,0,0,0,0,206,0,0,0,0,2,0.0542266127216372
1,1,0,1,0,1,0,1,0,0,1,0,0,169,0,0,0,39,0,0.510603213586554
1,1,0,1,0,1,0,1,0,0,0,0,0,185,0,0,0,11,0,0.216162232494435
1,1,0,1,0,1,0,1,0,0,2,0,0,128,0,3,0,77,0,0.774655042662379
1,1,0,1,0,1,0,1,1,0,0,0,0,183,0,0,0,4,1,0.136010348923249
1,1,0,1,0,1,0,1,1,0,0,0,0,158,0,0,0,31,0,0.446278133804085
1,1,0,1,0,1,0,1,1,0,0,1,0,265,0,1,0,10,0,0.202883012265716
1,1,0,1,0,1,1,0,0,0,0,0,0,282,0,0,10,0,0,0.149207073040581
1,1,0,1,0,1,1,0,0,0,0,0,0,236,0,0,3,0,0,0.0674252973204299
1,1,0,1,0,1,1,0,0,0,0,0,0,243,0,2,5,0,0,0.144471259242072
1,1,0,1,0,1,1,0,1,0,0,1,0,197,0,8,104,0,73,1.10822595625804
1,1,0,1,0,1,1,0,1,0,0,0,0,247,0,0,19,0,0,0.257318640543832
1,1,0,1,0,1,1,0,1,0,0,0,0,176,0,0,36,0,9,0.607271814155035
1,1,0,1,0,1,1,1,0,0,0,0,0,225,0,0,0,35,0,0.395067120830435
1,1,0,1,0,1,1,1,0,0,0,0,0,238,0,1,0,6,0,0.141458303813383
1,1,0,1,0,1,1,1,0,0,0,1,0,204,0,0,11,13,0,0.435391573894841
1,1,0,1,0,1,1,1,1,0,0,0,0,268,0,0,3,11,2,0.263609836735798
1,1,0,1,0,1,1,1,1,0,0,0,0,166,0,0,10,9,1,0.433322775900553
1,1,0,1,0,1,1,1,1,0,1,0,0,180,0,0,12,26,0,0.597922766591604
1,1,0,1,1,0,0,0,0,0,0,0,0,146,147,0,0,0,0,0.693141356368974
1,1,0,1,1,0,0,0,0,0,0,0,0,89,129,0,0,0,0,0.676217828528464
1,1,0,1,1,0,0,0,0,0,0,0,0,92,93,0,0,0,0,0.693132571285003
1,1,0,1,1,0,0,0,1,0,0,0,0,198,131,0,0,0,5,0.739958624775984
1,1,0,1,1,0,0,0,1,0,0,0,0,71,119,0,0,0,1,0.690147946631942
1,1,0,1,1,0,0,0,1,0,0,0,0,89,197,0,0,0,2,0.657175529341973
1,1,0,1,1,0,0,1,0,0,0,0,0,142,89,0,0,3,0,0.726637713855378
1,1,0,1,1,0,0,1,0,0,0,0,0,137,117,0,0,17,0,0.881172828042999
1,1,0,1,1,0,0,1,0,0,0,0,0,98,65,0,0,11,0,0.865728670170193
1,1,0,1,1,0,0,1,1,0,0,0,0,195,71,0,0,1,1,0.624997483533752
1,1,0,1,1,0,0,1,1,0,0,0,0,113,68,0,0,18,0,0.905626236239062
1,1,0,1,1,0,0,1,1,0,0,0,0,127,208,0,0,13,0,0.798282875736787
1,1,0,1,1,0,1,0,0,0,0,0,0,140,145,0,4,0,0,0.756386863680718
1,1,0,1,1,0,1,0,0,0,0,0,0,105,42,0,5,0,0,0.723254532052777
1,1,0,1,1,0,1,0,0,0,0,0,0,144,111,0,26,0,0,0.929737311777975
1,1,0,1,1,0,1,0,1,0,0,0,0,167,80,0,0,0,0,0.629764460322274
1,1,0,1,1,0,1,0,1,0,0,0,0,134,52,0,0,0,0,0.592546638446232
1,1,0,1,1,0,1,0,1,0,0,0,0,130,121,0,23,0,1,0.943365637510928
1,1,0,1,1,0,1,1,0,0,0,1,0,197,71,0,5,6,0,0.769649773851907
1,1,0,1,1,0,1,1,0,0,0,0,0,105,64,0,0,13,0,0.873354512634164
1,1,0,1,1,0,1,1,0,0,0,0,0,168,135,0,0,44,0,0.980326545015047
1,1,0,1,1,0,1,1,1,0,0,0,0,168,59,0,0,0,0,0.572964741136976
1,1,0,1,1,0,1,1,1,0,0,0,0,157,191,0,0,11,13,0.927668032110854
1,1,0,1,1,0,1,1,1,0,0,0,0,161,66,0,0,1,0,0.628366173970921
1,1,0,1,1,1,0,0,0,0,0,0,0,158,105,0,0,0,0,0.672702123490309
1,1,0,1,1,1,0,0,0,0,0,0,0,187,71,0,0,0,0,0.588356551504016
1,1,0,1,1,1,0,0,0,0,0,0,0,148,51,0,0,0,0,0.569131338362534
1,1,0,1,1,1,0,0,1,0,0,0,0,122,128,0,0,0,49,1.02536117925494
1,1,0,1,1,1,0,0,1,0,0,0,0,190,57,0,0,0,4,0.613366590838791
1,1,0,1,1,1,0,0,1,0,0,0,0,146,139,0,0,0,0,0.692845518954323
1,1,0,1,1,1,0,1,0,0,0,0,0,147,158,0,0,1,0,0.7122007703356
1,1,0,1,1,1,0,1,0,0,0,0,0,123,72,2,0,46,0,1.05963578539988
1,1,0,1,1,1,0,1,0,0,0,1,0,128,64,0,0,32,0,0.97995844662077
1,1,0,1,1,1,0,1,1,0,0,0,0,75,76,0,0,15,7,1.06549121046943
1,1,0,1,1,1,0,1,1,0,0,0,0,109,80,0,0,4,1,0.796393069468654
1,1,0,1,1,1,0,1,1,0,0,0,0,166,126,0,0,1,0,0.704194816719892
1,1,0,1,1,1,1,0,0,0,0,0,0,151,60,0,0,0,0,0.597024346308391
1,1,0,1,1,1,1,0,0,0,0,0,0,129,156,0,3,0,0,0.739386958748488
1,1,0,1,1,1,1,0,0,0,0,0,0,165,138,0,14,0,0,0.839694157599982
1,1,0,1,1,1,1,0,1,0,0,0,0,130,83,0,4,0,4,0.825159968959823
1,1,0,1,1,1,1,0,1,0,0,0,0,104,168,0,48,0,0,0.988132712749932
1,1,0,1,1,1,1,0,1,0,0,0,0,173,167,0,0,0,0,0.692991463134578
1,1,0,1,1,1,1,1,0,0,0,0,0,83,112,0,4,9,0,0.911788836082694
1,1,0,1,1,1,1,1,0,0,0,0,0,151,81,0,0,38,0,0.962170436934953
1,1,0,1,1,1,1,1,0,0,0,0,0,130,82,0,0,13,0,0.849545742284889
1,1,0,1,1,1,1,1,1,0,0,0,0,151,139,0,0,1,0,0.712838277260084
1,1,0,1,1,1,1,1,1,0,0,0,0,154,76,0,0,0,0,0.634486114864673
1,1,0,1,1,1,1,1,1,0,0,0,0,171,58,0,2,8,0,0.736915478842784
1,1,1,0,0,0,0,0,0,0,0,0,258,0,0,0,0,0,0,0
1,1,1,0,0,0,0,0,0,0,2,1,293,0,0,0,0,0,0,0.0630727353945988
1,1,1,0,0,0,0,0,0,0,26,15,234,0,0,0,0,0,0,0.519038719489139
1,1,1,0,0,0,0,0,1,0,0,1,159,0,0,0,0,0,42,0.541248429475867
1,1,1,0,0,0,0,0,1,0,0,0,278,0,0,0,0,0,12,0.172303166416888
1,1,1,0,0,0,0,0,1,0,0,0,225,0,0,0,0,0,27,0.340499778471299
1,1,1,0,0,0,0,1,0,0,0,3,211,0,0,0,0,86,0,0.651743239632014
1,1,1,0,0,0,0,1,0,0,1,3,160,0,0,0,0,79,0,0.717300012689062
1,1,1,0,0,0,0,1,0,0,0,0,206,0,0,0,0,49,0,0.489335367205193
1,1,1,0,0,0,0,1,1,0,0,0,253,0,0,0,0,15,0,0.215732153404156
1,1,1,0,0,0,0,1,1,0,0,0,53,0,0,0,0,105,8,0.800380315355091
1,1,1,0,0,0,0,1,1,0,0,5,169,0,0,0,0,75,10,0.839308633787053
1,1,1,0,0,0,1,0,0,0,0,0,135,0,0,0,135,0,0,0.693147180559945
1,1,1,0,0,0,1,0,0,0,0,0,233,0,0,0,187,0,0,0.687137399294995
1,1,1,0,0,0,1,0,0,0,2,0,205,0,0,0,32,0,0,0.440869874215675
1,1,1,0,0,0,1,0,1,0,0,0,154,0,0,0,124,0,27,0.92557993959482
1,1,1,0,0,0,1,0,1,0,0,0,190,0,0,0,55,0,8,0.656024147890694
1,1,1,0,0,0,1,0,1,0,0,0,134,0,0,0,90,0,49,1.02341832217922
1,1,1,0,0,0,1,1,0,0,0,0,183,0,0,0,33,102,0,0.917812570033732
1,1,1,0,0,0,1,1,0,0,0,0,133,0,0,0,13,82,0,0.845522146602853
1,1,1,0,0,0,1,1,0,0,0,0,237,0,0,0,77,29,0,0.799669659989941
1,1,1,0,0,0,1,1,1,0,0,0,241,0,0,0,34,36,1,0.708583314115196
1,1,1,0,0,0,1,1,1,0,0,0,87,0,0,0,52,80,28,1.30751571821502
1,1,1,0,0,0,1,1,1,0,0,0,271,0,0,0,10,45,0,0.533830315636635
1,1,1,0,0,1,0,0,0,0,0,0,230,0,0,51,0,0,0,0.473652362140594
1,1,1,0,0,1,0,0,0,0,13,0,171,0,0,27,0,0,0,0.6051453126653
1,1,1,0,0,1,0,0,0,0,0,0,241,0,0,1,0,0,0,0.0268052428044225
1,1,1,0,0,1,0,0,1,0,0,0,215,0,0,2,0,0,25,0.379246130990271
1,1,1,0,0,1,0,0,1,0,0,0,201,0,0,0,0,0,92,0.622258494312678
1,1,1,0,0,1,0,0,1,0,5,5,282,0,0,0,0,0,18,0.384511443379127
1,1,1,0,0,1,0,1,0,0,0,0,175,0,0,0,0,75,0,0.610864302054894
1,1,1,0,0,1,0,1,0,0,0,0,184,0,0,7,0,108,0,0.754491322645348
1,1,1,0,0,1,0,1,0,0,0,0,116,0,0,0,0,166,0,0.677345244571006
1,1,1,0,0,1,0,1,1,0,1,0,172,0,0,0,0,96,10,0.804787669553385
1,1,1,0,0,1,0,1,1,0,0,1,228,0,0,0,0,37,17,0.628982611359123
1,1,1,0,0,1,0,1,1,0,0,0,178,0,0,0,0,47,2,0.558427094162091
1,1,1,0,0,1,1,0,0,0,0,0,239,0,0,0,96,0,0,0.599049292145833
1,1,1,0,0,1,1,0,0,0,0,7,307,0,0,0,36,0,0,0.427160836377526
1,1,1,0,0,1,1,0,0,0,0,0,228,0,0,0,22,0,0,0.297885968360265
1,1,1,0,0,1,1,0,1,0,0,0,164,0,0,0,151,0,5,0.761963061155045
1,1,1,0,0,1,1,0,1,0,0,0,238,0,0,0,33,0,9,0.500646063675568
1,1,1,0,0,1,1,0,1,0,0,0,186,0,0,3,146,0,3,0.775155002547867
1,1,1,0,0,1,1,1,0,0,0,0,312,0,0,0,1,12,0,0.178791722655847
1,1,1,0,0,1,1,1,0,0,0,0,169,0,0,0,54,73,0,0.975624452498713
1,1,1,0,0,1,1,1,0,0,0,0,227,0,0,0,28,48,0,0.72831026829233
1,1,1,0,0,1,1,1,1,0,0,0,94,0,0,0,265,33,2,0.843180459274474
1,1,1,0,0,1,1,1,1,0,0,0,165,0,0,0,41,45,27,1.11314318077606
1,1,1,0,0,1,1,1,1,0,0,0,167,0,0,0,11,49,9,0.838594387746683
1,1,1,0,1,0,0,0,0,0,0,0,124,0,225,0,0,0,0,0.650666464806957
1,1,1,0,1,0,0,0,0,0,0,2,80,0,238,0,0,0,0,0.598480853703643
1,1,1,0,1,0,0,0,0,0,0,0,30,0,310,0,0,0,0,0.298435812703107
1,1,1,0,1,0,0,0,1,0,2,0,26,0,198,0,0,0,27,0.702712525054345
1,1,1,0,1,0,0,0,1,0,0,1,23,0,201,0,0,0,32,0.689215375261617
1,1,1,0,1,0,0,0,1,0,0,0,102,0,128,0,0,0,4,0.761507960737247
1,1,1,0,1,0,0,1,0,0,0,0,23,0,230,0,0,4,0,0.380127503326407
1,1,1,0,1,0,0,1,0,0,0,0,19,0,229,0,0,33,0,0.60044922824308
1,1,1,0,1,0,0,1,0,0,0,2,24,0,225,0,0,25,0,0.632161472937548
1,1,1,0,1,0,0,1,1,0,0,0,12,0,356,0,0,17,31,0.559741870432479
1,1,1,0,1,0,0,1,1,0,0,0,35,0,194,0,0,30,0,0.736605720154056
1,1,1,0,1,0,0,1,1,0,0,0,47,0,210,0,0,45,2,0.860002618735743
1,1,1,0,1,0,1,0,0,0,0,0,54,0,201,0,11,0,0,0.667156936469191
1,1,1,0,1,0,1,0,0,0,0,0,83,0,176,0,17,0,0,0.819916878678063
1,1,1,0,1,0,1,0,0,0,0,0,14,0,202,0,22,0,0,0.525968944833072
1,1,1,0,1,0,1,0,1,0,0,5,44,0,144,0,8,0,14,0.980931127934312
1,1,1,0,1,0,1,0,1,0,0,0,26,0,122,0,49,0,33,1.19075312813263
1,1,1,0,1,0,1,0,1,0,0,0,4,0,245,0,61,0,4,0.623081131809561
1,1,1,0,1,0,1,1,0,0,0,2,46,0,267,0,12,33,0,0.845818421121448
1,1,1,0,1,0,1,1,0,0,0,0,18,0,177,0,4,31,0,0.741540286787466
1,1,1,0,1,0,1,1,0,0,0,0,37,0,213,0,35,28,0,0.97528273526546
1,1,1,0,1,0,1,1,1,0,0,0,55,0,204,0,24,40,0,1.04350905998763
1,1,1,0,1,0,1,1,1,0,0,0,43,0,231,0,4,34,0,0.793094433364654
1,1,1,0,1,0,1,1,1,0,0,0,22,0,275,0,2,12,0,0.454197542434006
1,1,1,0,1,1,0,0,0,0,0,0,72,0,238,0,0,0,0,0.541990423598653
1,1,1,0,1,1,0,0,0,0,0,0,38,0,227,20,0,0,0,0.636325764447735
1,1,1,0,1,1,0,0,0,0,0,0,32,0,269,0,0,0,0,0.338735148461547
1,1,1,0,1,1,0,0,1,0,0,0,112,0,132,0,0,0,28,0.950274663166007
1,1,1,0,1,1,0,0,1,0,0,0,76,0,192,0,0,0,12,0.747669156424424
1,1,1,0,1,1,0,0,1,0,0,0,45,0,189,0,0,0,3,0.551242272983481
1,1,1,0,1,1,0,1,0,0,0,0,12,0,180,0,0,75,0,0.761920113557863
1,1,1,0,1,1,0,1,0,0,0,0,111,0,85,0,0,62,0,1.07131020112262
1,1,1,0,1,1,0,1,0,0,0,0,63,0,205,0,0,17,0,0.738807915935332
1,1,1,0,1,1,0,1,1,0,0,0,40,0,149,0,0,31,61,1.18867464512007
1,1,1,0,1,1,0,1,1,0,0,0,71,0,189,0,0,24,13,0.969967523679614
1,1,1,0,1,1,0,1,1,0,0,0,28,0,166,0,0,17,2,0.706631976215681
1,1,1,0,1,1,1,0,0,0,0,3,66,0,153,0,16,0,0,0.876340121702451
1,1,1,0,1,1,1,0,0,0,0,0,32,0,214,0,34,0,0,0.709365767664903
1,1,1,0,1,1,1,0,0,0,0,0,44,0,148,0,26,0,0,0.839530519678763
1,1,1,0,1,1,1,0,1,0,0,0,54,0,158,0,36,0,14,1.05976191547192
1,1,1,0,1,1,1,0,1,0,0,0,20,0,173,0,5,0,13,0.646523429550161
1,1,1,0,1,1,1,0,1,0,0,0,66,0,144,0,17,0,10,0.981305685896379
1,1,1,0,1,1,1,1,0,0,0,0,54,0,136,0,32,7,0,1.03175203452563
1,1,1,0,1,1,1,1,0,0,0,0,44,0,192,0,4,4,0,0.632275560495265
1,1,1,0,1,1,1,1,0,0,0,0,15,0,223,0,1,24,0,0.542901750883125
1,1,1,0,1,1,1,1,1,0,0,2,142,0,139,0,3,10,11,1.02422836959895
1,1,1,0,1,1,1,1,1,0,0,0,26,0,153,0,9,11,7,0.890299701790569
1,1,1,0,1,1,1,1,1,0,0,0,61,0,208,0,8,49,2,1.00736651205968
1,1,1,1,0,0,0,0,0,0,0,1,10,219,0,0,0,0,0,0.206633396924264
1,1,1,1,0,0,0,0,0,0,0,0,10,197,0,0,0,0,0,0.193506302969117
1,1,1,1,0,0,0,0,0,0,6,1,91,204,0,0,0,0,0,0.723224200644334
1,1,1,1,0,0,0,0,1,0,0,0,20,155,0,0,0,0,0,0.355382896246011
1,1,1,1,0,0,0,0,1,0,0,0,112,183,0,0,0,0,0,0.663897934119377
1,1,1,1,0,0,0,0,1,0,0,0,55,152,0,0,0,0,0,0.57893539057735
1,1,1,1,0,0,0,1,0,0,0,0,32,205,0,0,0,15,0,0.597915803267383
1,1,1,1,0,0,0,1,0,0,0,0,28,161,0,0,0,0,0,0.419483369306181
1,1,1,1,0,0,0,1,0,0,0,0,42,162,0,0,0,3,0,0.576831995480094
1,1,1,1,0,0,0,1,1,0,0,0,32,215,0,0,0,37,0,0.722232380045449
1,1,1,1,0,0,0,1,1,0,0,0,5,159,0,0,0,2,0,0.200004342113729
1,1,1,1,0,0,0,1,1,0,0,0,39,291,0,0,0,16,0,0.533787345861779
1,1,1,1,0,0,1,0,0,0,0,0,30,209,0,0,2,0,0,0.422680441907128
1,1,1,1,0,0,1,0,0,0,0,0,1,180,0,0,4,0,0,0.137775227214987
1,1,1,1,0,0,1,0,0,0,0,0,53,265,0,0,1,0,0,0.47035136828763
1,1,1,1,0,0,1,0,1,0,0,0,19,166,0,0,0,0,0,0.33098115766563
1,1,1,1,0,0,1,0,1,0,0,0,19,209,0,0,0,0,4,0.368990058264209
1,1,1,1,0,0,1,0,1,0,0,0,19,177,0,0,26,0,1,0.668008752364654
1,1,1,1,0,0,1,1,0,0,0,0,16,268,0,0,21,25,0,0.68650842068282
1,1,1,1,0,0,1,1,0,0,0,0,7,162,0,0,0,1,0,0.207492687926536
1,1,1,1,0,0,1,1,0,0,0,0,3,227,0,0,5,2,0,0.218300753972375
1,1,1,1,0,0,1,1,1,0,0,0,12,149,0,0,3,2,0,0.412656399136943
1,1,1,1,0,0,1,1,1,0,0,0,20,160,0,0,0,7,0,0.495473178609243
1,1,1,1,0,0,1,1,1,0,0,1,42,212,0,0,0,15,0,0.660647265609852
1,1,1,1,0,1,0,0,0,0,0,0,20,226,0,0,0,0,0,0.281934969645304
1,1,1,1,0,1,0,0,0,0,0,0,118,171,0,0,0,0,0,0.67623549832384
1,1,1,1,0,1,0,0,0,0,0,0,30,323,0,0,0,0,0,0.290780742908416
1,1,1,1,0,1,0,0,1,0,0,4,8,167,0,0,0,0,23,0.610237779490874
1,1,1,1,0,1,0,0,1,0,0,0,53,191,0,0,0,0,11,0.678571215056658
1,1,1,1,0,1,0,0,1,0,0,0,50,225,0,0,0,0,0,0.474139313057837
1,1,1,1,0,1,0,1,0,0,0,0,15,183,0,0,0,11,0,0.460355462551915
1,1,1,1,0,1,0,1,0,0,0,0,4,199,0,0,0,1,0,0.127370790095915
1,1,1,1,0,1,0,1,0,0,0,1,51,177,0,0,0,25,0,0.824052749080689
1,1,1,1,0,1,0,1,1,0,0,0,47,184,0,0,0,9,0,0.646138348856774
1,1,1,1,0,1,0,1,1,0,0,0,33,204,0,0,0,16,2,0.654875536571876
1,1,1,1,0,1,0,1,1,0,0,0,34,201,0,0,0,4,0,0.49150237284656
1,1,1,1,0,1,1,0,0,0,0,0,11,181,0,0,2,0,0,0.274605040398295
1,1,1,1,0,1,1,0,0,0,0,0,1,217,0,0,1,0,0,0.0583058589567761
1,1,1,1,0,1,1,0,0,0,0,0,39,147,0,0,5,0,0,0.621280318006311
1,1,1,1,0,1,1,0,1,0,0,0,56,162,0,0,4,0,0,0.6497247763169
1,1,1,1,0,1,1,0,1,0,0,0,0,248,0,0,12,0,0,0.187030827760252
1,1,1,1,0,1,1,0,1,0,0,0,3,277,0,1,6,0,3,0.238173751389934
1,1,1,1,0,1,1,1,0,0,0,0,16,199,0,0,4,14,0,0.557385836676844
1,1,1,1,0,1,1,1,0,0,0,3,108,161,0,0,0,43,0,1.02621163205502
1,1,1,1,0,1,1,1,0,0,0,1,20,149,0,0,0,8,0,0.563029744728086
1,1,1,1,0,1,1,1,1,0,0,0,15,193,0,0,0,3,2,0.380061692928673
1,1,1,1,0,1,1,1,1,0,0,0,41,161,0,0,0,16,12,0.896588626963771
1,1,1,1,0,1,1,1,1,0,0,0,21,140,0,0,0,8,1,0.592266421221243
1,1,1,1,1,0,0,0,0,0,1,0,34,117,97,0,0,0,0,1.01617750239597
1,1,1,1,1,0,0,0,0,0,0,0,5,120,98,0,0,0,0,0.779938535559975
1,1,1,1,1,0,0,0,0,0,0,0,2,72,67,0,0,0,0,0.757124000807455
1,1,1,1,1,0,0,0,1,0,0,0,4,164,39,0,0,0,0,0.575220359416556
1,1,1,1,1,0,0,0,1,0,0,0,10,195,75,0,0,0,1,0.744858678710634
1,1,1,1,1,0,0,0,1,0,0,0,0,213,96,0,0,0,0,0.619643355612892
1,1,1,1,1,0,0,1,0,0,0,0,0,205,30,0,0,15,0,0.585966037103161
1,1,1,1,1,0,0,1,0,0,0,0,0,98,159,0,0,26,0,0.910488978734081
1,1,1,1,1,0,0,1,0,0,0,0,9,131,67,0,0,21,0,1.02550682532829
1,1,1,1,1,0,0,1,1,0,0,0,13,75,278,0,0,0,0,0.652265519826994
1,1,1,1,1,0,0,1,1,0,0,0,4,131,92,0,0,5,0,0.842221141345135
1,1,1,1,1,0,0,1,1,0,0,0,44,139,88,0,0,31,0,1.23077316435934
1,1,1,1,1,0,1,0,0,0,0,0,25,179,133,0,1,0,0,0.913488531812328
1,1,1,1,1,0,1,0,0,0,0,0,15,134,85,0,3,0,0,0.920159382157762
1,1,1,1,1,0,1,0,0,0,0,0,0,79,125,0,32,0,0,0.973877794867671
1,1,1,1,1,0,1,0,1,0,0,0,4,124,142,0,0,0,0,0.75772738952103
1,1,1,1,1,0,1,0,1,0,0,0,18,78,136,0,2,0,0,0.919605991660513
1,1,1,1,1,0,1,0,1,0,0,0,1,128,108,0,20,0,2,0.96983583720793
1,1,1,1,1,0,1,1,0,0,0,0,0,85,73,0,0,4,0,0.788990943565785
1,1,1,1,1,0,1,1,0,0,0,0,12,126,108,0,1,1,0,0.897055469540958
1,1,1,1,1,0,1,1,0,0,0,0,3,186,235,0,0,12,0,0.829692257573821
1,1,1,1,1,0,1,1,1,0,0,0,18,118,94,0,0,2,0,0.94922236639226
1,1,1,1,1,0,1,1,1,0,0,0,13,176,105,0,28,16,5,1.23794707415379
1,1,1,1,1,0,1,1,1,0,0,0,3,165,50,0,0,7,0,0.727214351651555
1,1,1,1,1,1,0,0,0,0,0,0,6,248,62,0,0,0,0,0.584972537203749
1,1,1,1,1,1,0,0,0,0,0,0,0,115,136,0,0,0,0,0.689643141435063
1,1,1,1,1,1,0,0,0,0,0,0,17,122,193,0,0,0,0,0.835392797937405
1,1,1,1,1,1,0,0,1,0,0,0,13,117,85,0,0,0,3,0.928348798174324
1,1,1,1,1,1,0,0,1,0,0,0,15,103,125,0,0,0,11,1.01798818840533
1,1,1,1,1,1,0,0,1,0,0,0,2,141,114,0,0,0,11,0.869102987890722
1,1,1,1,1,1,0,1,0,0,0,0,11,119,139,0,0,19,0,1.02084672669712
1,1,1,1,1,1,0,1,0,0,0,0,24,99,104,0,0,1,0,0.981070143856292
1,1,1,1,1,1,0,1,0,0,0,0,6,185,67,0,0,1,0,0.698794123653001
1,1,1,1,1,1,0,1,1,0,0,0,3,147,64,0,0,2,0,0.725073598338714
1,1,1,1,1,1,0,1,1,0,0,0,13,132,120,0,0,13,4,1.0629612423788
1,1,1,1,1,1,0,1,1,0,0,0,0,157,86,0,0,0,0,0.649833217342664
1,1,1,1,1,1,1,0,0,0,0,0,1,160,66,0,13,0,0,0.80609990226634
1,1,1,1,1,1,1,0,0,0,0,0,8,166,142,0,0,0,0,0.790701240865381
1,1,1,1,1,1,1,0,0,0,0,0,16,162,114,0,9,0,0,0.962081460175849
1,1,1,1,1,1,1,0,1,0,0,0,31,115,102,0,0,0,4,1.04763066489123
1,1,1,1,1,1,1,0,1,0,0,0,13,142,130,0,1,0,0,0.866302082198857
1,1,1,1,1,1,1,0,1,0,0,0,18,84,98,0,0,0,0,0.93060678827461
1,1,1,1,1,1,1,1,0,0,0,0,28,138,93,0,1,3,0,1.01667751291595
1,1,1,1,1,1,1,1,0,0,0,0,2,149,184,0,0,26,0,0.927013738566661
1,1,1,1,1,1,1,1,0,0,0,0,4,141,32,0,0,11,0,0.765161543265191
1,1,1,1,1,1,1,1,1,0,0,0,7,99,144,0,1,1,0,0.830257058361996
1,1,1,1,1,1,1,1,1,0,0,0,14,126,123,0,0,0,1,0.885733199353486
1,1,1,1,1,1,1,1,1,0,0,0,4,154,121,0,0,17,1,0.947297253003576
