"TREP.action","TPRA.action","PTRI.action","PPRA.action","GPRA.action","DGLO.action","AELA.action","ASYL.action","APRA.action","NEWSPS.action","month.initial","TREP.outcome","TPRA.outcome","PTRI.outcome","PPRA.outcome","GPRA.outcome","DGLO.outcome","AELA.outcome","ASYL.outcome","APRA.outcome","NEWSPS.outcome","diversity.desirability"
1,0,1,1,0,0,1,1,1,0,"May",0,0,16.39,0,0,0,165.1,0,0,4.98,0.418252064902893
1,0,1,1,0,0,1,1,1,0,"August",0,0,0,0,0,0,84,0,0,1.3,0.0788862405861904
0,1,0,0,0,1,0,0,1,0,"May",0,0,0,0,0,193.2,0,0,22.4,33.1,0.681388624581155
0,1,0,0,0,1,0,0,1,0,"August",0,0,0,0,0,30.7,0,0,8.84,6.15,0.85490769394736
0,0,0,0,0,1,1,1,0,0,"May",0,0,0,0,0,91.3,135.4,11.6,0,5,0.918891992013141
0,0,0,0,0,1,1,1,0,0,"August",0,0,0,0,0,14.07,22.71,0,0,0,0.665296226403617
1,1,0,0,0,0,0,0,0,0,"May",1.16,0,0,0,0,0,0,0,0,24.2,0.185779559834281
1,1,0,0,0,0,0,0,0,0,"August",0,0,0,0,0,0,0,0,0,11.21,0
1,1,1,0,0,0,0,0,0,0,"May",0,109.1,41,0,0,0,0,0,0,41,0.980483877523094
1,1,1,0,0,0,0,0,0,0,"August",0,27.4,0,0,0,0,0,0,0,12.3,0.618959512775003
0,0,0,0,1,0,0,1,0,0,"May",0,0,0,0,0,0,0,6.33,0,35.6,0.424380879031174
0,0,0,0,1,0,0,1,0,0,"August",0,0,0,0,121.7,0,0,1.52,0,4,0.204105676213159
0,1,1,1,0,1,1,0,1,0,"May",0,0,9.11,0,0,85,236.2,0,16.2,19.88,1.00983497099571
0,1,1,1,0,1,1,0,1,0,"August",0,0,0,0,0,25.22,60.5,0,0,0,0.605881585200995
1,0,1,1,1,1,0,1,0,0,"May",0,0,4.23,0,30.7,93,0,0,0,25.1,1.02062866316221
1,0,1,1,1,1,0,1,0,0,"August",0,0,0,0,34.5,29.55,0,0,0,16.55,1.05615421656855
0,0,1,1,0,0,0,0,0,0,"May",0,0,90.8,0,0,0,0,0,0,14.3,0.397747915218396
0,0,1,1,0,0,0,0,0,0,"August",0,0,0.21,0,0,0,0,0,0,28.09,0.0437793611220846
0,1,0,0,0,0,0,1,0,0,"May",0,35.9,0,0,0,0,0,0,0,4.25,0.337756323687357
0,1,0,0,0,0,0,1,0,0,"August",0,36.5,0,0,0,0,0,0,0,9.92,0.518819102036676
0,0,1,1,0,0,1,1,0,0,"May",0,0,0,0,0,0,232,0,0,2,0.0492127196837535
0,0,1,1,0,0,1,1,0,0,"August",0,0,0,0,0,0,59.2,0,0,24.5,0.604562195418042
0,0,1,1,0,1,0,0,0,0,"May",0,0,7.24,0,0,119.2,0,0,0,97,0.808574040500187
0,0,1,1,0,1,0,0,0,0,"August",0,0,0,0,0,65.5,0,0,0,8.87,0.365465035059829
1,1,0,1,0,0,0,0,1,0,"May",0,42.2,0,0,0,0,0,0,86,8.5,0.827118932497344
1,1,0,1,0,0,0,0,1,0,"August",0,45.8,0,0,0,0,0,0,19.8,22.09,1.02255886134987
1,0,0,0,0,1,0,0,0,0,"May",0,0,0,0,0,131.2,0,0,0,16.57,0.350953274128333
1,0,0,0,0,1,0,0,0,0,"August",0,0,0,0,0,67.3,0,0,0,3.42,0.193656944753798
1,0,0,0,0,1,0,0,1,0,"May",0,0,0,0,0,95.7,0,0,113,26.2,0.962496157143331
1,0,0,0,0,1,0,0,1,0,"August",0,0,0,0,0,31.84,0,0,4.31,5.35,0.702596059017918
0,1,0,1,0,0,0,0,0,0,"May",0,14.43,0,0,0,0,0,0,0,13.4,0.692462138508665
0,1,0,1,0,0,0,0,0,0,"August",0,13.47,0,0,0,0,0,0,0,43,0.549383892450263
0,0,0,0,1,1,0,0,0,0,"May",0,0,0,0,32.8,53.5,0,0,0,9.1,0.915580455271771
0,0,0,0,1,1,0,0,0,0,"August",0,0,0,0,37.82,21.32,0,0,0,7.24,0.926971020773375
1,1,1,1,1,1,1,1,1,0,"May",0,0,5.29,0,16.3,28.5,227.5,0,0,10,0.76747498185591
1,1,1,1,1,1,1,1,1,0,"August",0,0,0,0,29,13.47,53,0,0,0.4,0.987956102644256
0,1,0,0,0,1,0,1,1,0,"May",0,36,0,0,0,373.8,0,0.3,18,17.6,0.612919418924348
0,1,0,0,0,1,0,1,1,0,"August",0,0,0,0,0,41.3,0,0.099,1.01,6.72,0.510401117656858
0,1,1,0,0,1,1,0,0,0,"May",0,44.8,15.6,0,0,4.39,270.7,0,0,134,1.05634173103797
0,1,1,0,0,1,1,0,0,0,"August",0,9.16,0,0,0,12.14,156.2,0,0,5.64,0.572597978175614
0,1,0,0,0,0,1,0,0,0,"May",0,105.5,0,0,0,0,130.8,0,0,11.8,0.845982061482773
0,1,0,0,0,0,1,0,0,0,"August",0,0.92,0,0,0,0,46.4,0,0,1.52,0.231497570267585
0,1,0,1,0,0,1,0,0,0,"May",0,9.36,0,0,0,0,137.3,0,0,13.2,0.502762717113046
0,1,0,1,0,0,1,0,0,0,"August",0,9.02,0,0,0,0,75.2,0,0,7.16,0.5884683966408
1,1,0,1,0,1,1,1,0,0,"May",3.36,43.5,0,0,0,21.3,156.4,0,0,4.04,0.929889308663093
1,1,0,1,0,1,1,1,0,0,"August",0,7.93,0,0,0,10.48,81,0,0,0.43,0.630910804403597
0,0,0,0,0,1,0,0,1,0,"May",0,0,0,0,0,0.59,0,0,72.3,7.32,0.34819951290103
0,0,0,0,0,1,0,0,1,0,"August",0,0,0,0,0,0,0,0,49,25.13,0.640369323884999
1,0,0,1,1,1,1,0,1,0,"May",0.08,0,0,4.71,2.59,4.08,138.5,0,9.59,13.5,0.790443872343714
1,0,0,1,1,1,1,0,1,0,"August",0,0,0,0,155.5,5.76,36.1,0,0,3.13,0.672725979926755
1,0,0,0,0,0,0,0,1,0,"May",0,0,0,0,0,0,0,0,161,9.51,0.215177190247065
1,0,0,0,0,0,0,0,1,0,"August",0.07,0,0,0,0,0,0,0,46.2,3.37,0.258709643302286
0,1,0,0,1,0,1,1,0,0,"May",0,69,0,0,55,0,218.5,0,0,66.2,1.19985473329629
0,1,0,0,1,0,1,1,0,0,"August",0,0,0,0,38.24,0,9.89,0,0,5.8,0.794644061690027
0,1,0,0,0,0,0,0,1,0,"May",0,6.47,0,0,0,0,0,0,46.2,27.3,0.887312398862477
0,1,0,0,0,0,0,0,1,0,"August",0,0,0,0,0,0,0,0,39.68,6.78,0.415587316719573
0,1,1,0,0,0,0,0,0,0,"May",0,0,248.7,0,0,0,0,0,0,6.4,0.117229818465572
0,1,1,0,0,0,0,0,0,0,"August",0,0,0.69,0,0,0,0,0,0,26.35,0.118798201405623
0,0,0,0,1,0,1,0,1,0,"May",0,0,0,0,10.33,0,198.3,0,13.55,42.4,0.788362509112335
0,0,0,0,1,0,1,0,1,0,"August",0,0,0,0,0.12,0,40.5,0,1.09,1.25,0.268156753383629
0,0,0,0,1,0,1,0,0,0,"May",0,0,0,0,36.5,0,110.5,0,0,13.7,0.804091634366722
0,0,0,0,1,0,1,0,0,0,"August",0,0,0,0,159.6,0,27.39,0,0,0.97,0.446728903649657
0,1,0,0,1,1,0,0,0,0,"May",0,50.3,0,0,45.5,318.3,0,0,0,25,0.879501583317966
0,1,0,0,1,1,0,0,0,0,"August",0,0,0,0,19.93,24.5,0,0,0,12.03,1.05928476606253
1,1,1,1,1,1,1,1,1,0,"May",0,8.11,67.3,0,32.7,18.3,263.4,0,0,2.99,1.03728859681606
1,1,1,1,1,1,1,1,1,0,"August",0,0,0.2,0,209.5,2.57,19.14,0,1.2,0,0.382773504278738
0,1,1,0,1,0,0,0,1,0,"May",0,8,87.8,0,50.1,0,0,0,26.1,112.9,1.35450038508926
0,1,1,0,1,0,0,0,1,0,"August",0,0,0,0,96.3,0,0,0,1.29,8.36,0.340854967460297
0,0,0,0,0,1,1,0,0,0,"May",0,0,0,0,0,5.25,327.2,0,0,13.8,0.245424875433056
0,0,0,0,0,1,1,0,0,0,"August",0,0,0,0,0,18.74,66.5,0,0,0.1,0.535180369421028
0,0,0,0,0,0,0,1,1,0,"May",0,0,0,0,0,0,0,0,217,246.47,0.69112425432494
0,0,0,0,0,0,0,1,1,0,"August",0,0,0,0,0,0,0,0,40.3,84.5,0.629048442694337
0,0,0,1,1,0,1,0,1,0,"May",0,0,0,0,20.3,0,0,0,0,6.44,0.552043601400129
0,0,0,1,1,0,1,0,1,0,"August",0,0,0,0,68.7,0,70.2,0,0,0.12,0.699443086070625
0,0,0,0,1,1,0,1,1,0,"May",0,0,0,0,10.16,95,0,1.94,49.8,37.7,1.21690306128477
0,0,0,0,1,1,0,1,1,0,"August",0,0,0,0,128.8,14.92,0,0,0.48,0.68,0.382768321693669
0,1,1,0,0,0,0,1,0,0,"May",0,100.8,52.1,0,0,0,0,0,0,63,1.05808663052093
0,1,1,0,0,0,0,1,0,0,"August",0,13.55,0,0,0,0,0,0,0,22.54,0.661792811717332
0,0,0,1,0,0,0,1,1,0,"May",0,0,0,22.7,0,0,0,3.56,187,37.18,0.779369715075117
0,0,0,1,0,0,0,1,1,0,"August",0,0,0,0,0,0,0,2.89,40.09,13.91,0.742404740596347
1,1,1,0,0,1,0,1,1,0,"May",0,0,2.55,0,0,61.8,0,0,21.14,50.4,1.09027320435488
1,1,1,0,0,1,0,1,1,0,"August",0,0,0,0,0,42,0,0,11.7,3.88,0.735704743101546
1,1,0,1,0,0,0,1,0,0,"May",0,145.2,0,0,0,0,0,0,0,29.6,0.454832403939413
1,1,0,1,0,0,0,1,0,0,"August",0,12.56,0,0,0,0,0,0,0,12.8,0.693102398870666
1,0,0,0,1,0,0,0,0,0,"May",27.5,0,0,0,36.1,0,0,0,0,17,1.05488432673117
1,0,0,0,1,0,0,0,0,0,"August",0,0,0,0,58.5,0,0,0,0,4.98,0.27496708248439
1,0,1,0,0,0,1,0,0,0,"May",0,0,8.7,0,0,0,196.8,0,0,13.8,0.399214334092558
1,0,1,0,0,0,1,0,0,0,"August",0,0,0,0,0,0,57.1,0,0,0,0
0,0,1,0,1,0,0,0,0,0,"May",0,0,15,0,66.8,0,0,0,0,31.07,0.933744641557056
0,0,1,0,1,0,0,0,0,0,"August",0,0,0,0,67.7,0,0,0,0,0.81,0.0642202638025986
0,0,0,0,0,0,1,1,0,0,"May",0,0,0,0,0,0,325.7,0.08,0,19.1,0.21622597807786
0,0,0,0,0,0,1,1,0,0,"August",0,0,0,0,0,0,83,0,0,1.13,0.0712331089739188
1,0,0,0,0,1,1,0,0,0,"May",0,0,0,0,0,39,110.3,0,0,11.09,0.786035788575037
1,0,0,0,0,1,1,0,0,0,"August",0,0,0,0,0,37.42,0,0,0,0.04,0.00837332133360176
0,0,1,0,0,1,0,0,0,0,"May",0,0,7.9,0,0,68,0,0,0,17.5,0.753772981550884
0,0,1,0,0,1,0,0,0,0,"August",0,0,0.39,0,0,25.82,0,0,0,29.53,0.7277574133952
1,1,1,1,1,1,1,1,1,0,"May",0,0,25.8,0,35,7.6,158.2,0,8.5,0,1.02358392931562
1,1,1,1,1,1,1,1,1,0,"August",0,0,0.58,0,31.1,9.7,60,0,4.32,1.78,1.12660557120657
1,0,0,0,1,0,0,0,0,0,"May",5.21,0,0,0,62.6,0,0,0,0,3.41,0.450214616191482
1,0,0,0,1,0,0,0,0,0,"August",0,0,0,0,0,0,0,0,0,2.99,0
1,0,0,0,0,0,0,0,1,0,"May",0,0,0,0,0,0,0,0,189.3,6.57,0.146848918290739
1,0,0,0,0,0,0,0,1,0,"August",0,0,0,0,0,0,0,0,94.1,5.4,0.210904915184409
0,0,0,1,1,0,0,0,0,0,"May",0,0,0,0,48.7,0,0,0,0,7.09,0.380805112734488
0,0,0,1,1,0,0,0,0,0,"August",0,0,0,0,0,0,0,0,0,42.5,0
0,1,0,0,1,1,0,0,0,0,"May",0,71.1,0,0,0.3,258.2,0,0,0,3.59,0.582330873950455
0,1,0,0,1,1,0,0,0,0,"August",0,1.18,0,0,0,113,0,0,0,0,0.057533283555048
1,0,1,0,0,0,0,0,0,0,"May",4.2,0,74.7,0,0,0,0,0,0,3.72,0.382160642595564
1,0,1,0,0,0,0,0,0,0,"August",0,0,0,0,0,0,0,0,0,31.3,0
0,1,1,0,1,0,0,0,1,0,"May",0,0,0,0,0,0,0,0,309.4,0,0
0,1,1,0,1,0,0,0,1,0,"August",0,0,0,0,0,0,0,0,63.2,0.7,0.0603434713662655
1,0,0,0,0,0,0,1,0,0,"May",0,0,0,0,0,0,0,0,0,5.42,0
1,0,0,0,0,0,0,1,0,0,"August",0,0,0,0,0,0,0,0,0,22,0
0,0,0,1,0,0,1,0,0,0,"May",0,0,0,0,0,0,145,0,0,0.35,0.0169227150172086
0,0,0,1,0,0,1,0,0,0,"August",0,0,0,0,0,0,96,0,0,11.98,0.348489600254985
1,0,0,1,1,0,0,0,0,0,"May",0,0,0,0,58.2,0,0,0,0,21.2,0.580254631511413
1,0,0,1,1,0,0,0,0,0,"August",0,0,0,0,72.2,0,0,0,0,9.96,0.369362346693901
1,0,1,0,0,0,1,0,0,0,"May",0,0,6.33,0,0,0,253.7,0,0,28.1,0.422937827056094
1,0,1,0,0,0,1,0,0,0,"August",0,0,0,0,0,0,125.7,0,0,1.69,0.0705220724271145
1,0,0,0,0,0,1,0,0,0,"May",0,0,0,0,0,0,343.2,0,0,0.2,0.00492023447801744
1,0,0,0,0,0,1,0,0,0,"August",0,0,0,0,0,0,192.5,0,0,0.53,0.0189352193315938
0,0,1,0,0,0,0,0,1,0,"May",0,0,0,0,0,0,0,0,129.2,3.71,0.127413191072665
0,0,1,0,0,0,0,0,1,0,"August",0,0,0.17,0,0,0,0,0,46,2.59,0.230612817462484
1,1,0,0,0,1,1,0,0,0,"May",0,0,0,0,0,52.9,152.7,0,0,3.4,0.644068519906779
1,1,0,0,0,1,1,0,0,0,"August",0,0,0,0,0,17.42,134,0,0,7.44,0.529301324606464
0,0,1,0,1,1,0,0,0,0,"May",0,0,27.5,0,38.7,0.17,0,0,0,6.92,0.94190633913648
0,0,1,0,1,1,0,0,0,0,"August",0,0,0,0,48.7,58,0,0,0,13.47,0.962939804376879
0,0,1,0,0,0,0,1,0,0,"May",0,0,142.7,0,0,0,0,0,0,5.84,0.165764262736366
0,0,1,0,0,0,0,1,0,0,"August",0,0,0.002,0,0,0,0,0,0,43.1,0.000509403475338952
1,1,1,0,1,1,1,0,0,0,"May",0,16.4,10.52,0,17.6,58.5,179.8,0,0,1.93,1.10759842241869
1,1,1,0,1,1,1,0,0,0,"August",0,1.09,0.19,0,0,34.3,28.28,0,0,2.96,0.928099719983692
0,0,0,0,1,0,1,0,1,0,"May",0,0,0,0,5.17,0,150,0,32.2,1.31,0.617198943279537
0,0,0,0,1,0,1,0,1,0,"August",0,0,0,0,6.77,0,30.53,0,16.35,0,0.944150269076363
1,0,0,1,1,1,0,0,0,0,"May",0,0,0,0,0,140,0,0,0,5.32,0.157012958666354
1,0,0,1,1,1,0,0,0,0,"August",0,0,0,0,3.67,27.7,0,0,0,0.12,0.384539847088348
1,0,0,0,0,0,0,1,1,0,"May",0,0,0,0,0,0,0,0,0,42.6,0
1,0,0,0,0,0,0,1,1,0,"August",0,0,0,0,0,0,0,0,0,30.7,0
1,0,0,0,1,0,0,1,0,0,"May",0,0,0,0,152.5,0,0,0,0,1.39,0.0515065447705369
1,0,0,0,1,0,0,1,0,0,"August",0,0,0,0,165.1,0,0,0,0,4.68,0.126173506092679
0,0,1,1,0,1,0,0,0,0,"May",0,0,2.65,0,0,343.2,0,0,0,15.2,0.217626281689858
0,0,1,1,0,1,0,0,0,0,"August",0,0,0.06,0,0,93.5,0,0,0,10.22,0.326553368881301
0,0,0,1,0,1,0,0,0,0,"May",0,0,0,0,0,62.8,0,0,0,10.8,0.417010829229631
0,0,0,1,0,1,0,0,0,0,"August",0,0,0,0,0,42.3,0,0,0,13.19,0.548414799267205
0,0,1,1,0,1,0,1,0,0,"May",0,0,12,0,0,143.2,0,0,0,36.9,0.709128111006825
0,0,1,1,0,1,0,1,0,0,"August",0,0,0.09,0,0,61.5,0,0,0,0.07,0.0198202595711558
0,1,0,1,1,1,0,1,1,0,"May",0,0.69,0,0,76,42.7,0,0,7.7,9.6,1.0650978685568
0,1,0,1,1,1,0,1,1,0,"August",0,0,0,0,49,11.82,0,0,0,5.05,0.725256221863156
0,0,0,1,1,0,1,0,1,0,"May",0,0,0,4.97,31.7,0,116.5,0,5.57,6.31,0.907409710865091
0,0,0,1,1,0,1,0,1,0,"August",0,0,0,0,24,0,76.7,0,3.08,9.42,0.897565682961726
0,0,0,1,0,0,0,0,1,0,"May",0,0,0,10.37,0,0,0,0,300.7,1.2,0.170801424089304
0,0,0,1,0,0,0,0,1,0,"August",0,0,0,8,0,0,0,0,72.8,4.54,0.513552786701585
0,1,1,1,0,1,1,0,1,0,"May",0,57,10.25,0,0,40.3,320,0,14.76,0,0.917208360051087
0,1,1,1,0,1,1,0,1,0,"August",0,0,0,0.51,0,7.22,82.2,0,0.73,0,0.358293015603348
0,0,1,0,1,1,1,1,1,0,"May",0,0,8.1,0,36,90.1,183.7,0,86,1.97,1.34055572784091
0,0,1,0,1,1,1,1,1,0,"August",0,0,0.09,0,78,65,2,0,0,0,0.757021754302245
0,1,0,0,1,0,1,1,0,0,"May",0,0,0,0,0,0,443.9,0,0,0.6,0.0102683020821668
0,1,0,0,1,0,1,1,0,0,"August",0,0,0,0,9,0,70,0,0,0,0.354641673486248
0,0,1,0,1,0,0,0,1,0,"May",0,0,2.64,0,0,0,0,0,102.8,0,0.117045801483871
0,0,1,0,1,0,0,0,1,0,"August",0,0,0.02,0,0,0,0,0,29.43,7.73,0.5156327462883
0,1,1,0,0,0,0,0,0,0,"May",0,174.2,47.5,0,0,0,0,0,0,1.27,0.551694538013091
0,1,1,0,0,0,0,0,0,0,"August",0,180,0,0,0,0,0,0,0,8.99,0.19129308943633
1,1,0,1,0,0,0,0,1,0,"May",0,3.39,0,0,0,0,0,0,137.3,0.51,0.137083011636935
1,1,0,1,0,0,0,0,1,0,"August",0,0,0,0,0,0,0,0,31.56,7.16,0.478768568275658
0,0,1,1,0,0,0,0,1,0,"May",0,0,0.33,0,0,0,0,0,31.1,20,0.703862531230592
0,0,1,1,0,0,0,0,1,0,"August",0,0,0.02,0,0,0,0,0,17.8,11.2,0.672267590778982
0,0,1,0,0,0,1,0,0,0,"May",0,0,1.52,0,0,0,57.2,0,0,48.5,0.754390661700024
0,0,1,0,0,0,1,0,0,0,"August",0,0,0,0,0,0,95.2,0,0,18.16,0.439997400993494
0,0,1,0,0,0,1,1,0,0,"May",0,0,0,0,0,0,144.7,0,0,1.68,0.0626832539791011
0,0,1,0,0,0,1,1,0,0,"August",0,0,0,0,0,0,57,0,0,16.2,0.528562847322041
0,1,0,1,0,0,0,0,0,0,"May",0,148.6,0,16,0,0,0,0,0,7.5,0.484158500037626
0,1,0,1,0,0,0,0,0,0,"August",0,106,0,9.64,0,0,0,0,0,30.5,0.739261334919201
1,0,1,0,1,1,0,0,0,0,"May",0,0,3.02,0,72.3,90.7,0,0,0,2.31,0.827162278299385
1,0,1,0,1,1,0,0,0,0,"August",0,0,0,0,9.09,15.11,0,0,0,0,0.661879046174931
0,0,1,0,1,0,0,0,0,0,"May",0,0,60.9,0,65,0,0,0,0,5.78,0.842343705873725
0,0,1,0,1,0,0,0,0,0,"August",0,0,0,0,110.7,0,0,0,0,7.99,0.246646122697507
1,1,1,0,0,0,0,0,0,0,"May",0,0,33.5,0,0,0,0,0,0,2.81,0.272345991842095
1,1,1,0,0,0,0,0,0,0,"August",0,0,0,0,0,0,0,0,0,29.18,0
1,1,0,1,0,1,1,1,0,0,"May",0,0,0,0,0,56.1,189.3,0,0,3.34,0.601584625546849
1,1,0,1,0,1,1,1,0,0,"August",0,0,0,0,0,7.91,79.7,0,0,1.36,0.377642204544545
0,1,1,1,1,0,0,0,0,0,"May",0,0,37.2,0,76.3,0,0,0,0,8,0.833677526611224
0,1,1,1,1,0,0,0,0,0,"August",0,0,0,0,25.82,0,0,0,0,7.07,0.520453223154491
1,1,1,1,1,0,0,0,1,0,"May",0,75.1,3.42,0,21.6,0,0,0,41.2,3.97,1.1684741375162
1,1,1,1,1,0,0,0,1,0,"August",0,84.8,0,0,4,0,0,0,0.22,8.45,0.477945809969842
0,0,0,1,0,0,0,1,0,0,"May",0,0,0,0,0,0,0,0,0,5,0
0,0,0,1,0,0,0,1,0,0,"August",0,0,0,0,0,0,0,0,0,33.5,0
0,0,0,0,0,0,1,0,1,0,"May",0,0,0,0,0,0,83.7,0,42,22.2,0.964324907936053
0,0,0,0,0,0,1,0,1,0,"August",0,0,0,0,0,0,22.05,0,31.5,1.46,0.782016572752046
1,1,1,1,1,1,1,1,1,0,"May",0,14.46,17.3,0,6.57,4.07,161.3,0,0.94,1.43,0.832605080601904
1,1,1,1,1,1,1,1,1,0,"August",0,13.35,0,0,0,3.95,31.8,0,4.33,0.43,1.08967533921601
0,0,0,0,0,0,0,1,0,0,"May",0,25.3,0,0,0,0,0,0,0,0.22,0.0495626500565908
0,0,0,0,0,0,0,1,0,0,"August",0,9.47,0,0,0,0,0,0,0,6.89,0.680660203607908
0,0,1,0,0,0,1,0,0,0,"May",0,0,1.92,0,0,0,224,0,0,12.2,0.248607527623575
0,0,1,0,0,0,1,0,0,0,"August",0,0,0,0,0,0,72.2,0,0,0.7,0.0541654723049439
0,0,0,1,0,0,0,1,0,0,"May",0,0,0,2.27,0,0,0,0,0,9.32,0.494607202912444
0,0,0,1,0,0,0,1,0,0,"August",0,0,0,0,0,0,0,0,0,41.1,0
1,0,1,1,1,1,0,1,0,0,"May",0,0,4.39,0,0,237,0,0,0,54.7,0.552609310852141
1,0,1,1,1,1,0,1,0,0,"August",0,0,0,0,0,134.8,0,0,0,16,0.338284641842432
1,0,0,0,0,1,0,0,0,0,"May",0,0,0,0,0,164.3,0,0,0,5.98,0.15210773438832
1,0,0,0,0,1,0,0,0,0,"August",0,0,0,0,0,57,0,0,0,16.72,0.535385798203319
1,0,1,1,0,0,1,1,1,0,"May",0,0,2.11,0,0,0,196,0,46.6,20.7,0.766730991788701
1,0,1,1,0,0,1,1,1,0,"August",0,0,0.35,0,0,0,107.6,0,11.98,0,0.344484973235807
1,1,0,1,0,0,0,1,0,0,"May",0,109.6,0,238.8,0,0,0,0,0,0.31,0.629297585623116
1,1,0,1,0,0,0,1,0,0,"August",0,113.6,0,87.5,0,0,0,0,0,4.72,0.778242024372471
1,0,1,0,0,0,0,1,1,0,"May",9.94,0,1.02,0,0,0,0,0,136.7,0.78,0.318720338530636
1,0,1,0,0,0,0,1,1,0,"August",0,0,0,0,0,0,0,0,14.56,9.84,0.674318685595005
1,0,0,0,1,0,0,1,0,0,"May",23.6,0,0,0,50,0,0,0,0,3.16,0.773169597630321
1,0,0,0,1,0,0,1,0,0,"August",0,0,0,0,250.1,0,0,0,0,0,0
0,0,1,0,0,1,0,0,0,0,"May",0,0,0.65,0,0,124,0,0,0,25,0.478350681934729
0,0,1,0,0,1,0,0,0,0,"August",0,0,0,0,0,63.1,0,0,0,22.51,0.576106124094368
1,1,1,0,1,1,1,0,0,0,"May",0,241.8,0.63,0,3.61,2.55,133.5,0,0,9.73,0.842795445003511
1,1,1,0,1,1,1,0,0,0,"August",0,69.7,0,0,1.1,3.73,47,0,0,0.68,0.865551916045157
1,0,1,0,0,0,1,0,1,0,"May",5.25,0,1.3,0,0,0,166,0,13.6,12.06,0.631833421808839
1,0,1,0,0,0,1,0,1,0,"August",0,0,0.03,0,0,0,97.5,0,5.74,17.77,0.602513932442316
0,1,0,0,1,0,0,0,0,0,"May",0,71,0,0,48.2,0,0,0,0,19,0.982342166839925
0,1,0,0,1,0,0,0,0,0,"August",0,0,0,0,119.3,0,0,0,0,3.67,0.134201836847235
1,1,0,0,1,0,1,1,1,0,"May",0,105.7,0,0,2.91,0,61.6,0,56.5,2.89,1.16556923406545
1,1,0,0,1,0,1,1,1,0,"August",0,10.69,0,0,11.75,0,14.28,0,29.3,0.81,1.34356557521767
1,1,1,1,1,1,1,1,1,0,"May",0,4.36,3.27,0,13.2,6.5,140.6,0,27.3,3.29,1.02879004576508
1,1,1,1,1,1,1,1,1,0,"August",0,0,0,0,22.46,0,22.23,0,2.4,0,0.859158004793423
0,0,0,1,0,1,0,1,0,0,"May",0,0,0,0,0,70.4,0,0,0,26.4,0.585952618303551
0,0,0,1,0,1,0,1,0,0,"August",0,0,0,0,0,52,0,0,0,17.5,0.564302453541971
0,0,0,1,1,0,0,0,0,0,"May",0,0,0,2.33,20,0,0,0,0,24.8,0.850269360431186
0,0,0,1,1,0,0,0,0,0,"August",0,0,0,0,5.06,0,0,0,0,33.8,0.386787638246203
0,1,1,1,1,0,0,0,0,0,"May",0,56.4,55.5,0,169.1,0,0,0,0,18.4,1.12097328195962
0,1,1,1,1,0,0,0,0,0,"August",0,16.81,0,0,210,0,0,0,0,20.02,0.524198225601861
1,0,0,0,0,1,0,0,1,0,"May",0,0,0,0,0,128,0,0,73.6,0,0.656284803678391
1,0,0,0,0,1,0,0,1,0,"August",0,0,0,0,0,32.5,0,0,50.8,11.5,0.957207925895521
1,1,0,1,0,0,0,0,0,0,"May",0,220.3,0,0,0,0,0,0,0,5,0.106453963833501
1,1,0,1,0,0,0,0,0,0,"August",0,67,0,0,0,0,0,0,0,14.89,0.474156009958163
1,0,0,1,0,0,0,0,0,0,"May",25.4,0,0,310.4,0,0,0,0,0,6.42,0.356135260229178
1,0,0,1,0,0,0,0,0,0,"August",0,0,0,37,0,0,0,0,0,0.12,0.0217655215092634
0,0,0,0,0,0,0,1,1,0,"May",0,0,0,0,0,0,0,0,144.4,8.15,0.2084793557202
0,0,0,0,0,0,0,1,1,0,"August",0,0,0,0,0,0,0,0,120,3.66,0.133339484918243
1,0,0,0,1,0,1,1,0,0,"May",0,0,0,0,0.13,0,436.3,0,0,4.27,0.0572580040350586
1,0,0,0,1,0,1,1,0,0,"August",0,0,0,0,0.02,0,269.8,0,0,1.31,0.0313602086127232
0,0,0,0,0,1,1,0,0,0,"May",0,0,0,0,0,21.2,242,0,0,5.79,0.377990458512238
0,0,0,0,0,1,1,0,0,0,"August",0,0,0,0,0,19.69,152.5,0,0,1.02,0.389530520378081
0,0,0,1,0,0,0,0,1,0,"May",0,0,0,0,0,0,0,0,85,0,0
0,0,0,1,0,0,0,0,1,0,"August",0,0,0,0,0,0,0,0,45.5,55,0.688672791988433
0,0,1,0,1,1,0,0,0,0,"May",0,0,11.49,0,13.25,68,0,0,0,21.8,1.10548931869338
0,0,1,0,1,1,0,0,0,0,"August",0,0,0,0,0,24.14,0,0,0,26.58,0.691989579794252
0,1,1,1,1,0,1,1,0,0,"May",0,0,2.31,8.7,36.9,0,168.8,0,0,11.91,0.843090208895071
0,1,1,1,1,0,1,1,0,0,"August",0,0,0,0,39.5,0,21.4,0,0,7.04,0.914095027646759
0,0,1,1,0,0,0,0,0,0,"May",0,0,28.8,0,0,0,0,0,0,12.4,0.61168467844133
0,0,1,1,0,0,0,0,0,0,"August",0,0,1.87,0,0,0,0,0,0,39,0.185820592541281
1,0,0,1,1,1,0,0,0,0,"May",0,0,0,0,44.3,32.3,0,0,0,15,1.0151818639696
1,0,0,1,1,1,0,0,0,0,"August",0,0,0,0,112.8,8.1,0,0,0,0.12,0.253407562049691
0,0,0,0,0,1,0,1,0,0,"May",0,0,0,0,0,162.1,0,2.04,0,15,0.34907770776527
0,0,0,0,0,1,0,1,0,0,"August",0,0,0,0,0,93.3,0,0,0,2.56,0.123097069921232
0,0,0,0,1,0,0,0,1,0,"May",0,0,0,0,30.5,0,0,0,104.5,3.96,0.648559760734871
0,0,0,0,1,0,0,0,1,0,"August",0,0,0,0,56,0,0,0,68,0,0.688457221789363
0,0,0,1,1,0,1,0,0,0,"May",0,0,0,0,7.48,0,318.2,0,0,16.4,0.296539810086956
0,0,0,1,1,0,1,0,0,0,"August",0,0,0,0,0,0,111.5,0,0,1.12,0.0557484086835744
0,1,1,0,0,1,1,0,0,0,"May",0,214.2,0,0,0,35,115.6,0,0,9.7,0.998529918767052
0,1,1,0,0,1,1,0,0,0,"August",0,15.12,0.32,0,0,32.67,37.7,0,0,1.08,1.10953373412585
0,0,0,1,0,0,0,1,1,0,"May",0,0,0,0,0,0,0,0,187.4,7.8,0.167813877748689
0,0,0,1,0,0,0,1,1,0,"August",0,0,0,0,0,0,0,0,95.7,4.02,0.168937213217191
0,0,0,0,0,1,1,1,0,0,"May",0,0,0,0,0,0,283.2,0,0,1.05,0.0243770464752237
0,0,0,0,0,1,1,1,0,0,"August",0,0,0,0,0,0,108.8,0,0,0,0
0,0,0,1,0,1,1,0,1,0,"May",0,0,0,0,0,66.4,116,0,0,0,0.6557045627347
0,0,0,1,0,1,1,0,1,0,"August",0,0,0,0,0,31.43,7.29,0,7.74,0,0.853573511382977
0,1,0,0,0,1,0,1,1,0,"May",0,0,0,0,0,205.5,0,0,103.2,3.54,0.692022205429043
0,1,0,0,0,1,0,1,1,0,"August",0,0,0,0,0,86.8,0,0,41,1.12,0.671909729743889
0,1,0,0,0,1,0,0,0,0,"May",0,136.4,0,0,0,253,0,0,0,33.23,0.872103412556901
0,1,0,0,0,1,0,0,0,0,"August",0,45,0,0,0,108,0,0,0,0.32,0.619499810311077
0,1,0,0,1,0,0,1,0,0,"May",0,336.3,0,0,0,0,0,0,0,15,0.176427436582091
0,1,0,0,1,0,0,1,0,0,"August",0,152.7,0,0,0,0,0,0,0,9.11,0.216664755953951
1,0,0,0,0,1,1,0,0,0,"May",0,0,0,0,0,139,216.2,0,0,209.4,1.08051649579973
1,0,0,0,0,1,1,0,0,0,"August",0,0,0,0,0,88,130.7,0,0,7.09,0.792379389819706
0,0,0,1,0,0,1,0,0,0,"May",0,0,0,58.4,0,0,266,0,0,37.5,0.755545739111112
0,0,0,1,0,0,1,0,0,0,"August",0,0,0,45.8,0,0,55.7,0,0,20.93,1.02809749595115
1,1,1,1,1,1,1,1,1,0,"May",0.79,0,0.55,0,20,16.5,122.5,0,116.3,1.59,1.14104946172593
1,1,1,1,1,1,1,1,1,0,"August",0,0,0,0,13.79,0.96,34.8,0,11.56,0,1.03682267265717
1,0,0,0,0,0,0,1,0,0,"May",21.5,0,0,0,0,0,0,0,0,20.4,0.692802531397871
1,0,0,0,0,0,0,1,0,0,"August",0,0,0,0,0,0,0,0,0,45,0
0,0,1,0,1,0,0,0,1,0,"May",0,0,52,0,27.7,0,0,0,1.88,0,0.740697370563216
0,0,1,0,1,0,0,0,1,0,"August",0,0,0,0,37.7,0,0,0,5.59,8.51,0.768231293906773
1,0,0,1,1,1,1,0,1,0,"May",0,0,0,0,7.39,76,56.7,0,16.4,1.51,1.1426192416619
1,0,0,1,1,1,1,0,1,0,"August",0,0,0,0,0,22.45,71.6,0,22.55,0.66,0.96391213662678
0,0,1,0,0,0,0,1,0,0,"May",0,0,160.4,0,0,0,0,0,0,2.71,0.0845535038556399
0,0,1,0,0,0,0,1,0,0,"August",0,0,3.31,0,0,0,0,0,0,32.5,0.308129406565843
0,1,0,0,0,0,1,0,1,0,"May",0,0,0,0,0,0,38.1,0,18.4,0,0.631065127034359
0,1,0,0,0,0,1,0,1,0,"August",0,0,0,0,0,0,101.5,0,15.37,0.93,0.432267259662972
0,1,0,0,0,0,0,0,1,0,"May",0,12.27,0,0,0,0,0,0,71.8,11.99,0.74015767410466
0,1,0,0,0,0,0,0,1,0,"August",0,0,0,0,0,0,0,0,54.4,5.97,0.322637578104142
0,1,0,0,1,0,0,0,0,0,"May",0,3.92,0,0,44.8,0,0,0,0,21.1,0.808027847951109
0,1,0,0,1,0,0,0,0,0,"August",0,0,0,0,100.5,0,0,0,0,8.5,0.273811973941245
0,0,1,0,0,0,1,1,0,0,"May",0,0,2.68,0,0,0,247.5,0,0,1.67,0.0987263721613984
0,0,1,0,0,0,1,1,0,0,"August",0,0,0,0,0,0,81.5,3.44,0,0.36,0.196099735124016
0,1,0,0,0,0,1,0,0,0,"May",0,28,0,0,0,0,219.5,0,0,22.5,0.610430715371592
0,1,0,0,0,0,1,0,0,0,"August",0,3.74,0,0,0,0,65.3,0,0,2.31,0.346705936247337
0,0,0,0,0,1,0,1,0,0,"May",0,0,0,0,0,15.59,0,0,0,27,0.656819011026616
0,0,0,0,0,1,0,1,0,0,"August",0,0,0,0,0,5.91,0,0,0,45.3,0.357673051691378
1,1,1,1,1,1,1,1,1,0,"May",0,1.31,4.37,0,0.6,3.31,218.5,52.5,0.86,2.27,0.723624093402841
1,1,1,1,1,1,1,1,1,0,"August",0,0,0,0,73.5,0,3.2,0.92,1.41,0.43,0.352885222558631
0,0,0,0,1,0,0,1,0,0,"May",0,0,0,0,26,0,0,0,0,15.4,0.66000142108199
0,0,0,0,1,0,0,1,0,0,"August",0,0,0,0,165,0,0,0,0,2.55,0.0787987269885707
1,0,0,1,0,0,0,0,0,0,"May",32.2,0,0,0,0,0,0,0,0,17.6,0.64953425214109
1,0,0,1,0,0,0,0,0,0,"August",2.63,0,0,0,0,0,0,0,0,40.7,0.22888098746807
0,0,0,0,0,0,1,1,0,0,"May",0,0,0,0,0,0,160.7,0,0,7.26,0.178059990805099
0,0,0,0,0,0,1,1,0,0,"August",0,0,0,0,0,0,65,0,0,0.87,0.0702697954621317
0,0,1,0,0,0,0,0,1,0,"May",0,0,5.61,0,0,0,0,0,79.5,57.5,0.819274649508497
0,0,1,0,0,0,0,0,1,0,"August",0,0,0,0,0,0,0,0,24.44,15.19,0.665654402114137
0,0,0,0,1,0,0,0,1,0,"May",0,0,0,0,30.3,0,0,0,34.3,8.43,0.969162686912502
0,0,0,0,1,0,0,0,1,0,"August",0,0,0,0,91.5,0,0,0,8.46,0,0.289943475588956
0,0,0,0,0,0,1,0,1,0,"May",0,0,0,0,0,0,257.8,0,8.85,16.2,0.356718259110013
0,0,0,0,0,0,1,0,1,0,"August",0,0,0,0,0,0,64,0,1.96,0,0.133750006142366
0,0,1,1,0,0,0,0,1,0,"May",0,0,15,0,0,0,0,0,58.3,53.9,0.973498954217108
0,0,1,1,0,0,0,0,1,0,"August",0,0,0,0,0,0,0,0,41,16.02,0.593852126277356
1,0,1,0,1,1,0,0,0,0,"May",0,0,15.4,0,7.25,63.4,0,0,0,13.2,1.03485712097324
1,0,1,0,1,1,0,0,0,0,"August",0,0,0,0,59.3,15.77,0,0,0,15,0.878794427732742
0,1,0,0,0,1,0,0,0,0,"May",0,11.72,0,0,0,86.7,0,0,0,0,0.365090915802454
0,1,0,0,0,1,0,0,0,0,"August",0,0,0,0,0,178.5,0,0,0,1.31,0.0431170168743875
1,0,1,0,0,0,0,0,0,0,"May",1.09,0,63.5,0,0,0,0,0,0,46,0.728955883465014
1,0,1,0,0,0,0,0,0,0,"August",1.48,0,0.28,0,0,0,0,0,0,29.66,0.240403250666649
0,1,1,0,0,0,0,1,0,0,"May",0,23,31.3,0,0,0,0,0,0,14,1.04896956109831
0,1,1,0,0,0,0,1,0,0,"August",0,38,0,0,0,0,0,0,0,27.95,0.681490741203451
1,0,1,0,0,0,0,1,1,0,"May",0,0,13.7,0,0,0,0,0,86.6,19.4,0.777192585665068
1,0,1,0,0,0,0,1,1,0,"August",0,0,0,0,0,0,0,0,48,28.24,0.659173122723309
0,1,1,1,1,0,1,1,0,0,"May",0,72,30.2,0,14.6,0,114.5,0,0,6.74,1.24778807087209
0,1,1,1,1,0,1,1,0,0,"August",0,18.47,0,0,1.62,0,88.7,0,0,12.04,0.801637144273787
0,0,0,0,1,1,0,1,1,0,"May",0,0,0,0,128.5,52,0,2.62,3.82,10,0.91547420354127
0,0,0,0,1,1,0,1,1,0,"August",0,0,0,0,91,19.24,0,0.21,0,13.76,0.77134577456359
1,0,0,1,1,0,0,0,0,0,"May",0,0,0,0,35.4,0,0,0,0,17,0.630161834038789
1,0,0,1,1,0,0,0,0,0,"August",0,0,0,0,45.2,0,0,0,0,0.56,0.0660482411330736
0,0,0,0,0,1,0,0,1,0,"May",0,0,0,0,0,186.3,0,0,3.52,209,0.735928851184163
0,0,0,0,0,1,0,0,1,0,"August",0,0,0,0,0,2.04,0,0,5,107.7,0.267615906908767
0,1,0,1,0,0,1,0,0,0,"May",0,0,0,0,0,0,221.9,0,0,33.2,0.386662330580973
0,1,0,1,0,0,1,0,0,0,"August",0,0.56,0,0,0,0,115,0,0,1.1,0.0837336544455253
1,0,0,0,0,0,1,0,0,0,"May",0,0,0,0,0,0,225.3,0,0,17.07,0.254748538039701
1,0,0,0,0,0,1,0,0,0,"August",0,0,0,0,0,0,65,0,0,1.64,0.11547434990199
1,1,0,1,0,0,0,0,0,0,"May",0,6.54,0,0,0,0,0,0,0,29.3,0.475129786721615
1,1,0,1,0,0,0,0,0,0,"August",0,23.1,0,0,0,0,0,0,0,10.97,0.628356017883005
0,0,0,0,1,0,1,0,0,0,"May",0,0,0,0,44.6,0,149.5,0,0,4.46,0.634372423706202
0,0,0,0,1,0,1,0,0,0,"August",0,0,0,0,56,0,55.2,0,0,0.69,0.726374805456478
0,1,0,0,1,0,0,1,0,0,"May",0,18.7,0,0,12.9,0,0,37.3,0,33.9,1.30414875492213
0,1,0,0,1,0,0,1,0,0,"August",0,5.08,0,0,93.5,0,0,0,0,8.33,0.4608336962025
0,0,0,0,1,1,0,0,0,0,"May",0,0,0,0,40.2,35,0,0,0,10.35,0.976062474852916
0,0,0,0,1,1,0,0,0,0,"August",0,0,0,0,0,26.48,0,0,0,33,0.687127182669697
1,1,0,0,1,0,1,1,1,0,"May",0,2.85,0,0,18.3,0,145,0,0,1.14,0.469379658861552
1,1,0,0,1,0,1,1,1,0,"August",0,0,0,0,0,0,98.6,5.18,0,0.89,0.245577027581085
0,0,0,1,1,0,1,0,0,0,"May",0,0,0,0,23.4,0,171.1,0,0,8.52,0.526258521088085
0,0,0,1,1,0,1,0,0,0,"August",0,0,0,0,102.5,0,33.48,0,0,0,0.558135966431504
0,0,0,1,0,1,0,0,0,0,"May",0,0,0,0,0,63.5,0,0,0,65,0.693079047776672
0,0,0,1,0,1,0,0,0,0,"August",0,0,0,0,0,30.42,0,0,0,31,0.693102593090778
0,0,0,1,0,1,0,1,0,0,"May",0,0,0,0,0,65.8,0,5.47,0,28,0.789277220624832
0,0,0,1,0,1,0,1,0,0,"August",0,0,0,0,0,7.78,0,8.73,0,8.73,1.09717680198649
1,1,0,0,0,1,1,0,0,0,"May",0,10.42,0,0,0,18.9,229.3,0,0,53,0.810618591842177
1,1,0,0,0,1,1,0,0,0,"August",0,0.34,0,0,0,36,46,0,0,3.32,0.84612174363978
0,0,1,1,0,0,1,1,0,0,"May",0,0,4.72,0,0,0,128,0,0,3.06,0.257870801765961
0,0,1,1,0,0,1,1,0,0,"August",0,0,0.15,0,0,0,64.5,0,0,9.55,0.398202061724774
0,0,0,1,0,1,1,0,1,0,"May",0,0,0,0,0,16.7,146.1,0,2.71,20.5,0.710759694613101
0,0,0,1,0,1,1,0,1,0,"August",0,0,0,0,0,4.51,40.6,0,0.48,9.58,0.775657866458178
1,1,0,0,0,0,0,0,0,0,"May",0,0,0,0,0,0,0,0,0,29.4,0
1,1,0,0,0,0,0,0,0,0,"August",0,14.95,0,0,0,0,0,0,0,0.9,0.218020637959469
1,0,1,0,0,0,1,0,1,0,"May",0,0,2.92,0,0,0,118.3,0,3.44,45.9,0.755373685290897
1,0,1,0,0,0,1,0,1,0,"August",0,0,0,0,0,0,47.1,0,0,0,0
1,0,0,0,1,0,1,1,0,0,"May",1.72,0,0,0,105.5,0,113.4,0,0,0.48,0.746597973971352
1,0,0,0,1,0,1,1,0,0,"August",0,0,0,0,127.4,0,29.2,0,0,9.34,0.670598129818244
1,1,1,1,1,1,1,1,1,0,"May",0,0.29,22.8,0,0,0,407.3,0,0,2.89,0.251388073264562
1,1,1,1,1,1,1,1,1,0,"August",0,0,0,0,0,9.22,89.4,0,0,4.41,0.473999590527692
0,1,0,1,1,1,0,1,1,0,"May",0,0.57,0,0,72.4,44.8,0,0,0,90.8,1.07582385534193
0,1,0,1,1,1,0,1,1,0,"August",0,7.99,0,0,0,8.74,0,0,0.41,32.19,0.919831307198479
0,1,0,0,0,0,1,0,1,0,"May",0,73,0,0,0,0,326.8,0,0.3,15.2,0.620464952973178
0,1,0,0,0,0,1,0,1,0,"August",0,5.7,0,0,0,0,96.8,0,1.48,0,0.286311397219386
1,1,1,0,0,1,0,1,1,0,"May",0.26,0,26.8,0,0,96,0,0,4.36,37,1.05194183586788
1,1,1,0,0,1,0,1,1,0,"August",0,0,0.05,0,0,44,0,0,2.32,39.3,0.801779503672985
0,1,0,0,0,1,0,0,1,0,"May",0,17.3,0,0,0,29.7,0,0,1.04,46.4,1.07352830617553
0,1,0,0,0,1,0,0,1,0,"August",0,0,0,0,0,64,0,0,4.87,49.2,0.828225656682348
1,0,0,0,0,0,0,1,1,0,"May",0,0,0,0,0,0,0,186,0,4.2,0.106034949707133
1,0,0,0,0,0,0,1,1,0,"August",0,0,0,0,0,0,0,93,0,22.97,0.497713061700224
0,0,1,0,1,1,1,1,1,0,"May",0,0,3.47,0,117.7,2.12,109.3,0,1.1,25.3,1.07001734028783
0,0,1,0,1,1,1,1,1,0,"August",0,0,0,0,4.41,0.72,58,0,0.41,2.77,0.510586969158018
0,0,1,1,0,1,0,1,0,0,"May",0,0,0,0,0,67.5,0,0,0,22,0.557685029407283
0,0,1,1,0,1,0,1,0,0,"August",0,0,0.04,0,0,41,0,0,0,42.4,0.696817285036125
1,1,1,1,1,0,0,0,1,0,"May",0,13,22,0,13.3,0,0,0,9.6,0,1.33889937016168
1,1,1,1,1,0,0,0,1,0,"August",0,0.58,0,0,0,0,0,0,1.53,101,0.111871541256361
