"Ea.action","Pa.action","Pch.action","Pci.action","Pf.action","Pp.action","Pv.action","Sm.action","environment.initial","Ea.outcome","Pa.outcome","Pch.outcome","Pci.outcome","Pf.outcome","Pp.outcome","Pv.outcome","Sm.outcome","diversity.desirability"
1,0,0,0,0,0,0,0,0,0.12323,0,0,0,0,0,0,0,0
1,0,0,0,0,0,0,0,0,0.14113,0,0,0,0,0,0,0,0
1,0,0,0,0,0,0,0,0,0.13199,0,0,0,0,0,0,0,0
1,0,0,0,0,0,0,0,0,0.14444,0,0,0,0,0,0,0,0
1,0,0,0,0,0,0,0,0,0.13306,0,0,0,0,0,0,0,0
1,0,0,0,0,0,0,0,0,0.12451,0,0,0,0,0,0,0,0
1,0,0,0,0,0,0,0,0,0.13418,0,0,0,0,0,0,0,0
1,0,0,0,0,0,0,0,0,0.13045,0,0,0,0,0,0,0,0
0,1,0,0,0,0,0,0,0,0,0.07266,0,0,0,0,0,0,0
0,1,0,0,0,0,0,0,0,0,0.07353,0,0,0,0,0,0,0
0,1,0,0,0,0,0,0,0,0,0.07209,0,0,0,0,0,0,0
0,1,0,0,0,0,0,0,0,0,0.07483,0,0,0,0,0,0,0
0,1,0,0,0,0,0,0,0,0,0.07246,0,0,0,0,0,0,0
0,1,0,0,0,0,0,0,0,0,0.06647,0,0,0,0,0,0,0
0,1,0,0,0,0,0,0,0,0,0.06849,0,0,0,0,0,0,0
0,1,0,0,0,0,0,0,0,0,0.0711,0,0,0,0,0,0,0
0,0,1,0,0,0,0,0,0,0,0,0.07488,0,0,0,0,0,0
0,0,1,0,0,0,0,0,0,0,0,0.07866,0,0,0,0,0,0
0,0,1,0,0,0,0,0,0,0,0,0.0819,0,0,0,0,0,0
0,0,1,0,0,0,0,0,0,0,0,0.0897,0,0,0,0,0,0
0,0,1,0,0,0,0,0,0,0,0,0.08225,0,0,0,0,0,0
0,0,1,0,0,0,0,0,0,0,0,0.08185,0,0,0,0,0,0
0,0,0,1,0,0,0,0,0,0,0,0,0.00335,0,0,0,0,0
0,0,0,1,0,0,0,0,0,0,0,0,0.00260999999999999,0,0,0,0,0
0,0,0,1,0,0,0,0,0,0,0,0,0.00307,0,0,0,0,0
0,0,0,1,0,0,0,0,0,0,0,0,0.00405999999999999,0,0,0,0,0
0,0,0,1,0,0,0,0,0,0,0,0,0.00392,0,0,0,0,0
0,0,0,1,0,0,0,0,0,0,0,0,0.00493,0,0,0,0,0
0,0,0,1,0,0,0,0,0,0,0,0,0.00378999999999999,0,0,0,0,0
0,0,0,1,0,0,0,0,0,0,0,0,0.00319999999999999,0,0,0,0,0
0,0,0,0,1,0,0,0,0,0,0,0,0,0.0602,0,0,0,0
0,0,0,0,1,0,0,0,0,0,0,0,0,0.06077,0,0,0,0
0,0,0,0,1,0,0,0,0,0,0,0,0,0.04094,0,0,0,0
0,0,0,0,1,0,0,0,0,0,0,0,0,0.05925,0,0,0,0
0,0,0,0,1,0,0,0,0,0,0,0,0,0.05727,0,0,0,0
0,0,0,0,1,0,0,0,0,0,0,0,0,0.05297,0,0,0,0
0,0,0,0,1,0,0,0,0,0,0,0,0,0.05343,0,0,0,0
0,0,0,0,1,0,0,0,0,0,0,0,0,0.05858,0,0,0,0
0,0,0,0,0,1,0,0,0,0,0,0,0,0,0.15174,0,0,0
0,0,0,0,0,1,0,0,0,0,0,0,0,0,0.1509,0,0,0
0,0,0,0,0,1,0,0,0,0,0,0,0,0,0.13934,0,0,0
0,0,0,0,0,1,0,0,0,0,0,0,0,0,0.14184,0,0,0
0,0,0,0,0,1,0,0,0,0,0,0,0,0,0.15215,0,0,0
0,0,0,0,0,1,0,0,0,0,0,0,0,0,0.14085,0,0,0
0,0,0,0,0,1,0,0,0,0,0,0,0,0,0.14845,0,0,0
0,0,0,0,0,1,0,0,0,0,0,0,0,0,0.15331,0,0,0
0,0,0,0,0,0,1,0,0,0,0,0,0,0,0,0.11812,0,0
0,0,0,0,0,0,1,0,0,0,0,0,0,0,0,0.10996,0,0
0,0,0,0,0,0,1,0,0,0,0,0,0,0,0,0.10438,0,0
0,0,0,0,0,0,1,0,0,0,0,0,0,0,0,0.10369,0,0
0,0,0,0,0,0,1,0,0,0,0,0,0,0,0,0.10739,0,0
0,0,0,0,0,0,1,0,0,0,0,0,0,0,0,0.10036,0,0
0,0,0,0,0,0,1,0,0,0,0,0,0,0,0,0.10337,0,0
0,0,0,0,0,0,1,0,0,0,0,0,0,0,0,0.10323,0,0
0,0,0,0,0,0,0,1,0,0,0,0,0,0,0,0,0.14588,0
0,0,0,0,0,0,0,1,0,0,0,0,0,0,0,0,0.15567,0
0,0,0,0,0,0,0,1,0,0,0,0,0,0,0,0,0.15236,0
0,0,0,0,0,0,0,1,0,0,0,0,0,0,0,0,0.14879,0
0,0,0,0,0,0,0,1,0,0,0,0,0,0,0,0,0.14208,0
0,0,0,0,0,0,0,1,0,0,0,0,0,0,0,0,0.14385,0
0,0,0,0,0,0,0,1,0,0,0,0,0,0,0,0,0.15322,0
0,0,0,0,0,0,0,1,0,0,0,0,0,0,0,0,0.15522,0
1,1,0,0,0,0,0,0,0,0.0435788571429,0.0950811428571,0,0,0,0,0,0,0.62248692065729
1,1,0,0,0,0,0,0,0,0.055836,0.130284,0,0,0,0,0,0,0.610864302054893
1,0,1,0,0,0,0,0,0,0.0437924468085106,0,0.0889975531914894,0,0,0,0,0,0.634027855656109
1,0,1,0,0,0,0,0,0,0.0439822222222222,0,0.0920877777777778,0,0,0,0,0,0.62928192701554
1,0,0,1,0,0,0,0,0,0.103393333333333,0,0,0.0516966666666667,0,0,0,0,0.636514168294813
1,0,0,1,0,0,0,0,0,0.121701418439716,0,0,0.0481985815602837,0,0,0,0,0.596402795587214
1,0,0,0,1,0,0,0,0,0.0608336842105263,0,0,0,0.0595663157894737,0,0,0,0.693091777874735
1,0,0,0,1,0,0,0,0,0.0535505454545454,0,0,0,0.0691694545454545,0,0,0,0.685025998552649
1,0,0,0,0,1,0,0,0,0.00738848484848485,0,0,0,0,0.114521515151515,0,0,0.228631873582862
1,0,0,0,0,1,0,0,0,0.00236316666666667,0,0,0,0,0.139426833333333,0,0,0.0847660757148101
1,0,0,0,0,0,1,0,0,0.00549066666666667,0,0,0,0,0,0.0974593333333333,0,0.208215464010804
1,0,0,0,0,0,1,0,0,0.00521788732394366,0,0,0,0,0,0.118272112676056,0,0.17504099228104
1,0,0,0,0,0,0,1,0,0.12793,0,0,0,0,0,0,0,0
1,0,0,0,0,0,0,1,0,0.120278796992481,0,0,0,0,0,0,0.000911203007518797,0.0442600020458067
0,1,1,0,0,0,0,0,0,0,0,0.0772,0,0,0,0,0,0
0,1,1,0,0,0,0,0,0,0,0,0.08931,0,0,0,0,0,0
0,1,0,1,0,0,0,0,0,0,0.06983,0,0,0,0,0,0,0
0,1,0,1,0,0,0,0,0,0,0.07833,0,0,0,0,0,0,0
0,1,0,0,1,0,0,0,0,0,0.0331168627451,0,0,0.0318431372549,0,0,0,0.692954934483863
0,1,0,0,1,0,0,0,0,0,0.0295087719298,0,0,0.0377712280702,0,0,0,0.685587329039789
0,1,0,0,0,1,0,0,0,0,0.045038,0,0,0,0.083642,0,0,0.647446639034633
0,1,0,0,0,1,0,0,0,0,0.0468424358974,0,0,0,0.0791475641026,0,0,0.659904035958308
0,1,0,0,0,0,1,0,0,0,0.0793757017544,0,0,0,0,0.0739942982456,0,0.69253148016446
0,1,0,0,0,0,1,0,0,0,0.0968484269663,0,0,0,0,0.0721615730337,0,0.682441073793438
0,1,0,0,0,0,0,1,0,0,0.0482434188034,0,0,0,0,0,0.0427965811966,0.691356353083408
0,1,0,0,0,0,0,1,0,0,0.0661883146067,0,0,0,0,0,0.0618716853933,0.692578962840908
0,0,1,1,0,0,0,0,0,0,0,0.07356,0,0,0,0,0,0
0,0,1,1,0,0,0,0,0,0,0,0.0745,0,0,0,0,0,0
0,0,1,1,0,0,0,0,0,0,0,0.0720395180722891,0.000290481927710843,0,0,0,0,0.02616643442087
0,0,1,1,0,0,0,0,0,0,0,0.07849,0,0,0,0,0,0
0,0,1,0,1,0,0,0,0,0,0,0.07479,0,0,0,0,0,0
0,0,1,0,1,0,0,0,0,0,0,0.07488,0,0,0,0,0,0
0,0,1,0,1,0,0,0,0,0,0,0.08041,0,0,0,0,0,0
0,0,1,0,1,0,0,0,0,0,0,0.07909,0,0,0,0,0,0
0,0,1,0,0,1,0,0,0,0,0,0.0776841428571429,0,0,0.0692858571428571,0,0,0.6915136378175
0,0,1,0,0,1,0,0,0,0,0,0.0913431707317073,0,0,0.0615168292682927,0,0,0.673988221217734
0,0,1,0,0,1,0,0,0,0,0,0.0962307692307692,0,0,0.0427692307692308,0,0,0.617241769730342
0,0,1,0,0,1,0,0,0,0,0,0.0907349253731343,0,0,0.0692450746268657,0,0,0.684097796417677
0,0,1,0,0,0,1,0,0,0,0,0.100238571428571,0,0,0,0.0597914285714286,0,0.660857527357303
0,0,1,0,0,0,1,0,0,0,0,0.0951328767123288,0,0,0,0.0702171232876712,0,0.681750847902624
0,0,1,0,0,0,1,0,0,0,0,0.113848101265823,0,0,0,0.0360518987341772,0,0.551662860853244
0,0,1,0,0,0,1,0,0,0,0,0.106064634146341,0,0,0,0.0580353658536585,0,0.649682046192666
0,0,1,0,0,0,0,1,0,0,0,0.0774187826086956,0,0,0,0,0.0639012173913043,0.688565509851069
0,0,1,0,0,0,0,1,0,0,0,0.0825897752808989,0,0,0,0,0.0674202247191011,0.688025439709913
0,0,1,0,0,0,0,1,0,0,0,0.072925,0,0,0,0,0.072925,0.693147180559945
0,0,0,1,1,0,0,0,0,0,0,0,0.0625554054054054,0.00357459459459459,0,0,0,0.210283412286133
0,0,0,1,1,0,0,0,0,0,0,0,0.0574830487804878,0.0070869512195122,0,0,0,0.346005096046466
0,0,0,1,1,0,0,0,0,0,0,0,0.0534366101694915,0.00719338983050848,0,0,0,0.364214657301967
0,0,0,1,1,0,0,0,0,0,0,0,0.0500681481481481,0.00957185185185185,0,0,0,0.440487850981387
0,0,0,1,0,1,0,0,0,0,0,0,0,0,0.14898,0,0,0
0,0,0,1,0,1,0,0,0,0,0,0,0,0,0.14014,0,0,0
0,0,0,1,0,1,0,0,0,0,0,0,0,0,0.13096,0,0,0
0,0,0,1,0,0,1,0,0,0,0,0,0,0,0,0.1019,0,0
0,0,0,1,0,0,1,0,0,0,0,0,0,0,0,0.10751,0,0
0,0,0,1,0,0,1,0,0,0,0,0,0,0,0,0.11583,0,0
0,0,0,1,0,0,1,0,0,0,0,0,0.001752,0,0,0.103368,0,0.0847660757148099
0,0,0,1,0,0,0,1,0,0,0,0,0.0406055,0,0,0,0.0843345,0.630581028386015
0,0,0,1,0,0,0,1,0,0,0,0,0.0469170860927152,0,0,0,0.0893229139072848,0.643892164433741
0,0,0,1,0,0,0,1,0,0,0,0,0.0612820143884892,0,0,0,0.0806879856115108,0.683775702352125
0,0,0,1,0,0,0,1,0,0,0,0,0.054321213592233,0,0,0,0.098968786407767,0.650109308317126
0,0,0,0,1,1,0,0,0,0,0,0,0,0.0342725555555556,0.0998374444444445,0,0,0.568356642935097
0,0,0,0,1,1,0,0,0,0,0,0,0,0.05382375,0.08970625,0,0,0.661563238157982
0,0,0,0,1,1,0,0,0,0,0,0,0,0.0846043661971831,0.0619056338028169,0,0,0.681097113875945
0,0,0,0,1,1,0,0,0,0,0,0,0,0.0712567741935484,0.0668032258064516,0,0,0.692626798924835
0,0,0,0,1,0,1,0,0,0,0,0,0,0.0463872413793103,0,0.10308275862069,0,0.619376289741446
0,0,0,0,1,0,1,0,0,0,0,0,0,0.0470960714285714,0,0.108043928571429,0,0.613860064877793
0,0,0,0,1,0,1,0,0,0,0,0,0,0.0532322641509434,0,0.0952577358490566,0,0.652544773153785
0,0,0,0,1,0,1,0,0,0,0,0,0,0.0511546153846154,0,0.0966253846153846,0,0.645033151676034
0,0,0,0,1,0,0,1,0,0,0,0,0,0.0616791919191919,0,0,0.0682408080808081,0.69187125774462
0,0,0,0,1,0,0,1,0,0,0,0,0,0.0426584347826087,0,0,0.0936115652173913,0.621514196803992
0,0,0,0,1,0,0,1,0,0,0,0,0,0.0536313953488372,0,0,0.0781486046511628,0.675739279729437
0,0,0,0,1,0,0,1,0,0,0,0,0,0.065953125,0,0,0.060676875,0.692278873656319
0,0,0,0,0,1,1,0,0,0,0,0,0,0,0.14646,0,0,0
0,0,0,0,0,1,1,0,0,0,0,0,0,0,0.15225,0,0,0
0,0,0,0,0,1,1,0,0,0,0,0,0,0,0.13332,0,0,0
0,0,0,0,0,1,1,0,0,0,0,0,0,0,0.138743370786517,0.00157662921348315,0,0.0616067104727897
0,0,0,0,0,1,0,1,0,0,0,0,0,0,0.148311666666667,0,0.00279833333333333,0.0922160573371915
0,0,0,0,0,1,0,1,0,0,0,0,0,0,0.145125925925926,0,0.00181407407407407,0.0665216142537902
0,0,0,0,0,1,0,1,0,0,0,0,0,0,0.14273,0,0,0
0,0,0,0,0,1,0,1,0,0,0,0,0,0,0.1483,0,0,0
0,0,0,0,0,0,1,1,0,0,0,0,0,0,0,0.0888036974789916,0.0600363025210084,0.674351057871931
0,0,0,0,0,0,1,1,0,0,0,0,0,0,0,0.120050526315789,0.0225094736842105,0.436162325385345
0,0,0,0,0,0,1,1,0,0,0,0,0,0,0,0.0796911111111111,0.0576488888888889,0.680212177915374
0,0,0,0,0,0,1,1,0,0,0,0,0,0,0,0.107601012658228,0.0252189873417722,0.486039367004336
1,1,1,0,0,0,0,0,0,0.0682074,0,0.1324026,0,0,0,0,0,0.641035477881156
1,1,1,0,0,0,0,0,0,0.053643258427,0,0.137326741573,0,0,0,0,0,0.593800269094957
1,1,1,0,0,0,0,0,0,0.046928372093,0,0.121231627907,0,0,0,0,0,0.592072600891209
1,1,1,0,0,0,0,0,0,0.0542572277228,0,0.111802772277,0,0,0,0,0,0.631840581392466
1,1,1,0,0,0,0,0,0,0.0504858490566,0,0.102414150943,0,0,0,0,0,0.634312175036596
1,1,1,0,0,0,0,0,0,0.0437899130435,0,0.113580086957,0,0,0,0,0,0.591303264565071
1,1,0,1,0,0,0,0,0,0.0370137888199,0.11204173913,0,0.0120044720497,0,0,0,0,0.783921655977481
1,1,0,1,0,0,0,0,0,0.0516917829457,0.115626356589,0,0.00816186046512,0,0,0,0,0.777609399039079
1,1,0,1,0,0,0,0,0,0.0250479310345,0.134980517241,0,0.00139155172414,0,0,0,0,0.479679358719696
1,1,0,1,0,0,0,0,0,0.0435445544554,0.101603960396,0,0.00145148514851,0,0,0,0,0.660362215917078
1,1,0,1,0,0,0,0,0,0.0434112,0.1100784,0,0.0015504,0,0,0,0,0.6456502104397
1,1,0,1,0,0,0,0,0,0.0448254263566,0.0825195348837,0,0.00407503875969,0,0,0,0,0.766789901529572
1,1,0,0,1,0,0,0,0,0.0908335483871,0,0,0,0.0851564516129,0,0,0,0.692626798924834
1,1,0,0,1,0,0,0,0,0.037315625,0,0,0,0.082094375,0,0,0,0.621086374555245
1,1,0,0,1,0,0,0,0,0.0389508791209,0.0321768131868,0,0,0.0829823076923,0,0,0,1.00800343862727
1,1,0,0,1,0,0,0,0,0.05690625,0.00517329545455,0,0,0.0896704545455,0,0,0,0.793867953561926
1,1,0,0,1,0,0,0,0,0.0686329292929,0,0,0,0.0790770707071,0,0,0,0.690645348551119
1,1,0,0,1,0,0,0,0,0,0,0,0,0,0,0,0,NA
1,1,0,0,0,1,0,0,0,0.00324611111111,0.0275919444444,0,0,0,0.202881944444,0,0,0.434465116431332
1,1,0,0,0,1,0,0,0,0.0069797029703,0.0418782178218,0,0,0,0.0921320792079,0,0,0.787394536784193
1,1,0,0,0,1,0,0,0,0.00112104347826,0.0347523478261,0,0,0,0.0930466086957,0,0,0.62999844326616
1,1,0,0,0,1,0,0,0,0.00376748201439,0.038930647482,0,0,0,0.131861870504,0,0,0.629328055636434
1,1,0,0,0,1,0,0,0,0,0.0521871428571,0,0,0,0.0903728571429,0,0,0.656831674823412
1,1,0,0,0,1,0,0,0,0.00271606299213,0.0353088188976,0,0,0,0.0769551181102,0,0,0.719776867035516
1,1,0,0,0,0,1,0,0,0.054235304878,0.179537560976,0,0,0,0,0.0729371341463,0,0.961403564106541
1,1,0,0,0,0,1,0,0,0.0117509016393,0.121425983607,0,0,0,0,0.0261131147541,0,0.695648753499111
1,1,0,0,0,0,1,0,0,0.0274598305085,0.105503559322,0,0,0,0,0.0375766101695,0,0.924427083817159
1,1,0,0,0,0,1,0,0,0.0151228125,0.099558515625,0,0,0,0,0.046628671875,0,0.878520709933781
1,1,0,0,0,0,1,0,0,0.0300189147287,0.0658106976744,0,0,0,0,0.0531103875969,0,1.05142529976001
1,1,0,0,0,0,1,0,0,0.0324776271186,0.0649552542373,0,0,0,0,0.0394371186441,0,1.05358565155858
1,1,0,0,0,0,0,1,0,0.0932573469388,0.225552653061,0,0,0,0,0,0,0.604390012047497
1,1,0,0,0,0,0,1,0,0.0327709649123,0.129659035088,0,0,0,0,0,0,0.502824921557271
1,1,0,0,0,0,0,1,0,0.0302785714286,0.126721428571,0,0,0,0,0,0,0.490339430491616
1,1,0,0,0,0,0,1,0,0.0410728888889,0.119647111111,0,0,0,0,0,0,0.56835664293534
1,1,0,0,0,0,0,1,0,0.0426933606557,0.0784366393443,0,0,0,0,0,0,0.648955591292757
1,1,0,0,0,0,0,1,0,0.0236665625,0.0845234375,0,0,0,0,0,0,0.525321319515595
1,0,1,1,0,0,0,0,0,0.0530217721518987,0,0.0820982278481013,0,0,0,0,0,0.669811752940207
1,0,1,1,0,0,0,0,0,0.0454584269662921,0,0.0894015730337079,0,0,0,0,0,0.639078722088296
1,0,1,1,0,0,0,0,0,0.0482704587155963,0,0.0901895412844037,0,0,0,0,0,0.646590585536152
1,0,1,1,0,0,0,0,0,0.0454676315789474,0,0.111602368421053,0,0,0,0,0,0.601679754913255
1,0,1,0,1,0,0,0,0,0.0411509183673469,0,0.0862841836734694,0,0.00265489795918367,0,0,0,0.715834108840206
1,0,1,0,1,0,0,0,0,0.0464104615384615,0,0.0847495384615385,0,0,0,0,0,0.649795101676069
1,0,1,0,1,0,0,0,0,0.0401753246753247,0,0.0337472727272727,0,0.0498174025974026,0,0,0,1.08587723804931
1,0,1,0,1,0,0,0,0,0.0517087654320988,0,0.0300244444444444,0,0.0533767901234568,0,0,0,1.06872268713217
1,0,1,0,0,1,0,0,0,0.0598082352941176,0,0.0804317647058824,0,0,0,0,0,0.682294715931048
1,0,1,0,0,1,0,0,0,0.0470433333333333,0,0.0940866666666667,0,0,0,0,0,0.636514168294813
1,0,1,0,0,1,0,0,0,0,0,0.0736484848484849,0,0,0.0782515151515152,0,0,0.692687973442475
1,0,1,0,0,1,0,0,0,0.02817,0,0.0965828571428572,0,0,0.0160971428571429,0,0,0.828495478168915
1,0,1,0,0,0,1,0,0,0.0196705128205128,0,0.100319615384615,0,0,0,0.0334398717948718,0,0.873201326076301
1,0,1,0,0,0,1,0,0,0.00944038461538461,0,0.109508461538462,0,0,0,0.0283211538461538,0,0.71345706783836
1,0,1,0,0,0,1,0,0,0.00576216867469879,0,0.109481204819277,0,0,0,0.0441766265060241,0,0.733706558411729
1,0,1,0,0,0,1,0,0,0.00316172043010753,0,0.0901090322580645,0,0,0,0.053749247311828,0,0.750486864501227
1,0,1,0,0,0,0,1,0,0.0451333333333333,0,0.0902666666666667,0,0,0,0,0,0.636514168294813
1,0,1,0,0,0,0,1,0,0.0525013861386139,0,0.103458613861386,0,0,0,0,0,0.638777315493297
1,0,1,0,0,0,0,1,0,0.0578008421052632,0,0.0947291578947368,0,0,0,0,0,0.663546460286252
1,0,0,1,1,0,0,0,0,0.049632,0,0,0.0235752,0.0508728,0,0,0,1.04761045095213
1,0,0,1,1,0,0,0,0,0.0537446341463415,0,0,0.0109682926829268,0.0701970731707317,0,0,0,0.910610673483148
1,0,0,1,1,0,0,0,0,0.0491467058823529,0,0,0.0312751764705882,0.0461681176470588,0,0,0,1.08061214990649
1,0,0,1,0,1,0,0,0,0.0281775,0,0,0.0093925,0,0.11271,0,0,0.70291893077351
1,0,0,1,0,1,0,0,0,0.0127029411764706,0,0,0.00889205882352941,0,0.107975,0,0,0.563476942941089
1,0,0,1,0,1,0,0,0,0.0201842857142857,0,0,0.00366987012987013,0,0.117435844155844,0,0,0.52651114007549
1,0,0,1,0,1,0,0,0,0.0120368041237113,0,0,0.00401226804123711,0,0.113680927835052,0,0,0.443822165475472
1,0,0,1,0,0,1,0,0,0.0380542528735632,0,0,0,0,0,0.0801857471264368,0,0.628247940777076
1,0,0,1,0,0,1,0,0,0.102313524590164,0,0,0.0300922131147541,0,0,0.014444262295082,0,0.804708485546061
1,0,0,1,0,0,1,0,0,0.00763636363636364,0,0,0,0,0,0.109963636363636,0,0.240335939628665
1,0,0,1,0,0,1,0,0,0.00293272727272727,0,0,0,0,0,0.109977272727273,0,0.120456033849227
1,0,0,1,0,0,0,1,0,0.055291775147929,0,0,0.055291775147929,0,0,0,0.021026449704142,1.02168488106518
1,0,0,1,0,0,0,1,0,0.0761895625,0,0,0.0470834375,0,0,0,0.013697,0.923590179922684
1,0,0,1,0,0,0,1,0,0.0611320224719101,0,0,0.0681185393258427,0,0,0,0.0261994382022472,1.0286718824544
1,0,0,1,0,0,0,1,0,0.07956,0,0,0.05148,0,0,0,0.01404,0.923106181396692
1,0,0,0,1,1,0,0,0,0.0541679411764706,0,0,0,0.0583347058823529,0.0291673529411765,0,0,1.05834536858673
1,0,0,0,1,1,0,0,0,0.0449115789473684,0,0,0,0.0639126315789474,0.0224557894736842,0,0,1.01943315076798
1,0,0,0,1,1,0,0,0,0.0402130864197531,0,0,0,0.0681874074074074,0.0332195061728395,0,0,1.04951567603554
1,0,0,0,1,1,0,0,0,0.04337,0,0,0,0.0374559090909091,0.0492840909090909,0,0,1.09239458748475
1,0,0,0,1,0,1,0,0,0.040910198019802,0,0,0,0.0694233663366337,0,0.0148764356435644,0,0.945582655385634
1,0,0,0,1,0,1,0,0,0.0407605633802817,0,0,0,0.0570647887323944,0,0.0179346478873239,0,1.0051316266946
1,0,0,0,1,0,1,0,0,0.0394535849056604,0,0,0,0.065345,0,0.0258914150943396,0,1.02887313656447
1,0,0,0,1,0,1,0,0,0.0514702083333333,0,0,0,0.0528246875,0,0.0257351041666667,0,1.05339486987595
1,0,0,0,1,0,0,1,0,0.0610232926829268,0,0,0,0.0553467073170732,0,0,0,0.691956940265724
1,0,0,0,1,0,0,1,0,0.0567742222222222,0,0,0,0.0543057777777778,0,0,0,0.692900246653578
1,0,0,0,1,0,0,1,0,0.0522121495327103,0,0,0,0.0692378504672897,0,0,0,0.683288554526669
1,0,0,0,1,0,0,1,0,0.0610948,0,0,0,0.0563952,0,0,0,0.692346967089961
1,0,0,0,0,1,1,0,0,0.0056896694214876,0,0,0,0,0.130862396694215,0.00113793388429752,0,0.219638609035218
1,0,0,0,0,1,1,0,0,0.00802872549019608,0,0,0,0,0.108961274509804,0,0,0.250074031466246
1,0,0,0,0,1,1,0,0,0.0189077142857143,0,0,0,0,0.120412285714286,0,0,0.397106732456675
1,0,0,0,0,1,1,0,0,0.0317958974358974,0,0,0,0,0.0844235897435898,0.0120605128205128,0,0.843358169386444
1,0,0,0,0,1,0,1,0,0.0152065040650407,0,0,0,0,0.101693495934959,0,0,0.386541226565423
1,0,0,0,0,1,0,1,0,0.0114386363636364,0,0,0,0,0.0964113636363636,0,0,0.338198980907871
1,0,0,0,0,1,0,1,0,0.0338622099447514,0,0,0,0,0.111261546961326,0,0.000806243093922652,0.574501823975242
1,0,0,0,0,1,0,1,0,0.0312792792792793,0,0,0,0,0.0916036036036036,0,0.00111711711711712,0.613559889955808
1,0,0,0,0,0,1,1,0,0,0,0,0,0,0,0.108849230769231,0.0238107692307692,0.47061498118148
1,0,0,0,0,0,1,1,0,0,0,0,0,0,0,0.11791,0,0
1,0,0,0,0,0,1,1,0,0,0,0,0,0,0,0.130072857142857,0.00156714285714286,0.0645814363776277
1,0,0,0,0,0,1,1,0,0,0,0,0,0,0,0.0518871264367816,0.0808828735632184,0.669106632962492
0,1,1,1,0,0,0,0,0,0,0,0.08993,0,0,0,0,0,0
0,1,1,1,0,0,0,0,0,0,0,0.11497,0,0,0,0,0,0
0,1,1,1,0,0,0,0,0,0,0,0.0767,0,0,0,0,0,0
0,1,1,1,0,0,0,0,0,0,0,0.08109,0,0,0,0,0,0
0,1,1,1,0,0,0,0,0,0,0,0.09375,0,0,0,0,0,0
0,1,1,1,0,0,0,0,0,0,0,0.08935,0,0,0,0,0,0
0,1,1,0,1,0,0,0,0,0,0,0.0985,0,0,0,0,0,0
0,1,1,0,1,0,0,0,0,0,0,0.09238,0,0.00894,0,0,0,0.298435812703107
0,1,1,0,1,0,0,0,0,0,0,0.0939,0,0,0,0,0,0
0,1,1,0,1,0,0,0,0,0,0,0.07558,0,0,0,0,0,0
0,1,1,0,1,0,0,0,0,0,0,0.0805238709677,0,0.0234861290323,0,0,0,0.534159366687647
0,1,1,0,1,0,0,0,0,0,0,0.04758,0,0.02928,0,0,0,0.664528438654915
0,1,1,0,0,1,0,0,0,0,0,0.124446185567,0,0,0.040913814433,0,0,0.559485915285068
0,1,1,0,0,1,0,0,0,0,0,0.112541746032,0,0,0.0603882539683,0,0,0.646953953236407
0,1,1,0,0,1,0,0,0,0,0,0.1181326,0,0,0.0755274,0,0,0.668748086851809
0,1,1,0,0,1,0,0,0,0,0,0.0805362637363,0,0,0.102683736264,0,0,0.685823402851909
0,1,1,0,0,1,0,0,0,0,0,0.1048575,0,0,0.0603725,0,0,0.656453523724577
0,1,1,0,0,1,0,0,0,0,0,0.090192,0,0,0.078918,0,0,0.690923309313818
0,1,1,0,0,0,1,0,0,0,0,0.104427717391,0,0,0,0.0641222826087,0,0.664276572498309
0,1,1,0,0,0,1,0,0,0,0,0.111767301587,0,0,0,0.0599726984127,0,0.646953953237004
0,1,1,0,0,0,1,0,0,0,0,0.089353125,0,0,0,0.069496875,0,0.685314207276458
0,1,1,0,0,0,1,0,0,0,0,0.0818382857143,0,0,0,0.0772917142857,0,0.692738961744076
0,1,1,0,0,0,1,0,0,0,0,0.100226190476,0,0,0,0.0681538095238,0,0.674895273743992
0,1,1,0,0,0,1,0,0,0,0,0.100282909091,0,0,0,0.0529270909091,0,0.644587323621777
0,1,1,0,0,0,0,1,0,0,0,0.0703803571429,0,0,0,0,0.108769642857,0.670008979827627
0,1,1,0,0,0,0,1,0,0,0,0.0813559322034,0,0,0,0,0.0786440677966,0.693003536796015
0,1,1,0,0,0,0,1,0,0,0,0.0766802586207,0,0,0,0,0.0977297413793,0.685846399622267
0,1,1,0,0,0,0,1,0,0,0,0.0901495275591,0,0,0,0,0.0915804724409,0.693116180177607
0,1,1,0,0,0,0,1,0,0,0,0.0477914754098,0,0,0,0,0.0736785245902,0.670263131448806
0,1,1,0,0,0,0,1,0,0,0,0.055304,0,0,0,0,0.082956,0.673011667009256
0,1,0,1,1,0,0,0,0,0,0.0655026086957,0,0.00204695652174,0.0266104347826,0,0,0,0.692817689171703
0,1,0,1,1,0,0,0,0,0,0.040745,0,0.00135816666667,0.0393868333333,0,0,0,0.766219553564379
0,1,0,1,1,0,0,0,0,0,0.077,0,0,0,0,0,0,0
0,1,0,1,1,0,0,0,0,0,0.063149047619,0,0,0.038860952381,0,0,0,0.664528438655142
0,1,0,1,1,0,0,0,0,0,0.0471753191489,0,0,0.0349446808511,0,0,0,0.682014817599623
0,1,0,1,1,0,0,0,0,0,0.0436529032258,0,0.00242516129032,0.0291019354839,0,0,0,0.793807480627493
0,1,0,1,0,1,0,0,0,0,0.0656177380952,0,0,0,0.0833522619048,0,0,0.686044179221716
0,1,0,1,0,1,0,0,0,0,0.0589196666667,0,0,0,0.101770333333,0,0,0.657157761497828
0,1,0,1,0,1,0,0,0,0,0.0435621100917,0,0,0,0.109607889908,0,0,0.597064471029144
0,1,0,1,0,1,0,0,0,0,0,0,0,0,0,0,0,NA
0,1,0,1,0,1,0,0,0,0,0.039677826087,0,0,0,0.090692173913,0,0,0.614503320311004
0,1,0,1,0,1,0,0,0,0,0.0288661016949,0,0,0,0.0846738983051,0,0,0.566942581042242
0,1,0,1,0,0,1,0,0,0,0.0916158,0,0.0017286,0,0,0.0795156,0,0.739740429420483
0,1,0,1,0,0,1,0,0,0,0.0876221052632,0,0,0,0,0.0973578947368,0,0.691761498852442
0,1,0,1,0,0,1,0,0,0,0.10044047619,0,0,0,0,0.0913095238095,0,0.69201296483198
0,1,0,1,0,0,1,0,0,0,0.0788105769231,0,0.00175134615385,0,0,0.101578076923,0,0.732799489032332
0,1,0,1,0,0,1,0,0,0,0.0875379439252,0,0,0,0,0.0797220560748,0,0.692054984460907
0,1,0,1,0,0,1,0,0,0,0.0975793939394,0,0,0,0,0.0719006060606,0,0.681624433624773
0,1,0,1,0,0,0,1,0,0,0.0777785185185,0,0.00598296296296,0,0,0,0.0777785185185,0.825885632893196
0,1,0,1,0,0,0,1,0,0,0.0597768421053,0,0.00533721804511,0,0,0,0.0768559398496,0.819771347676678
0,1,0,1,0,0,0,1,0,0,0.0930732727273,0,0,0,0,0,0.0720567272727,0.685025998552606
0,1,0,1,0,0,0,1,0,0,0.057552,0,0.009156,0,0,0,0.090252,0.851832878173699
0,1,0,1,0,0,0,1,0,0,0.0450407407407,0,0.00270244444444,0,0,0,0.0738668148148,0.755289849452489
0,1,0,1,0,0,0,1,0,0,0.0591893617021,0,0.00269042553191,0,0,0,0.064570212766,0.78044066761983
0,1,0,0,1,1,0,0,0,0,0.00183394736842,0,0,0.0440147368421,0.0935313157895,0,0,0.688675456111346
0,1,0,0,1,1,0,0,0,0,0.00242047619048,0,0,0.0605119047619,0.0895576190476,0,0,0.745105228144951
0,1,0,0,1,1,0,0,0,0,0,0,0,0.0480181818182,0.0909818181818,0,0,0.644587323621967
0,1,0,0,1,1,0,0,0,0,0.00224841269841,0,0,0.0719492063492,0.0674523809524,0,0,0.763143133701693
0,1,0,0,1,1,0,0,0,0,0.0023215625,0,0,0.04643125,0.0998271875,0,0,0.695660420142437
0,1,0,0,1,1,0,0,0,0,0,0,0,0.0584897727273,0.0769602272727,0,0,0.683820628784967
0,1,0,0,1,0,1,0,0,0,0.00530061538462,0,0,0.0768589230769,0,0.0901104615385,0,0.806169865777564
0,1,0,0,1,0,1,0,0,0,0.00510566666667,0,0,0.0527585555556,0,0.0953057777778,0,0.775708171594671
0,1,0,0,1,0,1,0,0,0,0,0,0,0.0665553658537,0,0.0988246341463,0,0.673988221217833
0,1,0,0,1,0,1,0,0,0,0,0,0,0.0601961538462,0,0.113703846154,0,0.64503315167595
0,1,0,0,1,0,1,0,0,0,0,0,0,0.0539888888889,0,0.0917811111111,0,0.659152503823031
0,1,0,0,1,0,1,0,0,0,0,0,0,0.0692824390244,0,0.0885275609756,0,0.685692588448191
0,1,0,0,1,0,0,1,0,0,0.00996854700855,0,0,0.0398741880342,0,0,0.0959472649573,0.813352578338221
0,1,0,0,1,0,0,1,0,0,0.00938823529412,0,0,0.0305117647059,0,0,0.0798,0.818379026284656
0,1,0,0,1,0,0,1,0,0,0.00257904761905,0,0,0.05416,0,0,0.078660952381,0.75746774021852
0,1,0,0,1,0,0,1,0,0,0.00433923913043,0,0,0.0448388043478,0,0,0.0838919565217,0.769015372519232
0,1,0,0,1,0,0,1,0,0,0,0,0,0.0212294262295,0,0,0.0680805737705,0.54841996331626
0,1,0,0,1,0,0,1,0,0,0.00831925925926,0,0,0.033277037037,0,0,0.0707137037037,0.844486734762962
0,1,0,0,0,1,1,0,0,0,0.0542772815534,0,0,0,0.0928427184466,0,0,0.658384846357613
0,1,0,0,0,1,1,0,0,0,0.059017,0,0,0,0.109603,0,0,0.647446639034633
0,1,0,0,0,1,1,0,0,0,0.0423994186047,0,0,0,0.0926505813953,0,0,0.622227475642694
0,1,0,0,0,1,1,0,0,0,0.0366660869565,0,0,0,0.0796539130435,0,0,0.623211763654609
0,1,0,0,0,1,1,0,0,0,0.0551755102041,0,0,0,0.0934918367347,0.00153265306122,0,0.709763524599136
0,1,0,0,0,1,1,0,0,0,0.0419494382022,0,0,0,0.0825005617978,0,0,0.639078722088039
0,1,0,0,0,1,0,1,0,0,0.0594660869565,0,0,0,0.117013913043,0,0,0.638996087336434
0,1,0,0,0,1,0,1,0,0,0.0589902912621,0,0,0,0.112924271845,0,0.0016854368932,0.691509690643284
0,1,0,0,0,1,0,1,0,0,0.0448988888889,0,0,0,0.0897977777778,0,0.00792333333333,0.81571142523254
0,1,0,0,0,1,0,1,0,0,0.0462857142857,0,0,0,0.109234285714,0,0,0.608833408222984
0,1,0,0,0,1,0,1,0,0,0.0249562043796,0,0,0,0.11180379562,0,0,0.475135895123096
0,1,0,0,0,1,0,1,0,0,0.0292828571429,0,0,0,0.0732071428571,0,0,0.59826958858564
0,1,0,0,0,0,1,1,0,0,0.099011,0,0,0,0,0.0792088,0.0018002,0.736093495186197
0,1,0,0,0,0,1,1,0,0,0.0910907317073,0,0,0,0,0.0786692682927,0,0.690467808703217
0,1,0,0,0,0,1,1,0,0,0.0913309649123,0,0,0,0,0.0835910526316,0.00154798245614,0.736375222912829
0,1,0,0,0,0,1,1,0,0,0.0523679381443,0,0,0,0,0.101562061856,0,0.641172144859384
0,1,0,0,0,0,1,1,0,0,0.0712757017544,0,0,0,0,0.0820342982456,0,0.690682859509996
0,1,0,0,0,0,1,1,0,0,0.0576296363636,0,0,0,0,0.0789275454545,0.00125281818182,0.726525893054623
0,0,1,1,1,0,0,0,0,0,0,0.0778160256410256,0.000333974358974359,0,0,0,0,0.0275776979183501
0,0,1,1,1,0,0,0,0,0,0,0.0775168656716418,0,0.00321313432835821,0,0,0,0.167311182725336
0,0,1,1,1,0,0,0,0,0,0,0.07495,0,0,0,0,0,0
0,0,1,1,1,0,0,0,0,0,0,0.07404,0,0,0,0,0,0
0,0,1,1,1,0,0,0,0,0,0,0.0529122413793104,0,0.0184577586206897,0,0,0,0.571609252074759
0,0,1,1,0,1,0,0,0,0,0,0.08364,0,0,0.05576,0,0,0.673011667009256
0,0,1,1,0,1,0,0,0,0,0,0.0795957446808511,0,0,0.0700442553191489,0,0,0.691108674144357
0,0,1,1,0,1,0,0,0,0,0,0.0987549397590362,0,0,0.0530350602409639,0,0,0.647072926060712
0,0,1,1,0,1,0,0,0,0,0,0.0986829411764706,0,0,0.0538270588235294,0,0,0.649248354870898
0,0,1,1,0,1,0,0,0,0,0,0.0946973846153846,0,0,0.0554326153846154,0,0,0.658545013538294
0,0,1,1,0,1,0,0,0,0,0,0.0984295061728395,0,0,0.0520004938271605,0,0,0.644730664509869
0,0,1,1,0,0,1,0,0,0,0,0.0652375,0,0,0,0.0913325,0,0.679193265991526
0,0,1,1,0,0,1,0,0,0,0,0.0699555102040816,0,0,0,0.0858544897959184,0,0.687931943906548
0,0,1,1,0,0,1,0,0,0,0,0.0825531707317073,0,0,0,0.0646068292682927,0,0.685692588448176
0,0,1,1,0,0,1,0,0,0,0,0.080085,0,0,0,0.068845,0,0.690296482093293
0,0,1,1,0,0,1,0,0,0,0,0.0855481690140845,0,0,0,0.0742918309859155,0,0.690665460168125
0,0,1,1,0,0,1,0,0,0,0,0.0883633846153846,0,0,0,0.0805666153846154,0,0.69208171334196
0,0,1,1,0,0,0,1,0,0,0,0.0925306542056075,0,0,0,0,0.0671593457943925,0.680472349298728
0,0,1,1,0,0,0,1,0,0,0,0.0851748529411765,0,0,0,0,0.0633351470588235,0.682294715931048
0,0,1,1,0,0,0,1,0,0,0,0.0681572815533981,0,0,0,0,0.0594827184466019,0.69083603957561
0,0,1,1,0,0,0,1,0,0,0,0.0711578523489933,0,0,0,0,0.0740821476510067,0.692944473290468
0,0,1,1,0,0,0,1,0,0,0,0.0756607228915663,0,0,0,0,0.0738592771084337,0.693074599329392
0,0,1,0,1,1,0,0,0,0,0,0.0848597260273973,0,0,0.0739802739726027,0,0,0.690799687230505
0,0,1,0,1,1,0,0,0,0,0,0.0793955555555556,0,0.00496222222222222,0.0719522222222222,0,0,0.810731197497582
0,0,1,0,1,1,0,0,0,0,0,0.0477415254237288,0,0.0376906779661017,0.0628177966101695,0,0,1.07691050759385
0,0,1,0,1,1,0,0,0,0,0,0.0823663492063492,0,0,0.0702536507936508,0,0,0.689994458033481
0,0,1,0,1,1,0,0,0,0,0,0.0853675757575758,0,0,0.0629024242424242,0,0,0.681624433624784
0,0,1,0,1,0,1,0,0,0,0,0.0750339622641509,0,0,0,0.0906660377358491,0,0.688690573968
0,0,1,0,1,0,1,0,0,0,0,0.0676042857142857,0,0.0146171428571429,0,0.0712585714285714,0,0.941312045267943
0,0,1,0,1,0,1,0,0,0,0,0.0673835051546392,0,0.0122515463917526,0,0.0689149484536082,0,0.920693573704346
0,0,1,0,1,0,1,0,0,0,0,0.0636503225806452,0,0.0159125806451613,0,0.0848670967741935,0,0.934757003862668
0,0,1,0,1,0,1,0,0,0,0,0.0704122807017544,0,0.0112659649122807,0,0.0788617543859649,0,0.897107419569808
0,0,1,0,1,0,0,1,0,0,0,0.0840474725274725,0,0.00175098901098901,0,0,0.0735415384615385,0.743829039577507
0,0,1,0,1,0,0,1,0,0,0,0.0726699029126214,0,0.00726699029126214,0,0,0.0697631067961165,0.853505800296077
0,0,1,0,1,0,0,1,0,0,0,0.0768038461538461,0,0.0121269230769231,0,0,0.0687192307692308,0.909592304613688
0,0,1,0,1,0,0,1,0,0,0,0.0502146153846154,0,0.02251,0,0,0.0623353846153846,1.02334212795847
0,0,1,0,1,0,0,1,0,0,0,0.0649673333333333,0,0.0239353333333333,0,0,0.0649673333333333,1.01755021751005
0,0,1,0,1,0,0,1,0,0,0,0.0691149438202247,0,0.0151715730337079,0,0,0.0657434831460674,0.950317491867435
0,0,1,0,0,1,1,0,0,0,0,0.09704275,0,0,0,0.07172725,0,0.681854608730783
0,0,1,0,0,1,1,0,0,0,0,0.11554125,0,0,0,0.05251875,0,0.621086374555245
0,0,1,0,0,1,1,0,0,0,0,0.0946583720930233,0,0,0,0.0649616279069767,0,0.675739279729437
0,0,1,0,0,1,1,0,0,0,0,0.109654929577465,0,0,0,0.0460550704225352,0,0.607241546568087
0,0,1,0,0,1,1,0,0,0,0,0.100980454545455,0,0,0,0.0699095454545454,0,0.676525960493499
0,0,1,0,0,1,1,0,0,0,0,0.08568,0,0,0,0.08568,0,0.693147180559945
0,0,1,0,0,1,0,1,0,0,0,0.0866794936708861,0,0,0,0,0.0763605063291139,0.691142957077936
0,0,1,0,0,1,0,1,0,0,0,0.09999,0,0,0.04444,0,0,0.617241769730342
0,0,1,0,0,1,0,1,0,0,0,0.0855560824742268,0,0,0.0522037113402062,0,0.00290020618556701,0.750301851328359
0,0,1,0,0,1,0,1,0,0,0,0.0894236708860759,0,0,0,0,0.074866329113924,0.689216374501918
0,0,1,0,0,1,0,1,0,0,0,0.0737496774193548,0,0,0.0061458064516129,0,0.0629945161290323,0.83776851785288
0,0,1,0,0,0,1,1,0,0,0,0.107596153846154,0,0,0,0.0602538461538462,0,0.652825793916348
0,0,1,0,0,0,1,1,0,0,0,0.0980415652173913,0,0,0,0.0727884347826087,0,0.682180758092252
0,0,1,0,0,0,1,1,0,0,0,0.084271746031746,0,0,0,0.081638253968254,0,0.693021198952949
0,0,1,0,0,0,1,1,0,0,0,0.0840144736842105,0,0,0,0.0576815789473684,0.00125394736842105,0.720129064730521
0,0,1,0,0,0,1,1,0,0,0,0.0888202469135802,0,0,0,0.0726711111111111,0.00201864197530864,0.746164887057334
0,0,1,0,0,0,1,1,0,0,0,0.0527446464646465,0,0,0,0.100835353535354,0,0.643287220031903
0,0,0,1,1,1,0,0,0,0,0,0,0,0.0856864705882353,0.0650035294117647,0,0,0.683697925989214
0,0,0,1,1,1,0,0,0,0,0,0,0,0.0432216071428571,0.0841683928571429,0,0,0.640560559092315
0,0,0,1,1,1,0,0,0,0,0,0,0,0.0456041666666667,0.103645833333333,0,0,0.615498282275914
0,0,0,1,1,1,0,0,0,0,0,0,0,0.0531801470588235,0.0914698529411765,0,0,0.657691519933045
0,0,0,1,1,1,0,0,0,0,0,0,0,0.0301888,0.1113212,0,0,0.518339730252658
0,0,0,1,1,1,0,0,0,0,0,0,0,0.0391534246575342,0.103756575342466,0,0,0.587170168691647
0,0,0,1,1,0,1,0,0,0,0,0,0.00217842857142857,0.0392117142857143,0,0.111099857142857,0,0.640640971891194
0,0,0,1,1,0,1,0,0,0,0,0,0,0.0452936842105263,0,0.0981363157894737,0,0.623654849568108
0,0,0,1,1,0,1,0,0,0,0,0,0,0.04500125,0,0.10928875,0,0.603637251500326
0,0,0,1,1,0,1,0,0,0,0,0,0,0.0562516326530612,0,0.0888183673469388,0,0.667733317416197
0,0,0,1,1,0,1,0,0,0,0,0,0,0.0689849438202247,0,0.0925850561797753,0,0.682441073793451
0,0,0,1,1,0,1,0,0,0,0,0,0,0.0331556603773585,0,0.126594339622642,0,0.510688668859979
0,0,0,1,1,0,0,1,0,0,0,0,0.00433186046511628,0.0505383720930232,0,0,0.0693097674418605,0.808409301582431
0,0,0,1,1,0,0,1,0,0,0,0,0.0078644578313253,0.0440409638554217,0,0,0.078644578313253,0.841128967814869
0,0,0,1,1,0,0,1,0,0,0,0,0.0032306329113924,0.0500748101265823,0,0,0.0743045569620253,0.775050359572619
0,0,0,1,1,0,0,1,0,0,0,0,0.00441684782608696,0.0426961956521739,0,0,0.0883369565217391,0.754309341517104
0,0,0,1,1,0,0,1,0,0,0,0,0.00453068181818182,0.0498375,0,0,0.0785318181818182,0.793867953561929
0,0,0,1,1,0,0,1,0,0,0,0,0.017020253164557,0.0472784810126582,0,0,0.0851012658227848,0.932147487183536
0,0,0,1,0,1,1,0,0,0,0,0,0,0,0.140017281553398,0.00137271844660194,0,0.0546588236180275
0,0,0,1,0,1,1,0,0,0,0,0,0,0,0.14675,0,0,0
0,0,0,1,0,1,1,0,0,0,0,0,0,0,0.141730263157895,0.00188973684210526,0,0.0700542808754982
0,0,0,1,0,1,1,0,0,0,0,0,0,0,0.13606,0,0,0
0,0,0,1,0,1,1,0,0,0,0,0,0,0,0.143251692307692,0.00223830769230769,0,0.0794870032030371
0,0,0,1,0,1,1,0,0,0,0,0,0,0,0.142730161290323,0.00233983870967742,0,0.0825649380358657
0,0,0,1,0,1,0,1,0,0,0,0,0,0,0.157388165137615,0,0.00294183486238532,0.0915407294902091
0,0,0,1,0,1,0,1,0,0,0,0,0,0,0.144632888888889,0,0.00328711111111111,0.10656595882802
0,0,0,1,0,1,0,1,0,0,0,0,0,0,0.140489256198347,0,0.00117074380165289,0.0478648502757037
0,0,0,1,0,1,0,1,0,0,0,0,0,0,0.14119,0,0,0
0,0,0,1,0,1,0,1,0,0,0,0,0,0,0.168301891891892,0,0.00308810810810811,0.0902219713655184
0,0,0,1,0,1,0,1,0,0,0,0,0.0127661538461538,0,0.111703846153846,0,0,0.330680630831978
0,0,0,1,0,0,1,1,0,0,0,0,0,0,0,0.0870615189873418,0.0477984810126582,0.650146161912005
0,0,0,1,0,0,1,1,0,0,0,0,0,0,0,0.100294032258065,0.0443159677419355,0.616232036996937
0,0,0,1,0,0,1,1,0,0,0,0,0,0,0,0.109967647058824,0.0146623529411765,0.362210557135448
0,0,0,1,0,0,1,1,0,0,0,0,0,0,0,0.111356756756757,0.00309324324324324,0.124250837389631
0,0,0,1,0,0,1,1,0,0,0,0,0,0,0,0.0938543283582089,0.055865671641791,0.660602774769974
0,0,0,1,0,0,1,1,0,0,0,0,0,0,0,0.108801,0.023079,0.46372643981941
0,0,0,0,1,1,1,0,0,0,0,0,0,0.0498292592592593,0.0734325925925926,0.0183581481481481,0,0.972920381148436
0,0,0,0,1,1,1,0,0,0,0,0,0,0.0339061333333333,0.0999338666666667,0,0,0.565967643065234
0,0,0,0,1,1,1,0,0,0,0,0,0,0.0217833333333333,0.108916666666667,0,0,0.450561208866304
0,0,0,0,1,1,1,0,0,0,0,0,0,0.0272866176470588,0.113344411764706,0.00209897058823529,0,0.561427114566242
0,0,0,0,1,1,1,0,0,0,0,0,0,0.0410588372093023,0.0600090697674419,0.0347420930232558,0,1.07130406332276
0,0,0,0,1,1,1,0,0,0,0,0,0,0.0465592105263158,0.0726323684210526,0.0223484210526316,0,0.999553345309789
0,0,0,0,1,1,0,1,0,0,0,0,0,0.05652,0.08478,0,0,0.673011667009256
0,0,0,0,1,1,0,1,0,0,0,0,0,0.0567204545454545,0.0819295454545454,0,0,0.6765259604935
0,0,0,0,1,1,0,1,0,0,0,0,0,0.0319186486486486,0.107021351351351,0,0,0.538949564615994
0,0,0,0,1,1,0,1,0,0,0,0,0,0.0385572,0.0871728,0,0,0.616407575768248
0,0,0,0,1,1,0,1,0,0,0,0,0,0.0514602985074627,0.0879113432835821,0,0.00428835820895522,0.773109917535038
0,0,0,0,1,1,0,1,0,0,0,0,0,0.0518279104477612,0.0729429850746269,0,0.00383910447761194,0.792720025169482
0,0,0,0,1,0,1,1,0,0,0,0,0,0.0484603658536585,0,0.110489634146341,0,0.614940980334078
0,0,0,0,1,0,1,1,0,0,0,0,0,0.0538621176470588,0,0.109647882352941,0,0.633761273531786
0,0,0,0,1,0,1,1,0,0,0,0,0,0.03434,0,0.12019,0,0.529706199057654
0,0,0,0,1,0,1,1,0,0,0,0,0,0.0567535294117647,0,0.0794549411764706,0.00162152941176471,0.735164471083844
0,0,0,0,1,0,1,1,0,0,0,0,0,0.0228643137254902,0,0.12289568627451,0,0.43443078354272
0,0,0,0,1,0,1,1,0,0,0,0,0,0.0415170454545455,0,0.0996409090909091,0.00498204545454545,0.733832198330077
0,0,0,0,0,1,1,1,0,0,0,0,0,0,0.137327142857143,0.00416142857142857,0.00416142857142857,0.258640932106732
0,0,0,0,0,1,1,1,0,0,0,0,0,0,0.152271844660194,0.00304543689320388,0.00152271844660194,0.150230804152655
0,0,0,0,0,1,1,1,0,0,0,0,0,0,0.111560119047619,0.0188794047619048,0.0137304761904762,0.688584026492872
0,0,0,0,0,1,1,1,0,0,0,0,0,0,0.1389375,0.0106875,0.007125,0.430529737868706
0,0,0,0,0,1,1,1,0,0,0,0,0,0,0.110982666666667,0.00158546666666667,0.00634186666666667,0.278290188363848
0,0,0,0,0,1,1,1,0,0,0,0,0,0,0.0941908333333333,0.0196816666666667,0.0042175,0.597994834797925
1,1,1,1,1,1,1,1,0,0.0035982278481,0,0.0827592405063,0,0.0233884810127,0.0269867088608,0.00539734177215,0,1.14457785083255
1,1,1,1,1,1,1,1,0,0.0165235135135,0,0.0587502702703,0,0.0183594594595,0.034882972973,0.00734378378378,0,1.39603888963384
1,1,1,1,1,1,1,1,0,0.00367166666667,0,0.0807766666667,0,0.00367166666667,0,0.06609,0,0.879821389330729
1,1,1,1,1,1,1,1,0,0,0,0.0860035135135,0,0.00614310810811,0,0.0593833783784,0,0.818530770183786
1,1,1,1,1,1,1,1,0,0,0,0.0786664556962,0,0,0,0.0806835443038,0,0.69306706305419
1,1,1,1,1,1,1,1,0,0,0,0.0908063291139,0,0,0,0.0631696202532,0.00197405063291,0.73626996476972
1,1,1,1,1,1,1,1,0,0,0,0.107606153846,0,0,0,0.0672538461538,0,0.666278442414759
1,1,1,1,1,1,1,1,0,0,0,0.0945471428571,0,0,0,0.0581828571429,0,0.664528438655051
1,1,1,1,1,1,1,1,0,0,0,0.0739262295082,0,0.00509836065574,0.020393442623,0.0560819672131,0,1.09978632748431
1,1,1,1,1,1,1,1,0,0,0,0.0709079710145,0,0.0202594202899,0.00202594202899,0.0465966666667,0,1.05179635896807
1,1,1,1,1,1,1,1,0,0,0,0.0895718918919,0,0.00186608108108,0.0317233783784,0.0130625675676,0.00186608108108,0.958069871367717
1,1,1,1,1,1,1,1,0,0,0,0.0741295454545,0,0,0.0209083333333,0.0285113636364,0.00190075757576,1.00970769329369
1,1,1,1,1,1,1,1,0,0,0,0.0837135064935,0,0.00220298701299,0,0.0815105194805,0.00220298701299,0.813516631757212
1,1,1,1,1,1,1,1,0,0,0,0.0868273809524,0,0.00173654761905,0,0.0555695238095,0.00173654761905,0.781951332641005
1,1,1,1,1,1,1,1,0,0,0,0.0812496774194,0,0.00601849462366,0,0.052661827957,0,0.818755427442711
0,1,1,1,1,1,1,1,0,0,0,0.0877804878049,0,0.00877804878049,0,0.0403790243902,0.00702243902439,0.976110902819872
0,1,1,1,1,1,1,1,0,0,0,0.0877804878049,0,0.00877804878049,0,0.0403790243902,0.00702243902439,0.976110902819872
0,1,1,1,1,1,1,1,0,0,0,0.0804111235955,0,0,0,0.0546188764045,0,0.674791951724488
0,1,1,1,1,1,1,1,0,0,0,0.0804111235955,0,0,0,0.0546188764045,0,0.674791951724488
0,1,1,1,1,1,1,1,0,0,0,0.0958252325581,0,0,0,0.057856744186,0.00180802325581,0.717963339185325
0,1,1,1,1,1,1,1,0,0,0,0.0958252325581,0,0,0,0.057856744186,0.00180802325581,0.717963339185325
0,1,1,1,1,1,1,1,0,0,0,0.0562720987654,0,0.0314461728395,0.0198607407407,0.0264809876543,0,1.3077714041241
0,1,1,1,1,1,1,1,0,0,0,0.0562720987654,0,0.0314461728395,0.0198607407407,0.0264809876543,0,1.3077714041241
0,1,1,1,1,1,1,1,0,0,0,0.0897026666667,0,0.00183066666667,0.038444,0.00732266666667,0,0.848430203615114
0,1,1,1,1,1,1,1,0,0,0,0.0897026666667,0,0.00183066666667,0.038444,0.00732266666667,0,0.848430203615114
0,1,1,1,1,1,1,1,0,0,0,0.0998545454545,0,0,0,0.0511754545455,0,0.640265045524321
0,1,1,1,1,1,1,1,0,0,0,0.0998545454545,0,0,0,0.0511754545455,0,0.640265045524321
0,1,1,1,1,1,1,1,0,0,0,0.0763257142857,0,0.00346935064935,0.0294894805195,0.0208161038961,0.00346935064935,1.1326308859959
0,1,1,1,1,1,1,1,0,0,0,0.0763257142857,0,0.00346935064935,0.0294894805195,0.0208161038961,0.00346935064935,1.1326308859959
1,0,1,1,1,1,1,1,0,0.0176827868852,0,0.0550131147541,0,0.00785901639344,0.0373303278689,0.00196475409836,0,1.24913180631111
1,0,1,1,1,1,1,1,0,0.0176827868852,0,0.0550131147541,0,0.00785901639344,0.0373303278689,0.00196475409836,0,1.24913180631111
1,0,1,1,1,1,1,1,0,0,0,0.0797053846154,0,0,0,0.0632146153846,0,0.686475525581822
1,0,1,1,1,1,1,1,0,0,0,0.0797053846154,0,0,0,0.0632146153846,0,0.686475525581822
1,0,1,1,1,1,1,1,0,0,0,0.104966794872,0,0.00214217948718,0,0.059981025641,0,0.71567137935173
1,0,1,1,1,1,1,1,0,0,0,0.104966794872,0,0.00214217948718,0,0.059981025641,0,0.71567137935173
1,0,1,1,1,1,1,1,0,0.00524785714286,0,0.061225,0,0.0332364285714,0.0139942857143,0.0332364285714,0,1.38013545884463
1,0,1,1,1,1,1,1,0,0.00524785714286,0,0.061225,0,0.0332364285714,0.0139942857143,0.0332364285714,0,1.38013545884463
1,0,1,1,1,1,1,1,0,0,0,0.0809789041096,0,0.0017604109589,0.0264061643836,0.0193645205479,0,0.960115533534215
1,0,1,1,1,1,1,1,0,0,0,0.0809789041096,0,0.0017604109589,0.0264061643836,0.0193645205479,0,0.960115533534215
1,0,1,1,1,1,1,1,0,0,0,0.0656353125,0,0.0024309375,0,0.08751375,0,0.752722502632534
1,0,1,1,1,1,1,1,0,0,0,0.0656353125,0,0.0024309375,0,0.08751375,0,0.752722502632534
1,0,1,1,1,1,1,1,0,0,0,0.0994333333333,0,0.00414305555556,0.00414305555556,0.0414305555556,0,0.825209414615083
1,0,1,1,1,1,1,1,0,0,0,0.0994333333333,0,0.00414305555556,0.00414305555556,0.0414305555556,0,0.825209414615083
1,1,0,1,1,1,1,1,0,0.00938269230769,0,0,0,0.0201057692308,0.0750615384615,0,0,0.771300894111915
1,1,0,1,1,1,1,1,0,0.00938269230769,0,0,0,0.0201057692308,0.0750615384615,0,0,0.771300894111915
1,1,0,1,1,1,1,1,0,0.00923581081081,0,0,0,0.0443318918919,0.0812751351351,0.00184716216216,0,0.914540425867399
1,1,0,1,1,1,1,1,0,0.00923581081081,0,0,0,0.0443318918919,0.0812751351351,0.00184716216216,0,0.914540425867399
1,1,0,1,1,1,1,1,0,0.0184875,0,0,0,0.060084375,0.044678125,0,0,1.00265959634738
1,1,0,1,1,1,1,1,0,0.0184875,0,0,0,0.060084375,0.044678125,0,0,1.00265959634738
1,1,0,1,1,1,1,1,0,0.00433310344828,0,0,0,0.0671631034483,0.0519972413793,0.00216655172414,0,0.886077672123916
1,1,0,1,1,1,1,1,0,0.00433310344828,0,0,0,0.0671631034483,0.0519972413793,0.00216655172414,0,0.886077672123916
1,1,0,1,1,1,1,1,0,0.0105476923077,0,0,0,0.0281271794872,0.0984451282051,0,0,0.760148941403069
1,1,0,1,1,1,1,1,0,0.0105476923077,0,0,0,0.0281271794872,0.0984451282051,0,0,0.760148941403069
1,1,0,1,1,1,1,1,0,0.0114602298851,0,0,0,0.0343806896552,0.0787890804598,0,0,0.86461904452205
1,1,0,1,1,1,1,1,0,0.0114602298851,0,0,0,0.0343806896552,0.0787890804598,0,0,0.86461904452205
1,1,0,1,1,1,1,1,0,0.00532666666667,0.00133166666667,0,0,0.0372866666667,0.059925,0,0,0.893289393753278
1,1,0,1,1,1,1,1,0,0.00532666666667,0.00133166666667,0,0,0.0372866666667,0.059925,0,0,0.893289393753278
1,1,1,0,1,1,1,1,0,0.0192676271186,0,0.0599437288136,0,0.0192676271186,0.0256901694915,0.00214084745763,0,1.3204078087456
1,1,1,0,1,1,1,1,0,0.0192676271186,0,0.0599437288136,0,0.0192676271186,0.0256901694915,0.00214084745763,0,1.3204078087456
1,1,1,0,1,1,1,1,0,0,0,0.0999181609195,0,0.00535275862069,0,0.0499590804598,0,0.76456032748143
1,1,1,0,1,1,1,1,0,0,0,0.0999181609195,0,0.00535275862069,0,0.0499590804598,0,0.76456032748143
1,1,1,0,1,1,1,1,0,0,0,0.0817485714286,0,0,0,0.0675314285714,0,0.688605152318265
1,1,1,0,1,1,1,1,0,0,0,0.0817485714286,0,0,0,0.0675314285714,0,0.688605152318265
1,1,1,0,1,1,1,1,0,0,0,0.0632571428571,0,0.0123,0.0386571428571,0.0210857142857,0,1.2210798816051
1,1,1,0,1,1,1,1,0,0,0,0.0632571428571,0,0.0123,0.0386571428571,0.0210857142857,0,1.2210798816051
1,1,1,0,1,1,1,1,0,0,0,0.0747690909091,0,0.00364727272727,0.0310018181818,0.0291781818182,0.00182363636364,1.14680807768761
1,1,1,0,1,1,1,1,0,0,0,0.0747690909091,0,0.00364727272727,0.0310018181818,0.0291781818182,0.00182363636364,1.14680807768761
1,1,1,0,1,1,1,1,0,0,0,0.0750855319149,0,0,0,0.0853244680851,0,0.691108674144362
1,1,1,0,1,1,1,1,0,0,0,0.0750855319149,0,0,0,0.0853244680851,0,0.691108674144362
1,1,1,0,1,1,1,1,0,0,0,0.100977407407,0,0,0,0.0376525925926,0,0.58484862178042
1,1,1,0,1,1,1,1,0,0,0,0.100977407407,0,0,0,0.0376525925926,0,0.58484862178042
1,1,1,1,0,1,1,1,0,0.00175901098901,0,0.116094725275,0,0,0,0.0422162637363,0,0.634040771328593
1,1,1,1,0,1,1,1,0,0.00175901098901,0,0.116094725275,0,0,0,0.0422162637363,0,0.634040771328593
1,1,1,1,0,1,1,1,0,0,0,0.0827406493506,0,0,0,0.0894493506494,0,0.692388007147249
1,1,1,1,0,1,1,1,0,0,0,0.0827406493506,0,0,0,0.0894493506494,0,0.692388007147249
1,1,1,1,0,1,1,1,0,0,0,0.101471282051,0,0,0,0.0705887179487,0,0.676951735304049
1,1,1,1,0,1,1,1,0,0,0,0.101471282051,0,0,0,0.0705887179487,0,0.676951735304049
1,1,1,1,0,1,1,1,0,0,0,0.101960821918,0,0,0,0.0770923287671,0.00248684931507,0.746486042875403
1,1,1,1,0,1,1,1,0,0,0,0.101960821918,0,0,0,0.0770923287671,0.00248684931507,0.746486042875403
1,1,1,1,0,1,1,1,0,0,0,0.0984025316456,0,0,0,0.0628101265823,0.00418734177215,0.769711737386496
1,1,1,1,0,1,1,1,0,0,0,0.0984025316456,0,0,0,0.0628101265823,0.00418734177215,0.769711737386496
1,1,1,1,0,1,1,1,0,0,0,0.0843112941176,0,0,0,0.0863187058824,0,0.693077974811196
1,1,1,1,0,1,1,1,0,0,0,0.0843112941176,0,0,0,0.0863187058824,0,0.693077974811196
1,1,1,1,0,1,1,1,0,0,0,0.0745637837838,0,0,0,0.0787062162162,0,0.692781905987654
1,1,1,1,0,1,1,1,0,0,0,0.0745637837838,0,0,0,0.0787062162162,0,0.692781905987654
1,1,1,1,1,0,1,1,0,0,0,0.127191428571,0,0,0,0.0602485714286,0,0.627941588740532
1,1,1,1,1,0,1,1,0,0,0,0.127191428571,0,0,0,0.0602485714286,0,0.627941588740532
1,1,1,1,1,0,1,1,0,0,0,0.0833505882353,0,0.00208376470588,0,0.0916856470588,0,0.747833349937798
1,1,1,1,1,0,1,1,0,0,0,0.0833505882353,0,0.00208376470588,0,0.0916856470588,0,0.747833349937798
1,1,1,1,1,0,1,1,0,0,0,0.110089350649,0,0,0,0.0741906493506,0,0.674050777989794
1,1,1,1,1,0,1,1,0,0,0,0.110089350649,0,0,0,0.0741906493506,0,0.674050777989794
1,1,1,1,1,0,1,1,0,0,0,0.0994671232877,0,0,0,0.0776328767123,0,0.685527884648791
1,1,1,1,1,0,1,1,0,0,0,0.0994671232877,0,0,0,0.0776328767123,0,0.685527884648791
1,1,1,1,1,0,1,1,0,0,0,0.0859171764706,0,0.00204564705882,0,0.0859171764706,0,0.748954221951377
1,1,1,1,1,0,1,1,0,0,0,0.0859171764706,0,0.00204564705882,0,0.0859171764706,0,0.748954221951377
1,1,1,1,1,0,1,1,0,0,0,0.0747138461538,0,0,0,0.0871661538462,0,0.69018567601876
1,1,1,1,1,0,1,1,0,0,0,0.0747138461538,0,0,0,0.0871661538462,0,0.69018567601876
1,1,1,1,1,0,1,1,0,0,0,0.0902897727273,0,0,0,0.0686202272727,0,0.683820628784864
1,1,1,1,1,0,1,1,0,0,0,0.0902897727273,0,0,0,0.0686202272727,0,0.683820628784864
1,1,1,1,1,1,0,1,0,0,0,0,0,0,0,0,0,NA
1,1,1,1,1,1,0,1,0,0,0,0,0,0,0,0,0,NA
1,1,1,1,1,1,0,1,0,0.0587530188679,0,0.105136981132,0,0,0,0,0,0.652544773153825
1,1,1,1,1,1,0,1,0,0.0587530188679,0,0.105136981132,0,0,0,0,0,0.652544773153825
1,1,1,1,1,1,0,1,0,0.0326616216216,0,0.132979459459,0,0.00699891891892,0,0,0,0.646003447972822
1,1,1,1,1,1,0,1,0,0.0326616216216,0,0.132979459459,0,0.00699891891892,0,0,0,0.646003447972822
1,1,1,1,1,1,0,1,0,0.02984515625,0,0.07116921875,0,0.0321409375,0.0137746875,0,0,1.22926895185934
1,1,1,1,1,1,0,1,0,0.02984515625,0,0.07116921875,0,0.0321409375,0.0137746875,0,0,1.22926895185934
1,1,1,1,1,1,0,1,0,0,0,0.106135714286,0,0,0.0405245454545,0,0.00192974025974,0.651100274060955
1,1,1,1,1,1,0,1,0,0,0,0.106135714286,0,0,0.0405245454545,0,0.00192974025974,0.651100274060955
1,1,1,1,1,1,0,1,0,0.0328172222222,0,0.151995555556,0,0,0.00172722222222,0,0,0.515927706028426
1,1,1,1,1,1,0,1,0,0.0328172222222,0,0.151995555556,0,0,0.00172722222222,0,0,0.515927706028426
1,1,1,1,1,1,1,0,0,0.0309266666667,0,0.0618533333333,0,0.0154633333333,0.0251279166667,0.00579875,0,1.3802677955179
1,1,1,1,1,1,1,0,0,0.0309266666667,0,0.0618533333333,0,0.0154633333333,0.0251279166667,0.00579875,0,1.3802677955179
1,1,1,1,1,1,1,0,0,0,0,0.117548630137,0,0.00261219178082,0,0.0705291780822,0,0.724878517562305
1,1,1,1,1,1,1,0,0,0,0,0.117548630137,0,0.00261219178082,0,0.0705291780822,0,0.724878517562305
1,1,1,1,1,1,1,0,0,0,0,0.103753157895,0,0,0,0.0754568421053,0,0.680629487891504
1,1,1,1,1,1,1,0,0,0,0,0.103753157895,0,0,0,0.0754568421053,0,0.680629487891504
1,1,1,1,1,1,1,0,0,0,0,0.0890947058824,0,0,0,0.0791952941176,0,0.691416077617085
1,1,1,1,1,1,1,0,0,0,0,0.0890947058824,0,0,0,0.0791952941176,0,0.691416077617085
1,1,1,1,1,1,1,0,0,0,0,0.0771875,0,0.024375,0,0.0609375,0,1.00598819321234
1,1,1,1,1,1,1,0,0,0,0,0.0771875,0,0.024375,0,0.0609375,0,1.00598819321234
1,1,1,1,1,1,1,0,0,0,0,0.064,0,0.014,0.048,0.016,0,1.20023277570656
1,1,1,1,1,1,1,0,0,0,0,0.064,0,0.014,0.048,0.016,0,1.20023277570656
1,1,1,1,1,1,1,0,0,0,0,0.0777705882353,0,0,0,0.0985094117647,0,0.686210712242772
1,1,1,1,1,1,1,0,0,0,0,0.0777705882353,0,0,0,0.0985094117647,0,0.686210712242772
