"LP.action","LB.action","AP.action","AT.action","AO.action","environment.initial","LP.outcome","LB.outcome","AP.outcome","AT.outcome","AO.outcome","diversity.desirability"
1,0,0,0,0,0,313000,0,0,0,0,0
1,0,0,0,0,0,268000,0,0,0,0,0
1,0,0,0,0,0,224000,0,0,0,0,0
1,0,0,0,0,0,358000,0,0,0,0,0
1,0,0,0,0,0,268000,0,0,0,0,0
1,0,0,0,0,0,268000,0,0,0,0,0
1,0,0,0,0,0,268000,0,0,0,0,0
1,0,0,0,0,0,152000,0,0,0,0,0
1,0,0,0,0,0,179000,0,0,0,0,0
1,0,0,0,0,0,179000,0,0,0,0,0
1,0,0,0,0,0,179000,0,0,0,0,0
1,0,0,0,0,0,268000,0,0,0,0,0
1,0,0,0,0,0,259000,0,0,0,0,0
1,0,0,0,0,0,447000,0,0,0,0,0
1,0,0,0,0,0,250000,0,0,0,0,0
1,0,0,0,0,0,134000,0,0,0,0,0
1,0,0,0,0,0,116000,0,0,0,0,0
1,0,0,0,0,0,17886,0,0,0,0,0
1,0,0,0,0,0,71543,0,0,0,0,0
1,0,0,0,0,0,17886,0,0,0,0,0
1,0,0,0,0,0,161000,0,0,0,0,0
1,0,0,0,0,0,98371,0,0,0,0,0
1,0,0,0,0,0,134000,0,0,0,0,0
1,0,0,0,0,0,259000,0,0,0,0,0
1,0,0,0,0,0,268000,0,0,0,0,0
1,0,0,0,0,0,224000,0,0,0,0,0
1,0,0,0,0,0,125000,0,0,0,0,0
1,0,0,0,0,0,537000,0,0,0,0,0
1,0,0,0,0,0,358000,0,0,0,0,0
1,0,0,0,0,0,17886,0,0,0,0,0
1,0,0,0,0,0,197000,0,0,0,0,0
1,0,0,0,0,0,8942.8,0,0,0,0,0
1,0,0,0,0,0,62600,0,0,0,0,0
1,0,0,0,0,0,447000,0,0,0,0,0
1,0,0,0,0,0,44714,0,0,0,0,0
1,0,0,0,0,0,125000,0,0,0,0,0
1,0,0,0,0,0,447000,0,0,0,0,0
1,0,0,0,0,0,224000,0,0,0,0,0
1,0,0,0,0,0,537000,0,0,0,0,0
1,0,0,0,0,0,268000,0,0,0,0,0
1,0,0,0,0,0,152000,0,0,0,0,0
1,0,0,0,0,0,358000,0,0,0,0,0
1,0,0,0,0,0,447000,0,0,0,0,0
1,0,0,0,0,0,447000,0,0,0,0,0
1,0,0,0,0,0,358000,0,0,0,0,0
1,0,0,0,0,0,107000,0,0,0,0,0
1,0,0,0,0,0,8942.8,0,0,0,0,0
1,0,0,0,0,0,537000,0,0,0,0,0
0,1,0,0,0,0,0,668000,0,0,0,0
0,1,0,0,0,0,0,668000,0,0,0,0
0,1,0,0,0,0,0,668000,0,0,0,0
0,1,0,0,0,0,0,668000,0,0,0,0
0,1,0,0,0,0,0,668000,0,0,0,0
0,1,0,0,0,0,0,668000,0,0,0,0
0,1,0,0,0,0,0,557000,0,0,0,0
0,1,0,0,0,0,0,668000,0,0,0,0
0,1,0,0,0,0,0,334000,0,0,0,0
0,1,0,0,0,0,0,445000,0,0,0,0
0,1,0,0,0,0,0,668000,0,0,0,0
0,1,0,0,0,0,0,668000,0,0,0,0
0,1,0,0,0,0,0,668000,0,0,0,0
0,1,0,0,0,0,0,557000,0,0,0,0
0,1,0,0,0,0,0,445000,0,0,0,0
0,1,0,0,0,0,0,668000,0,0,0,0
0,1,0,0,0,0,0,445000,0,0,0,0
0,1,0,0,0,0,0,267000,0,0,0,0
0,1,0,0,0,0,0,668000,0,0,0,0
0,1,0,0,0,0,0,367000,0,0,0,0
0,1,0,0,0,0,0,668000,0,0,0,0
0,1,0,0,0,0,0,468000,0,0,0,0
0,1,0,0,0,0,0,557000,0,0,0,0
0,1,0,0,0,0,0,423000,0,0,0,0
0,1,0,0,0,0,0,668000,0,0,0,0
0,1,0,0,0,0,0,2e+05,0,0,0,0
0,1,0,0,0,0,0,33398,0,0,0,0
0,1,0,0,0,0,0,334000,0,0,0,0
0,1,0,0,0,0,0,668000,0,0,0,0
0,1,0,0,0,0,0,445000,0,0,0,0
0,1,0,0,0,0,0,278000,0,0,0,0
0,1,0,0,0,0,0,557000,0,0,0,0
0,1,0,0,0,0,0,22265,0,0,0,0
0,1,0,0,0,0,0,245000,0,0,0,0
0,1,0,0,0,0,0,77928,0,0,0,0
0,1,0,0,0,0,0,668000,0,0,0,0
0,1,0,0,0,0,0,668000,0,0,0,0
0,1,0,0,0,0,0,557000,0,0,0,0
0,1,0,0,0,0,0,134000,0,0,0,0
0,1,0,0,0,0,0,557000,0,0,0,0
0,1,0,0,0,0,0,668000,0,0,0,0
0,1,0,0,0,0,0,44530,0,0,0,0
0,1,0,0,0,0,0,11133,0,0,0,0
0,1,0,0,0,0,0,668000,0,0,0,0
0,1,0,0,0,0,0,334000,0,0,0,0
0,1,0,0,0,0,0,668000,0,0,0,0
0,1,0,0,0,0,0,668000,0,0,0,0
0,1,0,0,0,0,0,111000,0,0,0,0
0,0,1,0,0,0,0,0,0,0,0,NA
0,0,1,0,0,0,0,0,65417,0,0,0
0,0,1,0,0,0,0,0,0,0,0,NA
0,0,1,0,0,0,0,0,0,0,0,NA
0,0,1,0,0,0,0,0,16354,0,0,0
0,0,1,0,0,0,0,0,16354,0,0,0
0,0,1,0,0,0,0,0,0,0,0,NA
0,0,1,0,0,0,0,0,16354,0,0,0
0,0,1,0,0,0,0,0,0,0,0,NA
0,0,1,0,0,0,0,0,49063,0,0,0
0,0,1,0,0,0,0,0,0,0,0,NA
0,0,1,0,0,0,0,0,0,0,0,NA
0,0,1,0,0,0,0,0,49063,0,0,0
0,0,1,0,0,0,0,0,49063,0,0,0
0,0,1,0,0,0,0,0,49063,0,0,0
0,0,1,0,0,0,0,0,0,0,0,NA
0,0,1,0,0,0,0,0,0,0,0,NA
0,0,1,0,0,0,0,0,818000,0,0,0
0,0,1,0,0,0,0,0,0,0,0,NA
0,0,1,0,0,0,0,0,65417,0,0,0
0,0,1,0,0,0,0,0,0,0,0,NA
0,0,1,0,0,0,0,0,114000,0,0,0
0,0,1,0,0,0,0,0,0,0,0,NA
0,0,1,0,0,0,0,0,16354,0,0,0
0,0,1,0,0,0,0,0,81771,0,0,0
0,0,1,0,0,0,0,0,16354,0,0,0
0,0,1,0,0,0,0,0,0,0,0,NA
0,0,1,0,0,0,0,0,32708,0,0,0
0,0,1,0,0,0,0,0,491000,0,0,0
0,0,1,0,0,0,0,0,491000,0,0,0
0,0,1,0,0,0,0,0,0,0,0,NA
0,0,1,0,0,0,0,0,16354,0,0,0
0,0,1,0,0,0,0,0,16354,0,0,0
0,0,1,0,0,0,0,0,16354,0,0,0
0,0,1,0,0,0,0,0,0,0,0,NA
0,0,1,0,0,0,0,0,49063,0,0,0
0,0,1,0,0,0,0,0,16354,0,0,0
0,0,1,0,0,0,0,0,0,0,0,NA
0,0,1,0,0,0,0,0,0,0,0,NA
0,0,1,0,0,0,0,0,327000,0,0,0
0,0,1,0,0,0,0,0,131000,0,0,0
0,0,1,0,0,0,0,0,114000,0,0,0
0,0,1,0,0,0,0,0,0,0,0,NA
0,0,1,0,0,0,0,0,32708,0,0,0
0,0,1,0,0,0,0,0,327000,0,0,0
0,0,1,0,0,0,0,0,818000,0,0,0
0,0,1,0,0,0,0,0,327000,0,0,0
0,0,1,0,0,0,0,0,0,0,0,NA
0,0,0,1,0,0,0,0,0,981000,0,0
0,0,0,1,0,0,0,0,0,311000,0,0
0,0,0,1,0,0,0,0,0,294000,0,0
0,0,0,1,0,0,0,0,0,343000,0,0
0,0,0,1,0,0,0,0,0,294000,0,0
0,0,0,1,0,0,0,0,0,245000,0,0
0,0,0,1,0,0,0,0,0,393000,0,0
0,0,0,1,0,0,0,0,0,409000,0,0
0,0,0,1,0,0,0,0,0,850000,0,0
0,0,0,1,0,0,0,0,0,687000,0,0
0,0,0,1,0,0,0,0,0,474000,0,0
0,0,0,1,0,0,0,0,0,16354,0,0
0,0,0,1,0,0,0,0,0,98125,0,0
0,0,0,1,0,0,0,0,0,491000,0,0
0,0,0,1,0,0,0,0,0,818000,0,0
0,0,0,1,0,0,0,0,0,147000,0,0
0,0,0,1,0,0,0,0,0,213000,0,0
0,0,0,1,0,0,0,0,0,0,0,NA
0,0,0,1,0,0,0,0,0,16354,0,0
0,0,0,1,0,0,0,0,0,32708,0,0
0,0,0,1,0,0,0,0,0,0,0,NA
0,0,0,1,0,0,0,0,0,0,0,NA
0,0,0,1,0,0,0,0,0,16354,0,0
0,0,0,1,0,0,0,0,0,0,0,NA
0,0,0,1,0,0,0,0,0,311000,0,0
0,0,0,1,0,0,0,0,0,65417,0,0
0,0,0,1,0,0,0,0,0,147000,0,0
0,0,0,1,0,0,0,0,0,572000,0,0
0,0,0,1,0,0,0,0,0,409000,0,0
0,0,0,1,0,0,0,0,0,654000,0,0
0,0,0,1,0,0,0,0,0,16354,0,0
0,0,0,1,0,0,0,0,0,131000,0,0
0,0,0,1,0,0,0,0,0,0,0,NA
0,0,0,1,0,0,0,0,0,16354,0,0
0,0,0,1,0,0,0,0,0,180000,0,0
0,0,0,1,0,0,0,0,0,32708,0,0
0,0,0,1,0,0,0,0,0,81771,0,0
0,0,0,1,0,0,0,0,0,98125,0,0
0,0,0,1,0,0,0,0,0,1140000,0,0
0,0,0,1,0,0,0,0,0,393000,0,0
0,0,0,1,0,0,0,0,0,147000,0,0
0,0,0,1,0,0,0,0,0,654000,0,0
0,0,0,1,0,0,0,0,0,981000,0,0
0,0,0,1,0,0,0,0,0,376000,0,0
0,0,0,1,0,0,0,0,0,32708,0,0
0,0,0,1,0,0,0,0,0,0,0,NA
0,0,0,1,0,0,0,0,0,981000,0,0
0,0,0,1,0,0,0,0,0,164000,0,0
0,0,0,0,1,0,0,0,0,0,510000,0
0,0,0,0,1,0,0,0,0,0,706000,0
0,0,0,0,1,0,0,0,0,0,392000,0
0,0,0,0,1,0,0,0,0,0,188000,0
0,0,0,0,1,0,0,0,0,0,361000,0
0,0,0,0,1,0,0,0,0,0,392000,0
0,0,0,0,1,0,0,0,0,0,259000,0
0,0,0,0,1,0,0,0,0,0,549000,0
0,0,0,0,1,0,0,0,0,0,157000,0
0,0,0,0,1,0,0,0,0,0,235000,0
0,0,0,0,1,0,0,0,0,0,235000,0
0,0,0,0,1,0,0,0,0,0,627000,0
0,0,0,0,1,0,0,0,0,0,86263,0
0,0,0,0,1,0,0,0,0,0,165000,0
0,0,0,0,1,0,0,0,0,0,471000,0
0,0,0,0,1,0,0,0,0,0,235000,0
0,0,0,0,1,0,0,0,0,0,235000,0
0,0,0,0,1,0,0,0,0,0,196000,0
0,0,0,0,1,0,0,0,0,0,62737,0
0,0,0,0,1,0,0,0,0,0,118000,0
0,0,0,0,1,0,0,0,0,0,47052,0
0,0,0,0,1,0,0,0,0,0,290000,0
0,0,0,0,1,0,0,0,0,0,314000,0
0,0,0,0,1,0,0,0,0,0,39210,0
0,0,0,0,1,0,0,0,0,0,157000,0
0,0,0,0,1,0,0,0,0,0,62737,0
0,0,0,0,1,0,0,0,0,0,70579,0
0,0,0,0,1,0,0,0,0,0,94105,0
0,0,0,0,1,0,0,0,0,0,31368,0
0,0,0,0,1,0,0,0,0,0,149000,0
0,0,0,0,1,0,0,0,0,0,196000,0
0,0,0,0,1,0,0,0,0,0,78421,0
0,0,0,0,1,0,0,0,0,0,62737,0
0,0,0,0,1,0,0,0,0,0,70579,0
0,0,0,0,1,0,0,0,0,0,196000,0
0,0,0,0,1,0,0,0,0,0,196000,0
0,0,0,0,1,0,0,0,0,0,235000,0
0,0,0,0,1,0,0,0,0,0,471000,0
0,0,0,0,1,0,0,0,0,0,314000,0
0,0,0,0,1,0,0,0,0,0,706000,0
0,0,0,0,1,0,0,0,0,0,706000,0
0,0,0,0,1,0,0,0,0,0,471000,0
0,0,0,0,1,0,0,0,0,0,125000,0
0,0,0,0,1,0,0,0,0,0,471000,0
0,0,0,0,1,0,0,0,0,0,141000,0
0,0,0,0,1,0,0,0,0,0,706000,0
0,0,0,0,1,0,0,0,0,0,118000,0
0,0,0,0,1,0,0,0,0,0,706000,0
1,1,0,0,0,0,107000,1e+05,0,0,0,0.692575296230427
1,1,0,0,0,0,0,55663,0,0,0,0
1,1,0,0,0,0,179000,167000,0,0,0,0.692545636563235
1,1,0,0,0,0,179000,89061,0,0,0,0.635754712749818
1,1,0,0,0,0,179000,89061,0,0,0,0.635754712749818
1,1,0,0,0,0,80485,278000,0,0,0,0.532562437803892
1,1,0,0,0,0,53657,223000,0,0,0,0.491896861388996
1,1,0,0,0,0,35771,390000,0,0,0,0.288466669546975
1,1,0,0,0,0,17886,445000,0,0,0,0.163598234993559
1,1,0,0,0,0,179000,167000,0,0,0,0.692545636563235
1,1,0,0,0,0,224000,167000,0,0,0,0.682483308606524
1,1,0,0,0,0,89428,0,0,0,0,0
1,1,0,0,0,0,447000,668000,0,0,0,0.673373637513282
1,1,0,0,0,0,447000,490000,0,0,0,0.692093812191939
1,1,0,0,0,0,286000,334000,0,0,0,0.690147301347692
1,1,0,0,0,0,0,189000,0,0,0,0
1,1,0,0,0,0,358000,557000,0,0,0,0.669306963886507
1,1,0,0,0,0,89428,278000,0,0,0,0.554955180942237
1,1,0,0,0,0,197000,668000,0,0,0,0.536538021979436
1,1,0,0,0,0,313000,668000,0,0,0,0.626160534426171
1,1,0,0,0,0,107000,668000,0,0,0,0.401434403276052
1,1,0,0,0,0,35771,490000,0,0,0,0.248527032287995
1,1,0,0,0,0,358000,668000,0,0,0,0.646780424313629
1,1,0,0,0,0,134000,668000,0,0,0,0.451229514205789
1,1,0,0,0,0,537000,66796,0,0,0,0.347823743501966
1,1,0,0,0,0,313000,11133,0,0,0,0.149542310603766
1,1,0,0,0,0,107000,89061,0,0,0,0.688955466833785
1,1,0,0,0,0,537000,0,0,0,0,0
1,1,0,0,0,0,537000,22265,0,0,0,0.16734360505157
1,1,0,0,0,0,0,0,0,0,0,NA
1,1,0,0,0,0,206000,11133,0,0,0,0.202245780922133
1,1,0,0,0,0,80485,22265,0,0,0,0.522687848385538
1,1,0,0,0,0,197000,122000,0,0,0,0.665248463227349
1,1,0,0,0,0,179000,1e+05,0,0,0,0.652505409619558
1,1,0,0,0,0,62600,44530,0,0,0,0.678853559810875
1,1,0,0,0,0,17886,33398,0,0,0,0.646677989163299
1,1,0,0,0,0,268000,0,0,0,0,0
1,1,0,0,0,0,537000,223000,0,0,0,0.605186483560815
1,1,0,0,0,0,537000,66796,0,0,0,0.347823743501966
1,1,0,0,0,0,8942.8,0,0,0,0,0
1,1,0,0,0,0,89428,0,0,0,0,0
1,1,0,0,0,0,447000,55663,0,0,0,0.348051817195487
1,1,0,0,0,0,268000,55663,0,0,0,0.459009172769412
1,1,0,0,0,0,537000,167000,0,0,0,0.547849459247732
1,1,0,0,0,0,179000,0,0,0,0,0
1,1,0,0,0,0,224000,55663,0,0,0,0.499063103979699
1,1,0,0,0,0,206000,0,0,0,0,0
1,1,0,0,0,0,71543,0,0,0,0,0
1,0,1,0,0,0,358000,0,262000,0,0,0.681111302044205
1,0,1,0,0,0,358000,0,245000,0,0,0.675484243634468
1,0,1,0,0,0,313000,0,654000,0,0,0.629613380156422
1,0,1,0,0,0,179000,0,376000,0,0,0.628756263007524
1,0,1,0,0,0,179000,0,196000,0,0,0.69211927275794
1,0,1,0,0,0,179000,0,458000,0,0,0.593899725321313
1,0,1,0,0,0,134000,0,736000,0,0,0.429624360409693
1,0,1,0,0,0,134000,0,164000,0,0,0.688071247053758
1,0,1,0,0,0,206000,0,213000,0,0,0.693007621433447
1,0,1,0,0,0,134000,0,458000,0,0,0.534829912725697
1,0,1,0,0,0,161000,0,16354,0,0,0.307623775895822
1,0,1,0,0,0,313000,0,294000,0,0,0.692657209121046
1,0,1,0,0,0,537000,0,818000,0,0,0.671487088965235
1,0,1,0,0,0,152000,0,213000,0,0,0.679116338610597
1,0,1,0,0,0,35771,0,32708,0,0,0.692146503175029
1,0,1,0,0,0,331000,0,16354,0,0,0.189830991871915
1,0,1,0,0,0,179000,0,229000,0,0,0.685619139944809
1,0,1,0,0,0,358000,0,981000,0,0,0.580619053708296
1,0,1,0,0,0,98371,0,32708,0,0,0.561817007356877
1,0,1,0,0,0,241000,0,65417,0,0,0.518544246650467
1,0,1,0,0,0,537000,0,98125,0,0,0.430431174088153
1,0,1,0,0,0,241000,0,16354,0,0,0.236616901047005
1,0,1,0,0,0,340000,0,0,0,0,0
1,0,1,0,0,0,447000,0,981000,0,0,0.621499838539665
1,0,1,0,0,0,53657,0,0,0,0,0
1,0,1,0,0,0,358000,0,32708,0,0,0.287749491305887
1,0,1,0,0,0,537000,0,981000,0,0,0.649740157175021
1,0,1,0,0,0,152000,0,98125,0,0,0.669767478766171
1,0,1,0,0,0,134000,0,0,0,0,0
1,0,1,0,0,0,313000,0,409000,0,0,0.684281236592862
1,0,1,0,0,0,537000,0,32708,0,0,0.219785983140246
1,0,1,0,0,0,537000,0,818000,0,0,0.671487088965235
1,0,1,0,0,0,134000,0,32708,0,0,0.495088236261804
1,0,1,0,0,0,537000,0,654000,0,0,0.688314157428962
1,0,1,0,0,0,447000,0,65417,0,0,0.381921053698111
1,0,1,0,0,0,197000,0,49063,0,0,0.499558436100796
1,0,1,0,0,0,268000,0,294000,0,0,0.692076649939097
1,0,1,0,0,0,537000,0,1470000,0,0,0.580820381672646
1,0,1,0,0,0,537000,0,1310000,0,0,0.60281449239904
1,0,1,0,0,0,8942.8,0,32708,0,0,0.520129224877583
1,0,1,0,0,0,268000,0,0,0,0,0
1,0,1,0,0,0,268000,0,229000,0,0,0.69006517782534
1,0,1,0,0,0,80485,0,0,0,0,0
1,0,1,0,0,0,537000,0,1310000,0,0,0.60281449239904
1,0,1,0,0,0,179000,0,98125,0,0,0.649937056657955
1,0,1,0,0,0,358000,0,65417,0,0,0.430432305475828
1,0,1,0,0,0,17886,0,0,0,0,0
1,0,1,0,0,0,268000,0,294000,0,0,0.692076649939097
1,0,0,1,0,0,358000,0,0,180000,0,0.637369633969055
1,0,0,1,0,0,268000,0,0,343000,0,0.685594415546674
1,0,0,1,0,0,358000,0,0,98125,0,0.520671366860716
1,0,0,1,0,0,268000,0,0,262000,0,0.693083099447456
1,0,0,1,0,0,206000,0,0,16354,0,0.262724818843413
1,0,0,1,0,0,179000,0,0,114000,0,0.668334102660523
1,0,0,1,0,0,224000,0,0,294000,0,0.683988432967782
1,0,0,1,0,0,224000,0,0,818000,0,0.520469096635216
1,0,0,1,0,0,313000,0,0,491000,0,0.668435506260835
1,0,0,1,0,0,134000,0,0,278000,0,0.63075829401113
1,0,0,1,0,0,107000,0,0,98125,0,0.692210901914879
1,0,0,1,0,0,224000,0,0,65417,0,0.534434988574139
1,0,0,1,0,0,44714,0,0,16354,0,0.581058200021461
1,0,0,1,0,0,89428,0,0,0,0,0
1,0,0,1,0,0,358000,0,0,294000,0,0.688321769397476
1,0,0,1,0,0,358000,0,0,0,0,0
1,0,0,1,0,0,447000,0,0,65417,0,0.381921053698111
1,0,0,1,0,0,537000,0,0,311000,0,0.657200715462891
1,0,0,1,0,0,53657,0,0,16354,0,0.543580138693306
1,0,0,1,0,0,411000,0,0,81771,0,0.449391682160175
1,0,0,1,0,0,80485,0,0,16354,0,0.454103054825618
1,0,0,1,0,0,286000,0,0,16354,0,0.210383181271875
1,0,0,1,0,0,152000,0,0,147000,0,0.693007354577615
1,0,0,1,0,0,358000,0,0,98125,0,0.520671366860716
1,0,0,1,0,0,170000,0,0,164000,0,0.692985817941631
1,0,0,1,0,0,447000,0,0,1310000,0,0.567129361944653
1,0,0,1,0,0,170000,0,0,491000,0,0.570093021325734
1,0,0,1,0,0,206000,0,0,213000,0,0.693007621433447
1,0,0,1,0,0,537000,0,0,491000,0,0.692145695530315
1,0,0,1,0,0,233000,0,0,81771,0,0.572825978398629
1,0,0,1,0,0,17886,0,0,16354,0,0.692145878707159
1,0,0,1,0,0,80485,0,0,0,0,0
1,0,0,1,0,0,71543,0,0,0,0,0
1,0,0,1,0,0,17886,0,0,0,0,0
1,0,0,1,0,0,233000,0,0,32708,0,0.373051518342474
1,0,0,1,0,0,107000,0,0,32708,0,0.544203152218354
1,0,0,1,0,0,358000,0,0,245000,0,0.675484243634468
1,0,0,1,0,0,35771,0,0,16354,0,0.622065028004993
1,0,0,1,0,0,358000,0,0,1140000,0,0.549907494975437
1,0,0,1,0,0,71543,0,0,81771,0,0.690920230831037
1,0,0,1,0,0,8942.8,0,0,32708,0,0.520129224877583
1,0,0,1,0,0,224000,0,0,294000,0,0.683988432967782
1,0,0,1,0,0,358000,0,0,654000,0,0.649740157175021
1,0,0,1,0,0,447000,0,0,540000,0,0.688701420230079
1,0,0,1,0,0,447000,0,0,654000,0,0.675367506708808
1,0,0,1,0,0,447000,0,0,245000,0,0.649915502762578
1,0,0,1,0,0,447000,0,0,491000,0,0.692046581693458
1,0,0,1,0,0,143000,0,0,81771,0,0.655571574284551
1,0,0,0,1,0,179000,0,0,0,235000,0.683970671725381
1,0,0,0,1,0,313000,0,0,0,235000,0.682982961285707
1,0,0,0,1,0,358000,0,0,0,314000,0.691002080543027
1,0,0,0,1,0,358000,0,0,0,235000,0.671478707673395
1,0,0,0,1,0,224000,0,0,0,54894,0.495972782208368
1,0,0,0,1,0,313000,0,0,0,392000,0.686855618646412
1,0,0,0,1,0,313000,0,0,0,471000,0.672700141624897
1,0,0,0,1,0,224000,0,0,0,471000,0.628592596791754
1,0,0,0,1,0,179000,0,0,0,392000,0.621860837601095
1,0,0,0,1,0,179000,0,0,0,235000,0.683970671725381
1,0,0,0,1,0,224000,0,0,0,549000,0.601954650134303
1,0,0,0,1,0,179000,0,0,0,267000,0.673553366732258
1,0,0,0,1,0,537000,0,0,0,165000,0.545298104959065
1,0,0,0,1,0,134000,0,0,0,267000,0.637088796418068
1,0,0,0,1,0,35771,0,0,0,39210,0.692095014558547
1,0,0,0,1,0,537000,0,0,0,165000,0.545298104959065
1,0,0,0,1,0,537000,0,0,0,133000,0.498326352974932
1,0,0,0,1,0,241000,0,0,0,227000,0.692699674251992
1,0,0,0,1,0,107000,0,0,0,314000,0.566855914768805
1,0,0,0,1,0,179000,0,0,0,133000,0.682238786210161
1,0,0,0,1,0,241000,0,0,0,314000,0.684471792041138
1,0,0,0,1,0,26828,0,0,0,54894,0.632956505725692
1,0,0,0,1,0,241000,0,0,0,212000,0.691096648216556
1,0,0,0,1,0,250000,0,0,0,78421,0.549671811068821
1,0,0,0,1,0,537000,0,0,0,314000,0.65840933853054
1,0,0,0,1,0,116000,0,0,0,149000,0.685373366536367
1,0,0,0,1,0,537000,0,0,0,110000,0.455910719557429
1,0,0,0,1,0,107000,0,0,0,102000,0.692860987647014
1,0,0,0,1,0,268000,0,0,0,157000,0.658641869591255
1,0,0,0,1,0,197000,0,0,0,47052,0.490250426087254
1,0,0,0,1,0,143000,0,0,0,70579,0.634502876590638
1,0,0,0,1,0,322000,0,0,0,54894,0.415085899045076
1,0,0,0,1,0,224000,0,0,0,196000,0.690923309313818
1,0,0,0,1,0,537000,0,0,0,235000,0.614549870523302
1,0,0,0,1,0,358000,0,0,0,118000,0.560015344108733
1,0,0,0,1,0,447000,0,0,0,94105,0.462036283474469
1,0,0,0,1,0,358000,0,0,0,314000,0.691002080543027
1,0,0,0,1,0,447000,0,0,0,235000,0.644023371016273
1,0,0,0,1,0,358000,0,0,0,667000,0.646992506443561
1,0,0,0,1,0,537000,0,0,0,431000,0.6871395629109
1,0,0,0,1,0,537000,0,0,0,667000,0.687306671236722
1,0,0,0,1,0,80485,0,0,0,274000,0.535684348570351
1,0,0,0,1,0,537000,0,0,0,588000,0.69211927275794
1,0,0,0,1,0,80485,0,0,0,196000,0.603134365862431
1,0,0,0,1,0,224000,0,0,0,392000,0.655481773901393
1,0,0,0,1,0,161000,0,0,0,431000,0.585198037591415
1,0,0,0,1,0,268000,0,0,0,549000,0.63277427825579
1,0,0,0,1,0,358000,0,0,0,274000,0.684288270283278
0,1,1,0,0,0,0,445000,311000,0,0,0.677355329550275
0,1,1,0,0,0,0,668000,164000,0,0,0.496377399852882
0,1,1,0,0,0,0,668000,49063,0,0,0.249538311925524
0,1,1,0,0,0,0,668000,98125,0,0,0.3827197735859
0,1,1,0,0,0,0,668000,245000,0,0,0.581606897565464
0,1,1,0,0,0,0,668000,196000,0,0,0.535444327679448
0,1,1,0,0,0,0,668000,327000,0,0,0.633213615745647
0,1,1,0,0,0,0,334000,49063,0,0,0.382721956489168
0,1,1,0,0,0,0,256000,98125,0,0,0.590185251290581
0,1,1,0,0,0,0,557000,409000,0,0,0.681364313031355
0,1,1,0,0,0,0,44530,81771,0,0,0.649023341378612
0,1,1,0,0,0,0,668000,245000,0,0,0.581606897565464
0,1,1,0,0,0,0,2e+05,131000,0,0,0.6712593945645
0,1,1,0,0,0,0,390000,65417,0,0,0.411520047836239
0,1,1,0,0,0,0,557000,425000,0,0,0.684085467791967
0,1,1,0,0,0,0,557000,1140000,0,0,0.632915393800853
0,1,1,0,0,0,0,445000,883000,0,0,0.63772510737277
0,1,1,0,0,0,0,557000,213000,0,0,0.589735878567723
0,1,1,0,0,0,0,557000,0,0,0,0
0,1,1,0,0,0,0,557000,0,0,0,0
0,1,1,0,0,0,0,557000,0,0,0,0
0,1,1,0,0,0,0,156000,0,0,0,0
0,1,1,0,0,0,0,367000,0,0,0,0
0,1,1,0,0,0,0,557000,32708,0,0,0.214301772391706
0,1,1,0,0,0,0,223000,49063,0,0,0.471903970968557
0,1,1,0,0,0,0,445000,425000,0,0,0.69288292158328
0,1,1,0,0,0,0,289000,16354,0,0,0.208859786359143
0,1,1,0,0,0,0,289000,0,0,0,0
0,1,1,0,0,0,0,145000,0,0,0,0
0,1,1,0,0,0,0,668000,376000,0,0,0.653506322238485
0,1,1,0,0,0,0,334000,49063,0,0,0.382721956489168
0,1,1,0,0,0,0,77928,81771,0,0,0.692857614069451
0,1,1,0,0,0,0,22265,16354,0,0,0.681387424356402
0,1,1,0,0,0,0,445000,409000,0,0,0.6922584134777
0,1,1,0,0,0,0,134000,49063,0,0,0.581271045915064
0,1,1,0,0,0,0,11133,49063,0,0,0.478810824432791
0,1,1,0,0,0,0,668000,1470000,0,0,0.621040268765314
0,1,1,0,0,0,0,668000,1470000,0,0,0.621040268765314
0,1,1,0,0,0,0,334000,0,0,0,0
0,1,1,0,0,0,0,278000,1140000,0,0,0.494878654349524
0,1,1,0,0,0,0,334000,654000,0,0,0.639738062619097
0,1,1,0,0,0,0,167000,0,0,0,0
0,1,1,0,0,0,0,167000,32708,0,0,0.445883721244113
0,1,1,0,0,0,0,668000,131000,0,0,0.446170270845336
0,1,1,0,0,0,0,55663,0,0,0,0
0,1,1,0,0,0,0,0,0,0,0,NA
0,1,1,0,0,0,0,11133,16354,0,0,0.674997684898871
0,1,1,0,0,0,0,55663,32708,0,0,0.659020270785609
0,1,0,1,0,0,0,501000,0,491000,0,0.693096369995934
0,1,0,1,0,0,0,33398,0,425000,0,0.260969956978992
0,1,0,1,0,0,0,223000,0,98125,0,0.615507159001332
0,1,0,1,0,0,0,557000,0,16354,0,0.129571253340223
0,1,0,1,0,0,0,0,0,65417,0,0
0,1,0,1,0,0,0,445000,0,131000,0,0.53615296468317
0,1,0,1,0,0,0,167000,0,376000,0,0.617126843712576
0,1,0,1,0,0,0,0,0,32708,0,0
0,1,0,1,0,0,0,66796,0,164000,0,0.601627735191178
0,1,0,1,0,0,0,334000,0,65417,0,0.445887134585284
0,1,0,1,0,0,0,77928,0,32708,0,0.607121344958644
0,1,0,1,0,0,0,33398,0,32708,0,0.693092705926904
0,1,0,1,0,0,0,334000,0,981000,0,0.566678884164839
0,1,0,1,0,0,0,289000,0,49063,0,0.414167293676812
0,1,0,1,0,0,0,334000,0,65417,0,0.445887134585284
0,1,0,1,0,0,0,445000,0,16354,0,0.153196888994317
0,1,0,1,0,0,0,445000,0,360000,0,0.687562144640883
0,1,0,1,0,0,0,289000,0,65417,0,0.478262357381327
0,1,0,1,0,0,0,334000,0,0,0,0
0,1,0,1,0,0,0,445000,0,16354,0,0.153196888994317
0,1,0,1,0,0,0,445000,0,0,0,0
0,1,0,1,0,0,0,256000,0,0,0,0
0,1,0,1,0,0,0,334000,0,131000,0,0.594570865816241
0,1,0,1,0,0,0,445000,0,278000,0,0.666228412795039
0,1,0,1,0,0,0,668000,0,49063,0,0.249538311925524
0,1,0,1,0,0,0,557000,0,245000,0,0.615441400605972
0,1,0,1,0,0,0,445000,0,654000,0,0.674953712895901
0,1,0,1,0,0,0,668000,0,409000,0,0.663945820383886
0,1,0,1,0,0,0,334000,0,278000,0,0.688954894832236
0,1,0,1,0,0,0,445000,0,818000,0,0.648880556313259
0,1,0,1,0,0,0,77928,0,114000,0,0.675379952169554
0,1,0,1,0,0,0,278000,0,16354,0,0.214568780256991
0,1,0,1,0,0,0,156000,0,32708,0,0.461120987148227
0,1,0,1,0,0,0,234000,0,81771,0,0.571962773341587
0,1,0,1,0,0,0,668000,0,981000,0,0.675023120160508
0,1,0,1,0,0,0,278000,0,164000,0,0.659507249115785
0,1,0,1,0,0,0,334000,0,229000,0,0.675653641517774
0,1,0,1,0,0,0,668000,0,981000,0,0.675023120160508
0,1,0,1,0,0,0,89061,0,81771,0,0.692236390050236
0,1,0,1,0,0,0,334000,0,393000,0,0.689850453986287
0,1,0,1,0,0,0,33398,0,213000,0,0.396793075726716
0,1,0,1,0,0,0,557000,0,654000,0,0.689935809207506
0,1,0,1,0,0,0,668000,0,409000,0,0.663945820383886
0,1,0,1,0,0,0,557000,0,1140000,0,0.632915393800853
0,1,0,1,0,0,0,557000,0,1140000,0,0.632915393800853
0,1,0,1,0,0,0,334000,0,491000,0,0.674928648878526
0,1,0,1,0,0,0,668000,0,981000,0,0.675023120160508
0,1,0,1,0,0,0,445000,0,81771,0,0.431675879509049
0,1,0,0,1,0,0,2e+05,0,0,361000,0.651381482585482
0,1,0,0,1,0,0,557000,0,0,204000,0.581328078776643
0,1,0,0,1,0,0,668000,0,0,627000,0.69264591166312
0,1,0,0,1,0,0,668000,0,0,706000,0.692764691419334
0,1,0,0,1,0,0,445000,0,0,235000,0.644672722599779
0,1,0,0,1,0,0,557000,0,0,235000,0.608057055370771
0,1,0,0,1,0,0,289000,0,0,78421,0.518474140211294
0,1,0,0,1,0,0,22265,0,0,141000,0.398325099758467
0,1,0,0,1,0,0,334000,0,0,165000,0.63464598583606
0,1,0,0,1,0,0,223000,0,0,54894,0.496967213621927
0,1,0,0,1,0,0,334000,0,0,235000,0.677933707451295
0,1,0,0,1,0,0,44530,0,0,133000,0.563246082230682
0,1,0,0,1,0,0,557000,0,0,110000,0.447735055096039
0,1,0,0,1,0,0,557000,0,0,204000,0.581328078776643
0,1,0,0,1,0,0,557000,0,0,157000,0.52676611348919
0,1,0,0,1,0,0,668000,0,0,235000,0.573311594672404
0,1,0,0,1,0,0,557000,0,0,39210,0.242545025991757
0,1,0,0,1,0,0,668000,0,0,141000,0.462622595098293
0,1,0,0,1,0,0,223000,0,0,31368,0.373482977242359
0,1,0,0,1,0,0,557000,0,0,94105,0.413104455211813
0,1,0,0,1,0,0,445000,0,0,39210,0.28114972047512
0,1,0,0,1,0,0,557000,0,0,180000,0.555910725568258
0,1,0,0,1,0,0,668000,0,0,180000,0.516941092062284
0,1,0,0,1,0,0,557000,0,0,220000,0.595894792018849
0,1,0,0,1,0,0,223000,0,0,70579,0.551550783135114
0,1,0,0,1,0,0,22265,0,0,0,0
0,1,0,0,1,0,0,223000,0,0,314000,0.678719318697323
0,1,0,0,1,0,0,668000,0,0,274000,0.602929264944929
0,1,0,0,1,0,0,445000,0,0,392000,0.691141039710696
0,1,0,0,1,0,0,278000,0,0,149000,0.646791813716047
0,1,0,0,1,0,0,0,0,0,7842.1,0
0,1,0,0,1,0,0,668000,0,0,157000,0.486662063471452
0,1,0,0,1,0,0,278000,0,0,157000,0.653945430983669
0,1,0,0,1,0,0,223000,0,0,86263,0.591940735299977
0,1,0,0,1,0,0,390000,0,0,54894,0.373618870958608
0,1,0,0,1,0,0,22265,0,0,118000,0.43756667371779
0,1,0,0,1,0,0,668000,0,0,706000,0.692764691419334
0,1,0,0,1,0,0,557000,0,0,549000,0.693121020212272
0,1,0,0,1,0,0,77928,0,0,0,0
0,1,0,0,1,0,0,557000,0,0,588000,0.692780628648698
0,1,0,0,1,0,0,668000,0,0,627000,0.69264591166312
0,1,0,0,1,0,0,557000,0,0,549000,0.693121020212272
0,1,0,0,1,0,0,111000,0,0,588000,0.437671775552749
0,1,0,0,1,0,0,167000,0,0,353000,0.627736137015758
0,1,0,0,1,0,0,557000,0,0,471000,0.689643791422474
0,1,0,0,1,0,0,334000,0,0,353000,0.692764691419334
0,1,0,0,1,0,0,445000,0,0,549000,0.687663665456665
0,1,0,0,1,0,0,668000,0,0,588000,0.691117326895284
0,0,1,1,0,0,0,0,0,49063,0,0
0,0,1,1,0,0,0,0,0,49063,0,0
0,0,1,1,0,0,0,0,0,262000,0,0
0,0,1,1,0,0,0,0,0,311000,0,0
0,0,1,1,0,0,0,0,0,32708,0,0
0,0,1,1,0,0,0,0,0,278000,0,0
0,0,1,1,0,0,0,0,0,131000,0,0
0,0,1,1,0,0,0,0,0,164000,0,0
0,0,1,1,0,0,0,0,0,16354,0,0
0,0,1,1,0,0,0,0,0,114000,0,0
0,0,1,1,0,0,0,0,0,16354,0,0
0,0,1,1,0,0,0,0,0,16354,0,0
0,0,1,1,0,0,0,0,16354,213000,0,0.257000597589328
0,0,1,1,0,0,0,0,0,572000,0,0
0,0,1,1,0,0,0,0,0,49063,0,0
0,0,1,1,0,0,0,0,98125,311000,0,0.550896726178371
0,0,1,1,0,0,0,0,0,49063,0,0
0,0,1,1,0,0,0,0,621000,474000,0,0.684108845571006
0,0,1,1,0,0,0,0,0,0,0,NA
0,0,1,1,0,0,0,0,0,32708,0,0
0,0,1,1,0,0,0,0,0,0,0,NA
0,0,1,1,0,0,0,0,0,0,0,NA
0,0,1,1,0,0,0,0,0,16354,0,0
0,0,1,1,0,0,0,0,0,0,0,NA
0,0,1,1,0,0,0,0,16354,81771,0,0.450558475203414
0,0,1,1,0,0,0,0,32708,32708,0,0.693147180559945
0,0,1,1,0,0,0,0,16354,65417,0,0.500399032844655
0,0,1,1,0,0,0,0,0,654000,0,0
0,0,1,1,0,0,0,0,32708,654000,0,0.191477318347758
0,0,1,1,0,0,0,0,0,654000,0,0
0,0,1,1,0,0,0,0,32708,16354,0,0.636514168294813
0,0,1,1,0,0,0,0,0,0,0,NA
0,0,1,1,0,0,0,0,49063,32708,0,0.673009683541772
0,0,1,1,0,0,0,0,278000,1140000,0,0.494878654349524
0,0,1,1,0,0,0,0,32708,818000,0,0.162979968225134
0,0,1,1,0,0,0,0,0,114000,0,0
0,0,1,1,0,0,0,0,65417,981000,0,0.233832901804462
0,0,1,1,0,0,0,0,16354,0,0,0
0,0,1,1,0,0,0,0,0,245000,0,0
0,0,1,1,0,0,0,0,65417,147000,0,0.617462724293684
0,0,1,1,0,0,0,0,409000,654000,0,0.666346420981163
0,0,1,1,0,0,0,0,0,16354,0,0
0,0,1,1,0,0,0,0,0,343000,0,0
0,0,1,1,0,0,0,0,0,491000,0,0
0,0,1,1,0,0,0,0,0,0,0,NA
0,0,1,1,0,0,0,0,0,81771,0,0
0,0,1,1,0,0,0,0,0,0,0,NA
0,0,1,1,0,0,0,0,16354,294000,0,0.206374352312404
0,0,1,0,1,0,0,0,0,0,110000,0
0,0,1,0,1,0,0,0,0,0,549000,0
0,0,1,0,1,0,0,0,0,0,196000,0
0,0,1,0,1,0,0,0,0,0,125000,0
0,0,1,0,1,0,0,0,0,0,118000,0
0,0,1,0,1,0,0,0,0,0,62737,0
0,0,1,0,1,0,0,0,0,0,47052,0
0,0,1,0,1,0,0,0,0,0,102000,0
0,0,1,0,1,0,0,0,0,0,118000,0
0,0,1,0,1,0,0,0,0,0,196000,0
0,0,1,0,1,0,0,0,0,0,31368,0
0,0,1,0,1,0,0,0,0,0,54894,0
0,0,1,0,1,0,0,0,16354,0,23526,0.676887738271589
0,0,1,0,1,0,0,0,0,0,94105,0
0,0,1,0,1,0,0,0,0,0,141000,0
0,0,1,0,1,0,0,0,49063,0,141000,0.571103172939729
0,0,1,0,1,0,0,0,16354,0,196000,0.271412549009408
0,0,1,0,1,0,0,0,0,0,0,NA
0,0,1,0,1,0,0,0,16354,0,235000,0.240678677213953
0,0,1,0,1,0,0,0,16354,0,235000,0.240678677213953
0,0,1,0,1,0,0,0,0,0,62737,0
0,0,1,0,1,0,0,0,0,0,31368,0
0,0,1,0,1,0,0,0,49063,0,196000,0.500687398636233
0,0,1,0,1,0,0,0,0,0,39210,0
0,0,1,0,1,0,0,0,65417,0,314000,0.459694160457541
0,0,1,0,1,0,0,0,16354,0,54894,0.538715401121196
0,0,1,0,1,0,0,0,0,0,188000,0
0,0,1,0,1,0,0,0,0,0,157000,0
0,0,1,0,1,0,0,0,0,0,94105,0
0,0,1,0,1,0,0,0,0,0,141000,0
0,0,1,0,1,0,0,0,81771,0,94105,0.690686125837387
0,0,1,0,1,0,0,0,32708,0,70579,0.624334657480658
0,0,1,0,1,0,0,0,654000,0,157000,0.491384207885213
0,0,1,0,1,0,0,0,16354,0,157000,0.312462810484092
0,0,1,0,1,0,0,0,32708,0,196000,0.410393777210446
0,0,1,0,1,0,0,0,180000,0,471000,0.589615025554237
0,0,1,0,1,0,0,0,213000,0,549000,0.592506561349586
0,0,1,0,1,0,0,0,32708,0,353000,0.290338653725025
0,0,1,0,1,0,0,0,16354,0,431000,0.156843902849069
0,0,1,0,1,0,0,0,16354,0,392000,0.168098523696352
0,0,1,0,1,0,0,0,114000,0,274000,0.605531823470429
0,0,1,0,1,0,0,0,0,0,157000,0
0,0,1,0,1,0,0,0,65417,0,431000,0.389753299007382
0,0,1,0,1,0,0,0,0,0,353000,0
0,0,1,0,1,0,0,0,32708,0,196000,0.410393777210446
0,0,1,0,1,0,0,0,164000,0,353000,0.624752123520765
0,0,1,0,1,0,0,0,98125,0,314000,0.548874384484994
0,0,1,0,1,0,0,0,65417,0,274000,0.490162269048399
0,0,0,1,1,0,0,0,0,0,62737,0
0,0,0,1,1,0,0,0,0,0,196000,0
0,0,0,1,1,0,0,0,0,0,274000,0
0,0,0,1,1,0,0,0,0,0,157000,0
0,0,0,1,1,0,0,0,0,0,157000,0
0,0,0,1,1,0,0,0,0,0,392000,0
0,0,0,1,1,0,0,0,0,0,353000,0
0,0,0,1,1,0,0,0,0,0,165000,0
0,0,0,1,1,0,0,0,0,0,314000,0
0,0,0,1,1,0,0,0,0,0,251000,0
0,0,0,1,1,0,0,0,0,0,173000,0
0,0,0,1,1,0,0,0,0,0,549000,0
0,0,0,1,1,0,0,0,0,81771,23526,0.5312090251758
0,0,0,1,1,0,0,0,0,114000,188000,0.662818699066913
0,0,0,1,1,0,0,0,0,114000,157000,0.680505483032259
0,0,0,1,1,0,0,0,0,360000,282000,0.685748357698366
0,0,0,1,1,0,0,0,0,114000,15684,0.368793961944522
0,0,0,1,1,0,0,0,0,131000,314000,0.606028783481875
0,0,0,1,1,0,0,0,0,98125,165000,0.660492323776653
0,0,0,1,1,0,0,0,0,49063,212000,0.483215502389839
0,0,0,1,1,0,0,0,0,98125,369000,0.514038203982219
0,0,0,1,1,0,0,0,0,32708,196000,0.410393777210446
0,0,0,1,1,0,0,0,0,32708,212000,0.393287971812426
0,0,0,1,1,0,0,0,0,458000,392000,0.690129611223
0,0,0,1,1,0,0,0,0,81771,141000,0.657374057436943
0,0,0,1,1,0,0,0,0,327000,392000,0.689055214353504
0,0,0,1,1,0,0,0,0,409000,314000,0.68448958675531
0,0,0,1,1,0,0,0,0,65417,125000,0.643359553311148
0,0,0,1,1,0,0,0,0,327000,314000,0.69294151080742
0,0,0,1,1,0,0,0,0,409000,235000,0.656189262369286
0,0,0,1,1,0,0,0,0,65417,47052,0.679755574019924
0,0,0,1,1,0,0,0,0,81771,102000,0.687076389039162
0,0,0,1,1,0,0,0,0,147000,102000,0.676726722924668
0,0,0,1,1,0,0,0,0,0,23526,0
0,0,0,1,1,0,0,0,0,114000,47052,0.604069166220231
0,0,0,1,1,0,0,0,0,114000,180000,0.667733317416197
0,0,0,1,1,0,0,0,0,262000,588000,0.617681402014009
0,0,0,1,1,0,0,0,0,32708,274000,0.339436831450659
0,0,0,1,1,0,0,0,0,98125,118000,0.68891281807164
0,0,0,1,1,0,0,0,0,180000,274000,0.671556814097363
0,0,0,1,1,0,0,0,0,0,118000,0
0,0,0,1,1,0,0,0,0,81771,157000,0.642657765953547
0,0,0,1,1,0,0,0,0,245000,549000,0.617947055740599
0,0,0,1,1,0,0,0,0,81771,157000,0.642657765953547
0,0,0,1,1,0,0,0,0,131000,157000,0.689066588542074
0,0,0,1,1,0,0,0,0,327000,314000,0.69294151080742
0,0,0,1,1,0,0,0,0,114000,157000,0.680505483032259
0,0,0,1,1,0,0,0,0,0,118000,0
1,1,1,0,0,0,134000,33398,164000,0,0,0.945519548048674
1,1,1,0,0,0,188000,22265,180000,0,0,0.872154497858404
1,1,1,0,0,0,206000,22265,16354,0,0,0.54370116154512
1,1,1,0,0,0,179000,33398,49063,0,0,0.836225089347965
1,1,1,0,0,0,134000,22265,196000,0,0,0.868401571314386
1,1,1,0,0,0,179000,22265,114000,0,0,0.876382066442861
1,1,1,0,0,0,224000,22265,16354,0,0,0.517763858923393
1,1,1,0,0,0,116000,22265,327000,0,0,0.739617252702176
1,1,1,0,0,0,143000,0,98125,0,0,0.675727930915964
1,1,1,0,0,0,170000,11133,81771,0,0,0.779056759788441
1,1,1,0,0,0,152000,0,49063,0,0,0.555667356319637
1,1,1,0,0,0,170000,0,98125,0,0,0.65677450990192
1,1,1,0,0,0,537000,0,409000,0,0,0.683965110729715
1,1,1,0,0,0,537000,22265,818000,0,0,0.743349027848712
1,1,1,0,0,0,537000,0,1310000,0,0,0.60281449239904
1,1,1,0,0,0,35771,234000,32708,0,0,0.69157740402724
1,1,1,0,0,0,537000,0,229000,0,0,0.609976796940094
1,1,1,0,0,0,62600,301000,49063,0,0,0.769412270342921
1,1,1,0,0,0,71543,557000,16354,0,0,0.46366708178491
1,1,1,0,0,0,107000,445000,16354,0,0,0.608049987740919
1,1,1,0,0,0,26828,334000,0,0,0,0.264751473878473
1,1,1,0,0,0,179000,390000,196000,0,0,1.03222908779658
1,1,1,0,0,0,206000,111000,147000,0,0,1.06683728202626
1,1,1,0,0,0,35771,445000,0,0,0,0.264883065802918
1,1,1,0,0,0,116000,0,32708,0,0,0.526841907479913
1,1,1,0,0,0,224000,33398,16354,0,0,0.589113096897779
1,1,1,0,0,0,537000,122000,229000,0,0,0.926366018867577
1,1,1,0,0,0,116000,22265,0,0,0,0.44137614731728
1,1,1,0,0,0,537000,89061,572000,0,0,0.905876384338245
1,1,1,0,0,0,224000,167000,16354,0,0,0.82349444079963
1,1,1,0,0,0,188000,11133,98125,0,0,0.778649754441823
1,1,1,0,0,0,179000,77928,0,0,0,0.613640134565885
1,1,1,0,0,0,224000,11133,49063,0,0,0.617764662155362
1,1,1,0,0,0,402000,122000,621000,0,0,0.937901480212799
1,1,1,0,0,0,170000,33398,16354,0,0,0.678261369962235
1,1,1,0,0,0,89428,11133,65417,0,0,0.8813994273691
1,1,1,0,0,0,358000,668000,981000,0,0,1.02353691088525
1,1,1,0,0,0,358000,145000,458000,0,0,1.00641011333374
1,1,1,0,0,0,17886,11133,16354,0,0,1.07950356660223
1,1,1,0,0,0,358000,145000,1470000,0,0,0.720816237878457
1,1,1,0,0,0,0,55663,16354,0,0,0.535730385423469
1,1,1,0,0,0,268000,111000,49063,0,0,0.891456804758531
1,1,1,0,0,0,268000,44530,147000,0,0,0.905254290613
1,1,1,0,0,0,537000,1e+05,818000,0,0,0.875674315900358
1,1,1,0,0,0,26828,0,0,0,0,0
1,1,1,0,0,0,358000,55663,32708,0,0,0.62805510175817
1,1,1,0,0,0,358000,55663,736000,0,0,0.795423960685456
1,1,1,0,0,0,17886,0,0,0,0,0
1,1,0,1,0,0,358000,33398,0,98125,0,0.734173000754894
1,1,0,1,0,0,358000,66796,0,147000,0,0.893204843373055
1,1,0,1,0,0,268000,22265,0,32708,0,0.571108046915465
1,1,0,1,0,0,143000,111000,0,81771,0,1.07344146827982
1,1,0,1,0,0,537000,0,0,16354,0,0.1331895036128
1,1,0,1,0,0,224000,0,0,131000,0,0.658428874109557
1,1,0,1,0,0,26828,557000,0,98125,0,0.571554695477876
1,1,0,1,0,0,179000,22265,0,98125,0,0.866396115509516
1,1,0,1,0,0,313000,33398,0,213000,0,0.860818102125636
1,1,0,1,0,0,224000,0,0,164000,0,0.681142427822507
1,1,0,1,0,0,53657,0,0,16354,0,0.543580138693306
1,1,0,1,0,0,179000,0,0,0,0,0
1,1,0,1,0,0,116000,256000,0,65417,0,0.949682391281685
1,1,0,1,0,0,304000,156000,0,294000,0,1.05944222217773
1,1,0,1,0,0,197000,122000,0,32708,0,0.912800810925492
1,1,0,1,0,0,71543,178000,0,16354,0,0.793403780090293
1,1,0,1,0,0,447000,89061,0,491000,0,0.926905715896307
1,1,0,1,0,0,537000,1e+05,0,65417,0,0.703882653099802
1,1,0,1,0,0,537000,122000,0,491000,0,0.95697321183049
1,1,0,1,0,0,125000,122000,0,16354,0,0.882738454642857
1,1,0,1,0,0,250000,223000,0,16354,0,0.81484190127182
1,1,0,1,0,0,98371,2e+05,0,81771,0,1.01823643988876
1,1,0,1,0,0,62600,557000,0,0,0,0.327346631058956
1,1,0,1,0,0,447000,22265,0,81771,0,0.582509313683717
1,1,0,1,0,0,224000,0,0,0,0,0
1,1,0,1,0,0,447000,0,0,491000,0,0.692046581693458
1,1,0,1,0,0,44714,11133,0,0,0,0.499497534908241
1,1,0,1,0,0,537000,22265,0,229000,0,0.721337355982899
1,1,0,1,0,0,537000,0,0,49063,0,0.287753232511102
1,1,0,1,0,0,537000,0,0,818000,0,0.671487088965235
1,1,0,1,0,0,224000,0,0,16354,0,0.248542689490237
1,1,0,1,0,0,35771,0,0,0,0,0
1,1,0,1,0,0,358000,44530,0,81771,0,0.743140905182421
1,1,0,1,0,0,268000,22265,0,0,0,0.270649049992105
1,1,0,1,0,0,161000,33398,0,49063,0,0.868793755583109
1,1,0,1,0,0,161000,33398,0,32708,0,0.804861190891506
1,1,0,1,0,0,125000,11133,0,0,0,0.283096137693255
1,1,0,1,0,0,537000,66796,0,81771,0,0.671815043347236
1,1,0,1,0,0,8942.8,0,0,0,0,0
1,1,0,1,0,0,179000,77928,0,229000,0,1.01594876768088
1,1,0,1,0,0,0,66796,0,147000,0,0.621030122303539
1,1,0,1,0,0,268000,44530,0,114000,0,0.880538452921622
1,1,0,1,0,0,134000,55663,0,114000,0,1.03979953511421
1,1,0,1,0,0,537000,11133,0,654000,0,0.734517293762731
1,1,0,1,0,0,358000,33398,0,32708,0,0.540793211715883
1,1,0,1,0,0,44714,66796,0,131000,0,0.999558777861622
1,1,0,1,0,0,35771,0,0,16354,0,0.622065028004993
1,1,0,1,0,0,358000,77928,0,49063,0,0.749646255828654
1,1,0,0,1,0,313000,55663,0,0,196000,0.922736020052856
1,1,0,0,1,0,313000,55663,0,0,314000,0.919137964190093
1,1,0,0,1,0,313000,55663,0,0,471000,0.872045775726874
1,1,0,0,1,0,313000,111000,0,0,471000,0.964133647586062
1,1,0,0,1,0,402000,11133,0,0,471000,0.74893021226738
1,1,0,0,1,0,447000,22265,0,0,471000,0.788432808106833
1,1,0,0,1,0,313000,0,0,0,549000,0.655186079216129
1,1,0,0,1,0,125000,0,0,0,173000,0.680118107274185
1,1,0,0,1,0,268000,0,0,0,549000,0.63277427825579
1,1,0,0,1,0,161000,0,0,0,149000,0.692397773774766
1,1,0,0,1,0,179000,0,0,0,196000,0.69211927275794
1,1,0,0,1,0,224000,0,0,0,471000,0.628592596791754
1,1,0,0,1,0,358000,189000,0,0,471000,1.0367355141444
1,1,0,0,1,0,188000,245000,0,0,298000,1.08142685294527
1,1,0,0,1,0,277000,111000,0,0,314000,1.01843468730964
1,1,0,0,1,0,322000,111000,0,0,314000,1.01034517497732
1,1,0,0,1,0,35771,334000,0,0,125000,0.802771801624818
1,1,0,0,1,0,268000,167000,0,0,282000,1.07422887901656
1,1,0,0,1,0,233000,223000,0,0,110000,1.05070696697778
1,1,0,0,1,0,71543,278000,0,0,15684,0.662239679389403
1,1,0,0,1,0,53657,2e+05,0,0,141000,0.983468282049146
1,1,0,0,1,0,134000,189000,0,0,392000,0.99503029061351
1,1,0,0,1,0,53657,245000,0,0,141000,0.947265334265599
1,1,0,0,1,0,224000,167000,0,0,165000,1.08804403978525
1,1,0,0,1,0,537000,145000,0,0,196000,0.932865451708665
1,1,0,0,1,0,447000,334000,0,0,235000,1.06558986901406
1,1,0,0,1,0,313000,55663,0,0,196000,0.922736020052856
1,1,0,0,1,0,134000,22265,0,0,118000,0.916667235877254
1,1,0,0,1,0,268000,11133,0,0,235000,0.780438749986417
1,1,0,0,1,0,224000,22265,0,0,23526,0.573036045953244
1,1,0,0,1,0,107000,0,0,0,39210,0.581436107723833
1,1,0,0,1,0,179000,1e+05,0,0,39210,0.945396264973605
1,1,0,0,1,0,179000,0,0,0,102000,0.655118775381821
1,1,0,0,1,0,89428,0,0,0,15684,0.421340251535381
1,1,0,0,1,0,98371,0,0,0,47052,0.62951841524832
1,1,0,0,1,0,447000,55663,0,0,220000,0.856665441658056
1,1,0,0,1,0,537000,33398,0,0,588000,0.80282016314462
1,1,0,0,1,0,179000,66796,0,0,118000,1.02535828207612
1,1,0,0,1,0,537000,66796,0,0,588000,0.86927623477715
1,1,0,0,1,0,537000,55663,0,0,471000,0.860164545020888
1,1,0,0,1,0,447000,44530,0,0,196000,0.814958898685583
1,1,0,0,1,0,358000,55663,0,0,510000,0.864584045515514
1,1,0,0,1,0,268000,22265,0,0,141000,0.81415575512131
1,1,0,0,1,0,447000,22265,0,0,157000,0.70615774972352
1,1,0,0,1,0,268000,77928,0,0,157000,0.987784011463648
1,1,0,0,1,0,179000,22265,0,0,157000,0.880892489822588
1,1,0,0,1,0,268000,66796,0,0,471000,0.886421259287832
1,1,0,0,1,0,134000,33398,0,0,110000,0.973148222172542
1,0,1,1,0,0,53657,0,114000,0,0,0.62689984622961
1,0,1,1,0,0,80485,0,147000,0,0,0.64976944120452
1,0,1,1,0,0,358000,0,572000,164000,0,0.989080072228852
1,0,1,1,0,0,313000,0,229000,0,0,0.681088995068818
1,0,1,1,0,0,358000,0,491000,245000,0,1.06021651546637
1,0,1,1,0,0,313000,0,147000,0,0,0.626541296231962
1,0,1,1,0,0,313000,0,311000,16354,0,0.794315476496859
1,0,1,1,0,0,268000,0,81771,164000,0,0.996491775067081
1,0,1,1,0,0,44714,0,16354,16354,0,0.973904487938835
1,0,1,1,0,0,179000,0,81771,16354,0,0.809471744540084
1,0,1,1,0,0,62600,0,49063,32708,0,1.06549377768701
1,0,1,1,0,0,53657,0,196000,65417,0,0.923149392376025
1,0,1,1,0,0,44714,0,0,0,0,0
1,0,1,1,0,0,268000,0,0,16354,0,0.220068389239899
1,0,1,1,0,0,71543,0,0,49063,0,0.675674173511138
1,0,1,1,0,0,447000,0,589000,409000,0,1.08600562976137
1,0,1,1,0,0,358000,0,49063,327000,0,0.891243845544252
1,0,1,1,0,0,44714,0,0,16354,0,0.581058200021461
1,0,1,1,0,0,17886,0,0,16354,0,0.692145878707159
1,0,1,1,0,0,224000,0,0,0,0,0
1,0,1,1,0,0,26828,0,0,0,0,0
1,0,1,1,0,0,268000,0,49063,16354,0,0.605421953587589
1,0,1,1,0,0,411000,0,245000,16354,0,0.759126075318933
1,0,1,1,0,0,17886,0,0,16354,0,0.692145878707159
1,0,1,1,0,0,537000,0,0,245000,0,0.621715049580198
1,0,1,1,0,0,537000,0,180000,491000,0,1.00999350046611
1,0,1,1,0,0,179000,0,0,114000,0,0.668334102660523
1,0,1,1,0,0,358000,0,16354,229000,0,0.775204110251153
1,0,1,1,0,0,447000,0,16354,818000,0,0.709555544583083
1,0,1,1,0,0,447000,0,16354,213000,0,0.727588833386593
1,0,1,1,0,0,26828,0,0,32708,0,0.688262079178726
1,0,1,1,0,0,161000,0,0,0,0,0
1,0,1,1,0,0,0,0,0,0,0,NA
1,0,1,1,0,0,179000,0,16354,16354,0,0.537517249866231
1,0,1,1,0,0,89428,0,16354,16354,0,0.766682896931092
1,0,1,1,0,0,26828,0,0,0,0,0
1,0,1,1,0,0,179000,0,311000,491000,0,1.02101718771995
1,0,1,1,0,0,447000,0,164000,164000,0,0.974669635651925
1,0,1,1,0,0,537000,0,491000,818000,0,1.0721044568616
1,0,1,1,0,0,268000,0,81771,114000,0,0.967820673710336
1,0,1,1,0,0,26828,0,0,65417,0,0.60289691552138
1,0,1,1,0,0,358000,0,81771,81771,0,0.839283397528011
1,0,1,1,0,0,0,0,0,49063,0,0
1,0,1,1,0,0,537000,0,1470000,818000,0,1.01439449053336
1,0,1,1,0,0,537000,0,491000,572000,0,1.09666981662311
1,0,1,1,0,0,447000,0,16354,327000,0,0.767707299110197
1,0,1,1,0,0,268000,0,16354,491000,0,0.737906377024601
1,0,1,1,0,0,268000,0,164000,327000,0,1.06140944429487
1,0,1,0,1,0,313000,0,213000,0,196000,1.07644715669843
1,0,1,0,1,0,224000,0,16354,0,196000,0.824875341533105
1,0,1,0,1,0,62600,0,16354,0,314000,0.604179312101803
1,0,1,0,1,0,313000,0,65417,0,47052,0.757236334854844
1,0,1,0,1,0,402000,0,245000,0,549000,1.04867100675386
1,0,1,0,1,0,0,0,0,0,7842.1,0
1,0,1,0,1,0,53657,0,0,0,86263,0.665743706670577
1,0,1,0,1,0,152000,0,65417,0,235000,0.986311922994575
1,0,1,0,1,0,179000,0,16354,0,173000,0.843910597419855
1,0,1,0,1,0,161000,0,81771,0,118000,1.06202387241843
1,0,1,0,1,0,224000,0,32708,0,196000,0.900423965608061
1,0,1,0,1,0,0,0,0,0,0,NA
1,0,1,0,1,0,537000,0,981000,0,706000,1.06841206307951
1,0,1,0,1,0,71543,0,0,0,62737,0.690995308641461
1,0,1,0,1,0,286000,0,16354,0,141000,0.768850776740266
1,0,1,0,1,0,447000,0,16354,0,180000,0.70271956321205
1,0,1,0,1,0,322000,0,327000,0,314000,1.09847296410976
1,0,1,0,1,0,313000,0,16354,0,118000,0.722369644227706
1,0,1,0,1,0,537000,0,131000,0,125000,0.852656710596514
1,0,1,0,1,0,116000,0,0,0,54894,0.627783142977104
1,0,1,0,1,0,313000,0,16354,0,353000,0.787873380601852
1,0,1,0,1,0,143000,0,0,0,31368,0.471234830160563
1,0,1,0,1,0,125000,0,0,0,78421,0.666697614961683
1,0,1,0,1,0,537000,0,98125,0,510000,0.925897212288046
1,0,1,0,1,0,358000,0,16354,0,157000,0.733431597231285
1,0,1,0,1,0,537000,0,65417,0,196000,0.816541396579111
1,0,1,0,1,0,53657,0,0,0,39210,0.680997416929587
1,0,1,0,1,0,537000,0,65417,0,235000,0.840690346780484
1,0,1,0,1,0,215000,0,32708,0,62737,0.814668852788455
1,0,1,0,1,0,447000,0,0,0,54894,0.345203883272222
1,0,1,0,1,0,268000,0,0,0,102000,0.588822633389878
1,0,1,0,1,0,26828,0,0,0,31368,0.690101132130641
1,0,1,0,1,0,537000,0,164000,0,141000,0.904741753603668
1,0,1,0,1,0,80485,0,16354,0,0,0.454103054825618
1,0,1,0,1,0,134000,0,0,0,78421,0.65851634529548
1,0,1,0,1,0,224000,0,0,0,149000,0.672793660390726
1,0,1,0,1,0,268000,0,98125,0,431000,0.956812525627514
1,0,1,0,1,0,224000,0,32708,0,235000,0.891312085486866
1,0,1,0,1,0,537000,0,49063,0,235000,0.804121298718196
1,0,1,0,1,0,358000,0,327000,0,549000,1.07126269603455
1,0,1,0,1,0,179000,0,0,0,118000,0.671904378087401
1,0,1,0,1,0,537000,0,81771,0,353000,0.903887990027724
1,0,1,0,1,0,537000,0,164000,0,392000,1.00153628038853
1,0,1,0,1,0,35771,0,0,0,157000,0.479723656737501
1,0,1,0,1,0,0,0,0,0,86263,0
1,0,1,0,1,0,224000,0,49063,0,157000,0.955269195430997
1,0,1,0,1,0,268000,0,16354,0,274000,0.805049880359753
1,0,1,0,1,0,537000,0,32708,0,157000,0.694156398535251
1,0,0,1,1,0,358000,0,0,114000,627000,0.920599163479814
1,0,0,1,1,0,358000,0,0,49063,180000,0.87151419374552
1,0,0,1,1,0,358000,0,0,147000,314000,1.03759104726807
1,0,0,1,1,0,358000,0,0,114000,392000,0.990864350463449
1,0,0,1,1,0,179000,0,0,180000,39210,0.946590993429503
1,0,0,1,1,0,358000,0,0,65417,471000,0.895498041011353
1,0,0,1,1,0,358000,0,0,49063,235000,0.890091997824083
1,0,0,1,1,0,179000,0,0,65417,86263,1.00332530093419
1,0,0,1,1,0,313000,0,0,16354,196000,0.784390286923974
1,0,0,1,1,0,268000,0,0,180000,86263,1.0070333906238
1,0,0,1,1,0,179000,0,0,0,15684,0.280138173785065
1,0,0,1,1,0,268000,0,0,49063,157000,0.923170356568234
1,0,0,1,1,0,241000,0,0,0,47052,0.445176087081559
1,0,0,1,1,0,537000,0,0,98125,549000,0.921368665589084
1,0,0,1,1,0,447000,0,0,114000,274000,0.972021645737599
1,0,0,1,1,0,447000,0,0,98125,157000,0.897427389236767
1,0,0,1,1,0,197000,0,0,16354,39210,0.660223167710697
1,0,0,1,1,0,268000,0,0,65417,274000,0.960115764234773
1,0,0,1,1,0,8942.8,0,0,0,47052,0.439184839974354
1,0,0,1,1,0,304000,0,0,49063,235000,0.914857329430291
1,0,0,1,1,0,89428,0,0,0,39210,0.614883931676266
1,0,0,1,1,0,233000,0,0,196000,165000,1.08875905659567
1,0,0,1,1,0,358000,0,0,245000,274000,1.0854737291279
1,0,0,1,1,0,537000,0,0,229000,471000,1.04215700145723
1,0,0,1,1,0,537000,0,0,327000,392000,1.07706267040989
1,0,0,1,1,0,537000,0,0,327000,196000,1.01941246461192
1,0,0,1,1,0,358000,0,0,213000,196000,1.06009238984608
1,0,0,1,1,0,179000,0,0,65417,70579,0.98274629276594
1,0,0,1,1,0,268000,0,0,49063,157000,0.923170356568234
1,0,0,1,1,0,358000,0,0,327000,54894,0.905122092303836
1,0,0,1,1,0,215000,0,0,32708,54894,0.792976731035158
1,0,0,1,1,0,447000,0,0,180000,274000,1.03150411875947
1,0,0,1,1,0,358000,0,0,16354,7842.1,0.275853809069366
1,0,0,1,1,0,537000,0,0,114000,274000,0.934112979654518
1,0,0,1,1,0,447000,0,0,81771,157000,0.870071900108774
1,0,0,1,1,0,268000,0,0,32708,86263,0.797843312849761
1,0,0,1,1,0,537000,0,0,147000,627000,0.9637109696641
1,0,0,1,1,0,358000,0,0,147000,549000,0.981248636334081
1,0,0,1,1,0,358000,0,0,49063,274000,0.893874117044201
1,0,0,1,1,0,268000,0,0,114000,274000,1.03447140625474
1,0,0,1,1,0,537000,0,0,114000,196000,0.897523512742474
1,0,0,1,1,0,268000,0,0,32708,314000,0.861162823570598
1,0,0,1,1,0,537000,0,0,81771,196000,0.848250250438484
1,0,0,1,1,0,358000,0,0,114000,314000,1.00478525321341
1,0,0,1,1,0,537000,0,0,49063,353000,0.841609497815962
1,0,0,1,1,0,447000,0,0,131000,431000,0.98907663782999
1,0,0,1,1,0,358000,0,0,147000,471000,1.00460750273516
1,0,0,1,1,0,358000,0,0,213000,471000,1.05050547307215
0,1,1,1,0,0,0,167000,16354,0,0,0.300668084933827
0,1,1,1,0,0,0,445000,81771,16354,0,0.553805284347009
0,1,1,1,0,0,0,111000,81771,245000,0,0.98615678272784
0,1,1,1,0,0,0,334000,147000,0,0,0.615545686091848
0,1,1,1,0,0,0,557000,294000,16354,0,0.725996069848175
0,1,1,1,0,0,0,22265,147000,0,0,0.38930241636455
0,1,1,1,0,0,0,278000,81771,32708,0,0.778154433468895
0,1,1,1,0,0,0,1e+05,81771,16354,0,0.916249656305796
0,1,1,1,0,0,0,111000,65417,0,0,0.659384806617028
0,1,1,1,0,0,0,557000,213000,65417,0,0.818165822171168
0,1,1,1,0,0,0,445000,409000,16354,0,0.772542959340984
0,1,1,1,0,0,0,557000,229000,0,0,0.603354785491016
0,1,1,1,0,0,0,379000,0,131000,0,0.569749802060351
0,1,1,1,0,0,0,445000,49063,147000,0,0.787797751934632
0,1,1,1,0,0,0,557000,213000,65417,0,0.818165822171168
0,1,1,1,0,0,0,557000,16354,65417,0,0.446649582264478
0,1,1,1,0,0,0,178000,16354,0,0,0.288778990683513
0,1,1,1,0,0,0,256000,0,16354,0,0.227096414648681
0,1,1,1,0,0,0,445000,49063,49063,0,0.59763648953356
0,1,1,1,0,0,0,401000,16354,0,0,0.16534520181133
0,1,1,1,0,0,0,501000,32708,65417,0,0.55013422833519
0,1,1,1,0,0,0,390000,0,0,0,0
0,1,1,1,0,0,0,557000,0,0,0,0
0,1,1,1,0,0,0,445000,0,32708,0,0.24965956695917
0,1,1,1,0,0,0,33398,0,981000,0,0.144763656812885
0,1,1,1,0,0,0,334000,0,262000,0,0.685832358945173
0,1,1,1,0,0,0,66796,0,49063,0,0.681387831964351
0,1,1,1,0,0,0,89061,0,213000,0,0.606432493883388
0,1,1,1,0,0,0,334000,0,98125,0,0.535718415316055
0,1,1,1,0,0,0,445000,0,572000,0,0.685329644196818
0,1,1,1,0,0,0,668000,981000,491000,0,1.05874421572468
0,1,1,1,0,0,0,668000,0,245000,0,0.581606897565464
0,1,1,1,0,0,0,33398,0,0,0,0
0,1,1,1,0,0,0,334000,16354,98125,0,0.672726953446824
0,1,1,1,0,0,0,557000,65417,213000,0,0.818165822171168
0,1,1,1,0,0,0,278000,32708,32708,0,0.61896210936909
0,1,1,1,0,0,0,111000,32708,213000,0,0.890244530620681
0,1,1,1,0,0,0,0,0,0,0,NA
0,1,1,1,0,0,0,668000,65417,114000,0,0.65512437249009
0,1,1,1,0,0,0,22265,0,65417,0,0.566610537631876
0,1,1,1,0,0,0,0,0,180000,0,0
0,1,1,1,0,0,0,0,0,0,0,NA
0,1,1,1,0,0,0,89061,0,147000,0,0.662716639885612
0,1,1,1,0,0,0,0,0,16354,0,0
0,1,1,1,0,0,0,66796,0,147000,0,0.621030122303539
0,1,1,1,0,0,0,445000,16354,245000,0,0.74553613277526
0,1,1,1,0,0,0,668000,98125,393000,0,0.893361643791229
0,1,1,1,0,0,0,44530,32708,65417,0,1.05863504058374
0,1,1,0,1,0,0,11133,32708,0,110000,0.759065744874177
0,1,1,0,1,0,0,445000,147000,0,157000,0.956432925760029
0,1,1,0,1,0,0,668000,147000,0,549000,0.956003719218887
0,1,1,0,1,0,0,223000,327000,0,165000,1.05955906841065
0,1,1,0,1,0,0,44530,654000,0,125000,0.626955207270385
0,1,1,0,1,0,0,223000,245000,0,102000,1.03799637210217
0,1,1,0,1,0,0,0,32708,0,15684,0.629923703341126
0,1,1,0,1,0,0,167000,245000,0,78421,1.00667557433473
0,1,1,0,1,0,0,223000,49063,0,47052,0.82057590829656
0,1,1,0,1,0,0,557000,294000,0,133000,0.953559104074039
0,1,1,0,1,0,0,668000,736000,0,392000,1.06564213276816
0,1,1,0,1,0,0,33398,147000,0,196000,0.921904185170605
0,1,1,0,1,0,0,334000,49063,0,627000,0.808840132696647
0,1,1,0,1,0,0,334000,32708,0,471000,0.816995233226304
0,1,1,0,1,0,0,445000,0,0,235000,0.644672722599779
0,1,1,0,1,0,0,445000,65417,0,110000,0.782271096723539
0,1,1,0,1,0,0,445000,0,0,196000,0.615676057898582
0,1,1,0,1,0,0,445000,327000,0,62737,0.896986467147045
0,1,1,0,1,0,0,445000,0,0,23526,0.199141329289765
0,1,1,0,1,0,0,445000,0,0,102000,0.48106620183885
0,1,1,0,1,0,0,267000,0,0,549000,0.632182202780775
0,1,1,0,1,0,0,445000,16354,0,471000,0.768899629278531
0,1,1,0,1,0,0,445000,0,0,86263,0.443584707940252
0,1,1,0,1,0,0,445000,16354,0,157000,0.680879390229091
0,1,1,0,1,0,0,1e+05,0,0,47052,0.626845671173163
0,1,1,0,1,0,0,334000,32708,0,235000,0.852236342588002
0,1,1,0,1,0,0,668000,16354,0,196000,0.617944219563363
0,1,1,0,1,0,0,668000,491000,0,392000,1.07453833025104
0,1,1,0,1,0,0,334000,0,0,220000,0.671823257412018
0,1,1,0,1,0,0,445000,49063,0,196000,0.828375189283637
0,1,1,0,1,0,0,245000,16354,0,110000,0.772302342913462
0,1,1,0,1,0,0,334000,0,0,165000,0.63464598583606
0,1,1,0,1,0,0,668000,0,0,15684,0.109272019334328
0,1,1,0,1,0,0,66796,32708,0,23526,1.00015780297322
0,1,1,0,1,0,0,557000,0,0,314000,0.653708295779381
0,1,1,0,1,0,0,334000,49063,0,70579,0.7554493304975
0,1,1,0,1,0,0,557000,16354,0,157000,0.622178149098219
0,1,1,0,1,0,0,33398,0,0,157000,0.464363934526078
0,1,1,0,1,0,0,11133,0,0,86263,0.355425543608396
0,1,1,0,1,0,0,278000,32708,0,86263,0.786857662535988
0,1,1,0,1,0,0,668000,0,0,235000,0.573311594672404
0,1,1,0,1,0,0,668000,32708,0,667000,0.789476055719622
0,1,1,0,1,0,0,390000,81771,0,510000,0.913972929628943
0,1,1,0,1,0,0,278000,49063,0,392000,0.881340012842071
0,1,1,0,1,0,0,0,0,0,39210,0
0,1,1,0,1,0,0,557000,32708,0,274000,0.77108645228476
0,1,1,0,1,0,0,278000,131000,0,314000,1.03923368063658
0,1,1,0,1,0,0,557000,491000,0,549000,1.09706627484285
0,1,0,1,1,0,0,55663,0,0,23526,0.608375637967914
0,1,0,1,1,0,0,145000,0,16354,39210,0.758014928437736
0,1,0,1,1,0,0,557000,0,180000,314000,0.999637742546859
0,1,0,1,1,0,0,0,0,81771,180000,0.620988636682067
0,1,0,1,1,0,0,334000,0,32708,235000,0.852236342588002
0,1,0,1,1,0,0,167000,0,81771,180000,1.04763999023827
0,1,0,1,1,0,0,22265,0,32708,7842.1,0.967191355318421
0,1,0,1,1,0,0,278000,0,65417,31368,0.733881157450428
0,1,0,1,1,0,0,445000,0,0,70579,0.399282481590554
0,1,0,1,1,0,0,22265,0,81771,31368,0.940216937460828
0,1,0,1,1,0,0,223000,0,16354,62737,0.708376350838741
0,1,0,1,1,0,0,390000,0,114000,78421,0.857770905368651
0,1,0,1,1,0,0,445000,0,245000,235000,1.05200572348938
0,1,0,1,1,0,0,445000,0,81771,549000,0.904311690398002
0,1,0,1,1,0,0,445000,0,164000,110000,0.92129113523939
0,1,0,1,1,0,0,445000,0,0,70579,0.399282481590554
0,1,0,1,1,0,0,445000,0,0,39210,0.28114972047512
0,1,0,1,1,0,0,445000,0,65417,133000,0.813299708919541
0,1,0,1,1,0,0,557000,0,65417,110000,0.708698719145319
0,1,0,1,1,0,0,445000,0,81771,251000,0.921267283336773
0,1,0,1,1,0,0,445000,0,98125,133000,0.875284232868559
0,1,0,1,1,0,0,557000,0,114000,353000,0.942742620195231
0,1,0,1,1,0,0,557000,0,114000,86263,0.758429141209267
0,1,0,1,1,0,0,445000,0,49063,471000,0.858504497949224
0,1,0,1,1,0,0,334000,0,213000,196000,1.0691256595771
0,1,0,1,1,0,0,55663,0,131000,157000,1.02038040473812
0,1,0,1,1,0,0,668000,0,376000,392000,1.06131266950027
0,1,0,1,1,0,0,0,0,65417,7842.1,0.340294551535662
0,1,0,1,1,0,0,156000,0,32708,86263,0.93850188680031
0,1,0,1,1,0,0,668000,0,147000,157000,0.837906543535914
0,1,0,1,1,0,0,167000,0,180000,196000,1.09646903808676
0,1,0,1,1,0,0,122000,0,98125,86263,1.08816825254167
0,1,0,1,1,0,0,557000,0,180000,62737,0.787261196656094
0,1,0,1,1,0,0,557000,0,327000,235000,1.03449954625046
0,1,0,1,1,0,0,55663,0,114000,102000,1.05701254240181
0,1,0,1,1,0,0,557000,0,196000,314000,1.01057372138248
0,1,0,1,1,0,0,189000,0,98125,235000,1.04130602650378
0,1,0,1,1,0,0,445000,0,81771,314000,0.931234287291332
0,1,0,1,1,0,0,0,0,0,141000,0
0,1,0,1,1,0,0,390000,0,81771,392000,0.940731366703337
0,1,0,1,1,0,0,445000,0,16354,353000,0.771059300594173
0,1,0,1,1,0,0,668000,0,81771,627000,0.876802318288459
0,1,0,1,1,0,0,334000,0,32708,314000,0.852120966184394
0,1,0,1,1,0,0,668000,0,147000,627000,0.95136497862451
0,1,0,1,1,0,0,390000,0,65417,627000,0.853673262347239
0,1,0,1,1,0,0,390000,0,65417,667000,0.842245965966775
0,1,0,1,1,0,0,557000,0,81771,141000,0.786048942386682
0,1,0,1,1,0,0,668000,0,131000,235000,0.880727825778522
0,0,1,1,1,0,0,0,0,278000,62737,0.477585875462961
0,0,1,1,1,0,0,0,0,32708,23526,0.679756799763352
0,0,1,1,1,0,0,0,0,32708,102000,0.55429357493867
0,0,1,1,1,0,0,0,0,572000,7842.1,0.0716321550261808
0,0,1,1,1,0,0,0,0,229000,157000,0.675648430983988
0,0,1,1,1,0,0,0,0,180000,7842.1,0.173461278647637
0,0,1,1,1,0,0,0,0,196000,0,0
0,0,1,1,1,0,0,0,0,65417,0,0
0,0,1,1,1,0,0,0,0,49063,251000,0.445443056346058
0,0,1,1,1,0,0,0,0,1310000,0,0
0,0,1,1,1,0,0,0,0,32708,39210,0.68905474451065
0,0,1,1,1,0,0,0,0,32708,0,0
0,0,1,1,1,0,0,0,32708,32708,314000,0.579197865619273
0,0,1,1,1,0,0,0,0,0,627000,0
0,0,1,1,1,0,0,0,0,0,54894,0
0,0,1,1,1,0,0,0,0,0,31368,0
0,0,1,1,1,0,0,0,0,0,15684,0
0,0,1,1,1,0,0,0,0,16354,54894,0.538715401121196
0,0,1,1,1,0,0,0,0,0,15684,0
0,0,1,1,1,0,0,0,0,0,149000,0
0,0,1,1,1,0,0,0,0,16354,102000,0.401643442861249
0,0,1,1,1,0,0,0,0,0,235000,0
0,0,1,1,1,0,0,0,0,0,235000,0
0,0,1,1,1,0,0,0,0,0,7842.1,0
0,0,1,1,1,0,0,0,0,311000,23526,0.254482353573414
0,0,1,1,1,0,0,0,0,654000,157000,0.491384207885213
0,0,1,1,1,0,0,0,16354,164000,125000,0.856239553902835
0,0,1,1,1,0,0,0,0,16354,7842.1,0.629925756421638
0,0,1,1,1,0,0,0,0,49063,31368,0.668747586319536
0,0,1,1,1,0,0,0,32708,114000,118000,0.981333431106206
0,0,1,1,1,0,0,0,114000,294000,31368,0.807332193768406
0,0,1,1,1,0,0,0,0,131000,118000,0.691783679491618
0,0,1,1,1,0,0,0,0,114000,86263,0.683524754717732
0,0,1,1,1,0,0,0,0,65417,39210,0.661440446083897
0,0,1,1,1,0,0,0,0,16354,47052,0.570875447893642
0,0,1,1,1,0,0,0,0,0,31368,0
0,0,1,1,1,0,0,0,0,180000,353000,0.639505556890626
0,0,1,1,1,0,0,0,65417,245000,627000,0.805499321871855
0,0,1,1,1,0,0,0,16354,245000,392000,0.766620749783837
0,0,1,1,1,0,0,0,0,0,78421,0
0,0,1,1,1,0,0,0,164000,81771,627000,0.773576645276845
0,0,1,1,1,0,0,0,0,0,118000,0
0,0,1,1,1,0,0,0,0,16354,274000,0.216731702723413
0,0,1,1,1,0,0,0,0,196000,196000,0.693147180559945
0,0,1,1,1,0,0,0,32708,49063,353000,0.610003014637979
0,0,1,1,1,0,0,0,131000,131000,196000,1.07924435466466
0,0,1,1,1,0,0,0,32708,213000,392000,0.81773965405203
0,0,1,1,1,0,0,0,65417,98125,314000,0.873141692264824
1,1,1,1,0,0,313000,1e+05,81771,16354,0,1.02283559147305
1,1,1,1,0,0,313000,167000,49063,49063,0,1.10958443536924
1,1,1,1,0,0,447000,134000,360000,98125,0,1.21710584018489
1,1,1,1,0,0,268000,55663,0,49063,0,0.788067483745704
1,1,1,1,0,0,224000,89061,131000,32708,0,1.20707015594859
1,1,1,1,0,0,358000,66796,16354,32708,0,0.788712575387215
1,1,1,1,0,0,358000,55663,81771,16354,0,0.894346462995826
1,1,1,1,0,0,62600,11133,0,32708,0,0.91091681192027
1,1,1,1,0,0,17886,111000,0,147000,0,0.879134654014898
1,1,1,1,0,0,107000,11133,16354,98125,0,1.05343322253268
1,1,1,1,0,0,358000,111000,16354,32708,0,0.868958054517817
1,1,1,1,0,0,179000,111000,213000,16354,0,1.17135800172703
1,1,1,1,0,0,89428,445000,16354,0,0,0.571894696902069
1,1,1,1,0,0,537000,256000,360000,180000,0,1.30705822263908
1,1,1,1,0,0,420000,445000,49063,16354,0,0.937999599074822
1,1,1,1,0,0,268000,412000,0,16354,0,0.766115471659234
1,1,1,1,0,0,447000,267000,16354,32708,0,0.898077008490534
1,1,1,1,0,0,537000,0,0,376000,0,0.677517376032142
1,1,1,1,0,0,80485,178000,0,0,0,0.620194057865967
1,1,1,1,0,0,161000,557000,0,0,0,0.532214776009233
1,1,1,1,0,0,143000,557000,654000,16354,0,1.00763572605822
1,1,1,1,0,0,35771,334000,16354,0,0,0.47974889867634
1,1,1,1,0,0,152000,445000,81771,0,0,0.866851276253554
1,1,1,1,0,0,358000,223000,458000,164000,0,1.31242883263759
1,1,1,1,0,0,62600,33398,0,16354,0,0.96701685606558
1,1,1,1,0,0,537000,134000,442000,818000,0,1.2424044325248
1,1,1,1,0,0,62600,0,0,164000,0,0.589384051274367
1,1,1,1,0,0,358000,66796,16354,16354,0,0.711001548879239
1,1,1,1,0,0,89428,0,343000,0,0,0.509691805557379
1,1,1,1,0,0,179000,22265,81771,327000,0,1.08422454547405
1,1,1,1,0,0,107000,390000,0,0,0,0.520883962624468
1,1,1,1,0,0,537000,89061,654000,654000,0,1.23080931231027
1,1,1,1,0,0,537000,0,131000,65417,0,0.751482274000915
1,1,1,1,0,0,170000,44530,16354,49063,0,1.06646025412337
1,1,1,1,0,0,170000,11133,16354,32708,0,0.835485468465088
1,1,1,1,0,0,358000,11133,81771,65417,0,0.890239650601218
1,1,1,1,0,0,44714,22265,0,0,0,0.635877559014024
1,1,1,1,0,0,358000,312000,164000,98125,0,1.27657014547373
1,1,1,1,0,0,80485,11133,0,32708,0,0.848867005080339
1,1,1,1,0,0,537000,223000,1470000,654000,0,1.19090420613512
1,1,1,1,0,0,17886,0,0,32708,0,0.649598575995148
1,1,1,1,0,0,268000,122000,899000,409000,0,1.16015217073121
1,1,1,1,0,0,224000,44530,213000,327000,0,1.23280567012153
1,1,1,1,0,0,224000,89061,229000,180000,0,1.33174053740164
1,1,1,1,0,0,26828,11133,16354,0,0,1.03466726648195
1,1,1,1,0,0,268000,11133,0,65417,0,0.621782661528354
1,1,1,1,0,0,0,111000,262000,327000,0,1.01539306616558
1,1,1,1,0,0,62600,11133,65417,196000,0,1.05910817846348
1,1,1,0,1,0,224000,77928,16354,0,267000,1.09405251402196
1,1,1,0,1,0,447000,77928,360000,0,180000,1.22284570236604
1,1,1,0,1,0,268000,122000,16354,0,235000,1.14174919695776
1,1,1,0,1,0,224000,44530,49063,0,267000,1.12956904263449
1,1,1,0,1,0,358000,44530,114000,0,94105,1.10551385139715
1,1,1,0,1,0,313000,1e+05,16354,0,173000,1.09449909964209
1,1,1,0,1,0,358000,33398,16354,0,180000,0.926998927381597
1,1,1,0,1,0,224000,11133,0,0,322000,0.761396064344975
1,1,1,0,1,0,179000,44530,98125,0,62737,1.25001556368151
1,1,1,0,1,0,152000,1e+05,16354,0,180000,1.18853118362027
1,1,1,0,1,0,17886,111000,49063,0,204000,1.10106626161154
1,1,1,0,1,0,134000,44530,278000,0,165000,1.2316092284529
1,1,1,0,1,0,537000,33398,16354,0,235000,0.84414398069991
1,1,1,0,1,0,224000,445000,16354,0,78421,0.990494549552002
1,1,1,0,1,0,313000,334000,0,0,471000,1.08153202708265
1,1,1,0,1,0,116000,390000,0,0,392000,0.988423596560062
1,1,1,0,1,0,107000,234000,0,0,31368,0.858692304688274
1,1,1,0,1,0,179000,557000,32708,0,204000,1.07240018790695
1,1,1,0,1,0,89428,156000,0,0,31368,0.934976663690232
1,1,1,0,1,0,179000,557000,16354,0,141000,0.981288855904921
1,1,1,0,1,0,259000,445000,0,0,149000,1.00614580408015
1,1,1,0,1,0,53657,278000,0,0,23526,0.657092753437538
1,1,1,0,1,0,134000,445000,0,0,15684,0.648635785219311
1,1,1,0,1,0,367000,557000,0,0,196000,1.0180061874278
1,1,1,0,1,0,152000,145000,16354,0,70579,1.18038325424978
1,1,1,0,1,0,447000,345000,16354,0,235000,1.12995654092906
1,1,1,0,1,0,358000,66796,0,0,78421,0.799973779085171
1,1,1,0,1,0,268000,55663,0,0,102000,0.899667210541556
1,1,1,0,1,0,268000,11133,0,0,39210,0.520127698972496
1,1,1,0,1,0,537000,122000,32708,0,78421,0.910085044660903
1,1,1,0,1,0,224000,0,32708,0,94105,0.860627891456578
1,1,1,0,1,0,447000,178000,327000,0,70579,1.21516618333858
1,1,1,0,1,0,134000,0,49063,0,62737,1.00092443790607
1,1,1,0,1,0,179000,156000,131000,0,86263,1.35356313759157
1,1,1,0,1,0,179000,0,0,0,62737,0.572560384922296
1,1,1,0,1,0,268000,0,0,0,86263,0.555080707496948
1,1,1,0,1,0,224000,89061,81771,0,549000,1.09119939813278
1,1,1,0,1,0,224000,33398,49063,0,314000,1.07041226675327
1,1,1,0,1,0,537000,55663,213000,0,627000,1.13902639029785
1,1,1,0,1,0,89428,55663,81771,0,78421,1.3719674752355
1,1,1,0,1,0,268000,55663,65417,0,314000,1.14937848565199
1,1,1,0,1,0,125000,66796,0,0,157000,1.04358696234979
1,1,1,0,1,0,268000,44530,0,0,196000,0.918291702018262
1,1,1,0,1,0,268000,33398,180000,0,549000,1.10166468997085
1,1,1,0,1,0,0,0,0,0,62737,0
1,1,1,0,1,0,537000,33398,164000,0,627000,1.0699315651626
1,1,1,0,1,0,537000,66796,32708,0,314000,0.991034522141283
1,1,1,0,1,0,17886,0,0,0,125000,0.37711388871481
1,1,0,1,1,0,179000,89061,0,49063,549000,1.01136566287666
1,1,0,1,1,0,358000,89061,0,114000,314000,1.2314911027896
1,1,0,1,1,0,358000,44530,0,16354,471000,0.926379628195349
1,1,0,1,1,0,447000,0,0,0,157000,0.572987636292514
1,1,0,1,1,0,537000,1e+05,0,98125,212000,1.12903430146246
1,1,0,1,1,0,358000,134000,0,16354,94105,1.03153561525096
1,1,0,1,1,0,224000,33398,0,32708,86263,1.07372133228856
1,1,0,1,1,0,313000,0,0,49063,314000,0.90308392342323
1,1,0,1,1,0,179000,11133,0,32708,94105,1.03522486148157
1,1,0,1,1,0,313000,55663,0,180000,549000,1.15199681649166
1,1,0,1,1,0,107000,33398,0,16354,471000,0.768235103123968
1,1,0,1,1,0,268000,22265,0,98125,549000,0.996392904252233
1,1,0,1,1,0,268000,445000,0,81771,173000,1.22938286806264
1,1,0,1,1,0,71543,445000,0,16354,133000,0.92178824202199
1,1,0,1,1,0,17886,167000,0,0,31368,0.685784318733295
1,1,0,1,1,0,277000,445000,0,16354,361000,1.14168917641317
1,1,0,1,1,0,26828,167000,0,16354,78421,1.05409987629597
1,1,0,1,1,0,80485,189000,0,0,39210,0.912959564611731
1,1,0,1,1,0,98371,445000,0,0,125000,0.866385411551258
1,1,0,1,1,0,80485,390000,0,0,15684,0.585328060696934
1,1,0,1,1,0,537000,234000,0,0,471000,1.0447163623109
1,1,0,1,1,0,313000,390000,0,0,274000,1.08780709416393
1,1,0,1,1,0,53657,289000,0,0,31368,0.685689372795723
1,1,0,1,1,0,206000,334000,0,0,314000,1.07806587762925
1,1,0,1,1,0,358000,223000,0,81771,118000,1.23732937623121
1,1,0,1,1,0,313000,11133,0,98125,62737,0.957112376962659
1,1,0,1,1,0,161000,66796,0,196000,149000,1.32455610141227
1,1,0,1,1,0,179000,145000,0,81771,39210,1.25705988461564
1,1,0,1,1,0,179000,66796,0,180000,94105,1.30735235514224
1,1,0,1,1,0,224000,77928,0,196000,94105,1.29295316793277
1,1,0,1,1,0,358000,11133,0,164000,196000,1.10184412167887
1,1,0,1,1,0,17886,0,0,32708,102000,0.85065821936627
1,1,0,1,1,0,170000,55663,0,98125,235000,1.26152304836151
1,1,0,1,1,0,116000,22265,0,164000,47052,1.16656481835166
1,1,0,1,1,0,447000,89061,0,114000,118000,1.13579809863146
1,1,0,1,1,0,402000,77928,0,147000,23526,1.0077948094572
1,1,0,1,1,0,537000,145000,0,327000,627000,1.2698152468311
1,1,0,1,1,0,116000,11133,0,81771,196000,1.13121193294243
1,1,0,1,1,0,358000,11133,0,114000,196000,1.06312684981177
1,1,0,1,1,0,358000,89061,0,409000,706000,1.21075407944366
1,1,0,1,1,0,268000,167000,0,131000,314000,1.3287290388756
1,1,0,1,1,0,537000,1e+05,0,213000,549000,1.20977511116662
1,1,0,1,1,0,268000,66796,0,294000,392000,1.25556443045679
1,1,0,1,1,0,268000,145000,0,180000,274000,1.3524204788123
1,1,0,1,1,0,224000,22265,0,164000,235000,1.19945728440003
1,1,0,1,1,0,537000,55663,0,491000,706000,1.1909148549573
1,1,0,1,1,0,179000,66796,0,180000,392000,1.22277355743103
1,1,0,1,1,0,17886,0,0,0,141000,0.351857673942781
1,0,1,1,1,0,107000,0,0,49063,196000,0.962668641540235
1,0,1,1,1,0,71543,0,0,81771,180000,1.00774039956603
1,0,1,1,1,0,224000,0,0,131000,180000,1.07555310555934
1,0,1,1,1,0,447000,0,0,16354,314000,0.765588606810423
1,0,1,1,1,0,224000,0,0,65417,251000,0.976831688364381
1,0,1,1,1,0,143000,0,0,32708,314000,0.825162581700781
1,0,1,1,1,0,313000,0,0,98125,235000,1.00519424798823
1,0,1,1,1,0,286000,0,0,65417,227000,0.961816907402083
1,0,1,1,1,0,134000,0,0,245000,157000,1.0640793360399
1,0,1,1,1,0,89428,0,0,98125,110000,1.09501144028253
1,0,1,1,1,0,134000,0,0,32708,125000,0.965828255714569
1,0,1,1,1,0,0,0,0,16354,471000,0.146896170477064
1,0,1,1,1,0,537000,0,0,131000,376000,0.970204285678971
1,0,1,1,1,0,537000,0,0,16354,196000,0.673033522759706
1,0,1,1,1,0,268000,0,0,32708,94105,0.811132054564203
1,0,1,1,1,0,537000,0,0,0,102000,0.439046545604051
1,0,1,1,1,0,215000,0,0,0,165000,0.684465517875581
1,0,1,1,1,0,358000,0,16354,0,102000,0.660426381488416
1,0,1,1,1,0,313000,0,16354,0,102000,0.697766811761441
1,0,1,1,1,0,340000,0,0,0,274000,0.687358753655609
1,0,1,1,1,0,224000,0,0,0,157000,0.677604343485721
1,0,1,1,1,0,358000,0,0,0,165000,0.623421211053362
1,0,1,1,1,0,80485,0,0,32708,47052,1.03004958582797
1,0,1,1,1,0,224000,0,0,16354,78421,0.74530548820024
1,0,1,1,1,0,80485,0,0,49063,62737,1.07848254059814
1,0,1,1,1,0,268000,0,65417,131000,157000,1.27546466957077
1,0,1,1,1,0,447000,0,0,196000,220000,1.02582346837315
1,0,1,1,1,0,224000,0,16354,32708,39210,0.889640471484819
1,0,1,1,1,0,358000,0,16354,0,471000,0.766080806961854
1,0,1,1,1,0,313000,0,0,147000,314000,1.04761245954485
1,0,1,1,1,0,17886,0,0,49063,0,0.580412176370974
1,0,1,1,1,0,179000,0,16354,32708,15684,0.854047032281377
1,0,1,1,1,0,26828,0,0,98125,15684,0.811802837178226
1,0,1,1,1,0,134000,0,16354,81771,54894,1.19295510153883
1,0,1,1,1,0,224000,0,0,49063,0,0.470902570809219
1,0,1,1,1,0,125000,0,0,65417,70579,1.05305901475171
1,0,1,1,1,0,537000,0,147000,180000,314000,1.25729815390324
1,0,1,1,1,0,71543,0,0,0,110000,0.670539444788742
1,0,1,1,1,0,268000,0,16354,294000,235000,1.17090487808913
1,0,1,1,1,0,358000,0,180000,213000,471000,1.31376260465009
1,0,1,1,1,0,447000,0,32708,65417,314000,1.02831904904287
1,0,1,1,1,0,358000,0,0,32708,157000,0.804390363250964
1,0,1,1,1,0,80485,0,0,32708,157000,0.931815243098755
1,0,1,1,1,0,62600,0,0,164000,353000,0.899600417710052
1,0,1,1,1,0,358000,0,114000,180000,392000,1.27971868931756
1,0,1,1,1,0,71543,0,0,0,39210,0.649906362054997
1,0,1,1,1,0,179000,0,0,0,78421,0.614745507256854
1,0,1,1,1,0,358000,0,0,0,110000,0.545298104959065
0,1,1,1,1,0,0,557000,32708,49063,180000,0.89240360106006
0,1,1,1,1,0,0,668000,49063,49063,227000,0.901273409442182
0,1,1,1,1,0,0,445000,32708,65417,227000,1.02061678823913
0,1,1,1,1,0,0,156000,49063,65417,243000,1.20285882808868
0,1,1,1,1,0,0,445000,32708,98125,118000,1.0067754748784
0,1,1,1,1,0,0,334000,0,16354,78421,0.629875242798872
0,1,1,1,1,0,0,445000,0,32708,243000,0.804621676419619
0,1,1,1,1,0,0,557000,0,49063,173000,0.748177435868681
0,1,1,1,1,0,0,11133,49063,16354,110000,1.04434854960096
0,1,1,1,1,0,0,668000,98125,98125,188000,1.03864265674107
0,1,1,1,1,0,0,223000,16354,131000,392000,1.08664594615405
0,1,1,1,1,0,0,557000,114000,0,235000,0.909924452201537
0,1,1,1,1,0,0,334000,16354,0,173000,0.760842138012591
0,1,1,1,1,0,0,445000,0,0,70579,0.399282481590554
0,1,1,1,1,0,0,334000,0,0,31368,0.292837095156984
0,1,1,1,1,0,0,334000,81771,196000,157000,1.27339474028896
0,1,1,1,1,0,0,334000,0,0,62737,0.436560065270419
0,1,1,1,1,0,0,445000,0,0,86263,0.443584707940252
0,1,1,1,1,0,0,445000,818000,32708,54894,0.889788353835782
0,1,1,1,1,0,0,557000,16354,0,133000,0.588909348548718
0,1,1,1,1,0,0,445000,0,0,196000,0.615676057898582
0,1,1,1,1,0,0,334000,16354,0,70579,0.609167594470589
0,1,1,1,1,0,0,445000,32708,32708,78421,0.801277057356581
0,1,1,1,1,0,0,334000,131000,0,235000,1.03311671101848
0,1,1,1,1,0,0,668000,49063,147000,235000,1.04034566330476
0,1,1,1,1,0,0,668000,16354,98125,94105,0.766064145590773
0,1,1,1,1,0,0,445000,213000,572000,157000,1.26436029387719
0,1,1,1,1,0,0,557000,32708,98125,102000,0.901596503202236
0,1,1,1,1,0,0,278000,16354,81771,62737,1.00295668638731
0,1,1,1,1,0,0,223000,0,180000,102000,1.0517291913529
0,1,1,1,1,0,0,390000,0,245000,235000,1.07009311318245
0,1,1,1,1,0,0,278000,16354,81771,62737,1.00295668638731
0,1,1,1,1,0,0,111000,0,65417,39210,1.01365591416193
0,1,1,1,1,0,0,134000,16354,98125,102000,1.22625978866851
0,1,1,1,1,0,0,668000,376000,360000,0,1.05520916780575
0,1,1,1,1,0,0,223000,0,294000,15684,0.796359230990685
0,1,1,1,1,0,0,122000,32708,81771,196000,1.22585982236204
0,1,1,1,1,0,0,66796,16354,229000,314000,1.0479338079293
0,1,1,1,1,0,0,278000,49063,196000,471000,1.17888893359005
0,1,1,1,1,0,0,334000,294000,278000,549000,1.34494794438462
0,1,1,1,1,0,0,55663,0,98125,196000,0.973618684773006
0,1,1,1,1,0,0,22265,98125,32708,157000,1.13506147062953
0,1,1,1,1,0,0,1e+05,0,0,274000,0.58063515637405
0,1,1,1,1,0,0,145000,49063,0,196000,0.974436988286436
0,1,1,1,1,0,0,66796,0,131000,196000,1.01434461970911
0,1,1,1,1,0,0,334000,49063,98125,549000,1.06953892544082
0,1,1,1,1,0,0,334000,0,98125,471000,0.948549671684447
0,1,1,1,1,0,0,22265,16354,49063,157000,1.00585087309086
1,1,1,1,1,0,224000,1e+05,32708,81771,329000,1.36112299944986
1,1,1,1,1,0,268000,334000,572000,81771,314000,1.4747467574058
1,1,1,1,1,0,179000,1e+05,65417,81771,392000,1.37408663730209
1,1,1,1,1,0,134000,178000,16354,131000,149000,1.46526853704673
1,1,1,1,1,0,179000,44530,0,98125,141000,1.28372086706966
1,1,1,1,1,0,134000,22265,32708,343000,314000,1.24725871344016
1,1,1,1,1,0,8942.8,11133,0,16354,251000,0.515334808006543
1,1,1,1,1,0,44714,0,49063,0,196000,0.853533094961123
1,1,1,1,1,0,134000,66796,262000,32708,125000,1.41286571132732
1,1,1,1,1,0,268000,0,81771,131000,322000,1.26117425432179
1,1,1,1,1,0,26828,0,16354,131000,392000,0.840090902084289
1,1,1,1,1,0,179000,0,49063,32708,133000,1.1911638042749
1,1,1,1,1,0,537000,334000,16354,0,471000,1.13229986316709
1,1,1,1,1,0,224000,668000,0,0,7842.1,0.608661486308224
1,1,1,1,1,0,447000,278000,16354,0,235000,1.12666566997342
1,1,1,1,1,0,537000,445000,16354,16354,235000,1.15836748611381
1,1,1,1,1,0,537000,445000,81771,0,180000,1.18906317157547
1,1,1,1,1,0,98371,245000,0,0,471000,0.933367333414485
1,1,1,1,1,0,26828,256000,0,0,15684,0.503082292892413
1,1,1,1,1,0,71543,445000,0,0,15684,0.523274330165359
1,1,1,1,1,0,358000,66796,32708,0,549000,0.98966874148871
1,1,1,1,1,0,170000,445000,65417,16354,157000,1.24496161657187
1,1,1,1,1,0,268000,334000,49063,0,274000,1.24288006654628
1,1,1,1,1,0,197000,334000,0,32708,102000,1.14184610943582
1,1,1,1,1,0,179000,11133,16354,164000,86263,1.25941963613333
1,1,1,1,1,0,134000,33398,16354,81771,47052,1.39225571747402
1,1,1,1,1,0,358000,77928,0,196000,157000,1.25445265320788
1,1,1,1,1,0,71543,0,0,131000,78421,1.06027199104034
1,1,1,1,1,0,80485,11133,0,32708,70579,1.1961035048126
1,1,1,1,1,0,116000,66796,0,32708,86263,1.30012317722743
1,1,1,1,1,0,116000,11133,0,81771,125000,1.19306395868499
1,1,1,1,1,0,224000,0,16354,131000,86263,1.14136390165188
1,1,1,1,1,0,8942.8,0,0,16354,39210,0.924446701310128
1,1,1,1,1,0,62600,22265,16354,180000,15684,1.14088962830166
1,1,1,1,1,0,358000,66796,49063,98125,235000,1.352530297914
1,1,1,1,1,0,268000,66796,0,147000,196000,1.28549954933334
1,1,1,1,1,0,537000,89061,81771,164000,314000,1.36305216179614
1,1,1,1,1,0,98371,0,81771,164000,392000,1.18314037720935
1,1,1,1,1,0,358000,89061,0,164000,471000,1.21950755193142
1,1,1,1,1,0,0,256000,0,245000,353000,1.08454839347513
1,1,1,1,1,0,537000,55663,49063,327000,235000,1.30561811610009
1,1,1,1,1,0,35771,11133,32708,32708,141000,1.26847386007347
1,1,1,1,1,0,71543,334000,164000,409000,549000,1.43595842588349
1,1,1,1,1,0,447000,11133,131000,164000,235000,1.31690758239036
1,1,1,1,1,0,161000,11133,0,81771,196000,1.13117382868417
1,1,1,1,1,0,447000,33398,98125,229000,549000,1.31339652302749
1,1,1,1,1,0,268000,66796,32708,32708,267000,1.25892908714537
1,1,1,1,1,0,98371,0,49063,49063,180000,1.23460012200867
0,0,0,0,0,0,0,0,0,0,0,NA
0,0,0,0,0,0,0,0,0,0,0,NA
0,0,0,0,0,0,0,0,0,0,0,NA
0,0,0,0,0,0,0,0,0,0,0,NA
0,0,0,0,0,0,0,0,0,0,0,NA
0,0,0,0,0,0,0,0,0,0,0,NA
0,0,0,0,0,0,0,0,0,0,0,NA
0,0,0,0,0,0,0,0,0,0,0,NA
0,0,0,0,0,0,0,0,0,0,0,NA
0,0,0,0,0,0,0,0,0,0,0,NA
0,0,0,0,0,0,0,0,0,0,0,NA
0,0,0,0,0,0,0,0,0,0,0,NA
0,0,0,0,0,0,0,0,0,0,0,NA
0,0,0,0,0,0,0,0,0,0,0,NA
0,0,0,0,0,0,0,0,0,0,0,NA
0,0,0,0,0,0,0,0,0,0,0,NA
0,0,0,0,0,0,0,0,0,0,0,NA
0,0,0,0,0,0,0,0,0,0,0,NA
0,0,0,0,0,0,0,0,0,0,0,NA
0,0,0,0,0,0,0,0,0,0,0,NA
0,0,0,0,0,0,0,0,0,0,0,NA
0,0,0,0,0,0,0,0,0,0,0,NA
0,0,0,0,0,0,0,0,0,0,0,NA
0,0,0,0,0,0,0,0,0,0,0,NA
0,0,0,0,0,0,0,0,0,0,0,NA
0,0,0,0,0,0,0,0,0,0,0,NA
0,0,0,0,0,0,0,0,0,0,0,NA
0,0,0,0,0,0,0,0,0,0,0,NA
0,0,0,0,0,0,0,0,0,0,0,NA
0,0,0,0,0,0,0,0,0,0,0,NA
0,0,0,0,0,0,0,0,0,0,0,NA
0,0,0,0,0,0,0,0,0,0,0,NA
0,0,0,0,0,0,0,0,0,0,0,NA
0,0,0,0,0,0,0,0,0,0,0,NA
0,0,0,0,0,0,0,0,0,0,0,NA
0,0,0,0,0,0,0,0,0,0,0,NA
0,0,0,0,0,0,0,0,0,0,0,NA
0,0,0,0,0,0,0,0,0,0,0,NA
0,0,0,0,0,0,0,0,0,0,0,NA
0,0,0,0,0,0,0,0,0,0,0,NA
0,0,0,0,0,0,0,0,0,0,0,NA
0,0,0,0,0,0,0,0,0,0,0,NA
0,0,0,0,0,0,0,0,0,0,0,NA
0,0,0,0,0,0,0,0,0,0,0,NA
0,0,0,0,0,0,0,0,0,0,0,NA
0,0,0,0,0,0,0,0,0,0,0,NA
0,0,0,0,0,0,0,0,0,0,0,NA
0,0,0,0,0,0,0,0,0,0,0,NA
