"Cj.action","Dg.action","Sp.action","To.action","Dc.action","Lp.action","Pm.action","Ao.action","Be.action","Cb.action","Hl.action","Hp.action","Ra.action","Pt.action","Fr.action","Pg.action","Ga.action","Am.action","nitrogen.initial","fungicide.initial","Cj.outcome","Dg.outcome","Sp.outcome","To.outcome","Dc.outcome","Lp.outcome","Pm.outcome","Ao.outcome","Be.outcome","Cb.outcome","Hl.outcome","Hp.outcome","Ra.outcome","Pt.outcome","Fr.outcome","Pg.outcome","Ga.outcome","Am.outcome","herbivory.desirability","infection.desirability","direct_sown_sla.desirability","diversity.desirability","state_idx"
0,1,0,0,0,0,0,0,0,0,0,0,0,0,0,0,0,0,1,1,0,1,0,0,0,0,0,0,0,0,0,0,0,0,0,0,0,0,0.44,0.55,22.74446252,0,2
0,1,0,0,0,0,0,0,0,0,0,0,0,0,0,0,0,0,0,1,0,1,0,0,0,0,0,0,0,0,0,0,0,0,0,0,0,0,0.72,0.9,22.74446252,0,2
0,1,0,0,0,0,0,0,0,0,0,0,0,0,0,0,0,0,0,1,0,1,0,0,0,0,0,0,0,0,0,0,0,0,0,0,0,0,0.92,0.7,22.74446252,0,2
0,1,0,0,0,0,0,0,0,0,0,0,0,0,0,0,0,0,1,0,0,1,0,0,0,0,0,0,0,0,0,0,0,0,0,0,0,0,1.12,0.6,22.74446252,0,2
0,1,0,1,0,1,0,0,0,0,0,0,0,0,0,0,0,0,0,0,0,0.107692308,0,0.846153846,0,0.046153846,0,0,0,0,0,0,0,0,0,0,0,0,0,3,19.96523589,0.523302145510465,42
0,1,0,1,0,1,0,0,0,0,0,0,0,0,0,0,0,0,0,1,0,0.0625,0,0.729166667,0,0.208333333,0,0,0,0,0,0,0,0,0,0,0,0,0,0.8,19.96523589,0.730391219905423,42
0,1,0,1,0,1,0,0,0,0,0,0,0,0,0,0,0,0,1,0,0,0.464285714,0,0.071428571,0,0.464285714,0,0,0,0,0,0,0,0,0,0,0,0,0,2.71,19.96523589,0.900955307538137,42
0,1,0,1,0,1,0,0,0,0,0,0,0,0,0,0,0,0,1,1,0,0.180851064,0,0.074468085,0,0.744680851,0,0,0,0,0,0,0,0,0,0,0,0,0,1.9,19.96523589,0.722223879757458,42
0,1,0,0,0,1,0,0,0,1,0,0,1,1,0,0,1,0,0,0,0,0.32967033,0,0,0,0.274725275,0,0,0,0.32967033,0,0,0,0.065934066,0,0,0,0,0,5,24.82630578,1.26586725006847,78370
0,1,0,0,0,1,0,0,0,1,0,0,1,1,0,0,1,0,1,0,0,0.064516129,0,0,0,0.032258065,0,0,0,0.483870968,0,0,0,0.016129032,0,0,0.403225806,0,0,4.5,24.82630578,1.07166198408571,78370
0,1,0,0,0,1,0,0,0,1,0,0,1,1,0,0,1,0,1,1,0,0.072916667,0,0,0,0.166666667,0,0,0,0.3125,0,0,0.03125,0.0625,0,0,0.354166667,0,0,1.63,24.82630578,1.50225065462112,78370
0,1,0,0,0,1,0,0,0,1,0,0,1,1,0,0,1,0,0,1,0,0.010638298,0,0,0,0.010638298,0,0,0,0.425531915,0,0,0.010638298,0.010638298,0,0,0.531914894,0,0,2.8,24.82630578,0.892695545349471,78370
0,0,0,0,0,0,0,0,0,1,1,0,0,0,0,0,1,0,0,1,0,0,0,0,0,0,0,0,0,0.675675676,0.054054054,0,0,0,0,0,0.27027027,0,0.84,0.85,23.01370794,0.776214103806934,67072
0,0,0,0,0,0,0,0,0,1,1,0,0,0,0,0,1,0,0,0,0,0,0,0,0,0,0,0,0,0.083333333,0.25,0,0,0,0,0,0.666666667,0,0.68,1.5,23.01370794,0.823959215807935,67072
0,0,0,0,0,0,0,0,0,1,1,0,0,0,0,0,1,0,1,1,0,0,0,0,0,0,0,0,0,0.211864407,0.025423729,0,0,0,0,0,0.762711864,0,1.84,1.2,23.01370794,0.628730364217338,67072
0,0,0,0,0,0,0,0,0,1,1,0,0,0,0,0,1,0,0,1,0,0,0,0,0,0,0,0,0,0.774647887,0.014084507,0,0,0,0,0,0.211267606,0,1.68,2.05,23.01370794,0.58628440968132,67072
0,0,1,0,1,0,0,0,0,0,0,1,0,0,0,1,0,0,0,0,0,0,0.817307692,0,0,0,0,0,0,0,0,0.038461538,0,0,0,0.144230769,0,0,1.4,0.9,19.56330635,0.569474674018481,34836
0,0,1,0,1,0,0,0,0,0,0,1,0,0,0,1,0,0,0,0,0,0,0.833333333,0,0,0,0,0,0,0,0,0.041666667,0,0,0,0.125,0,0,3.2,1.5,19.56330635,0.544283733968017,34836
0,0,1,0,1,0,0,0,0,0,0,1,0,0,0,1,0,0,1,0,0,0,0.3,0,0,0,0,0,0,0,0,0.5,0,0,0,0.2,0,0,2.48,0.8,19.56330635,1.02965301406457,34836
0,0,1,0,1,0,0,0,0,0,0,1,0,0,0,1,0,0,0,1,0,0,0.37037037,0,0.027777778,0,0,0,0,0,0,0.185185185,0,0,0,0.416666667,0,0,1.88,0.7,19.56330635,1.14448796326086,34836
0,1,0,1,0,0,0,0,0,1,0,0,0,1,0,0,0,0,1,1,0,0.19047619,0,0.079365079,0,0,0,0,0,0.714285714,0,0,0,0.015873016,0,0,0,0,0,2.23,26.45443042,0.823041370385619,8714
0,1,0,1,0,0,0,0,0,1,0,0,0,1,0,0,0,0,0,1,0,0.4,0,0.25,0,0,0,0,0,0.25,0,0,0,0.1,0,0,0,0,0,1.95,26.45443042,1.28992198260901,8714
0,1,0,1,0,0,0,0,0,1,0,0,0,1,0,0,0,0,1,1,0,0.166666667,0,0.046296296,0,0,0,0,0,0.694444444,0,0,0,0.092592593,0,0,0,0,0,0.5,26.45443042,0.914433629012267,8714
0,1,0,1,0,0,0,0,0,1,0,0,0,1,0,0,0,0,1,0,0,0.412371134,0,0.12371134,0,0,0,0,0,0.412371134,0,0,0,0.051546392,0,0,0,0,0,1.65,26.45443042,1.14196432218468,8714
1,0,0,0,0,0,0,0,0,0,0,1,0,0,1,0,0,1,1,0,0.3,0,0,0,0,0,0,0,0,0,0,0.13,0,0,0.12,0,0,0.45,0,0.55,16.53690177,1.24018063664824,149505
1,0,0,0,0,0,0,0,0,0,0,1,0,0,1,0,0,1,0,1,0.567010309,0,0,0,0,0,0,0,0,0,0,0.010309278,0,0,0.010309278,0,0,0.412371134,0,1.9,16.53690177,0.781324343403114,149505
1,0,0,0,0,0,0,0,0,0,0,1,0,0,1,0,0,1,1,0,0.256410256,0,0,0,0,0,0,0,0,0,0,0.128205128,0,0,0.017094017,0,0,0.598290598,0,3.5,16.53690177,0.989202688369668,149505
1,0,0,0,0,0,0,0,0,0,0,1,0,0,1,0,0,1,0,0,0.612244898,0,0,0,0,0,0,0,0,0,0,0.102040816,0,0,0.030612245,0,0,0.255102041,0,2.6,16.53690177,0.988495466807343,149505
0,0,0,0,1,0,1,1,0,0,0,0,0,0,1,0,0,0,0,0,0,0,0,0,0.073394495,0,0.275229358,0.027522936,0,0,0,0,0,0,0.623853211,0,0,0,0,0.55,18.53308535,0.940028482186193,16592
0,0,0,0,1,0,1,1,0,0,0,0,0,0,1,0,0,0,1,1,0,0,0,0,0.008474576,0,0.254237288,0.016949153,0,0,0,0,0,0,0.720338983,0,0,0,0,0.25,18.53308535,0.694010280660442,16592
0,0,0,0,1,0,1,1,0,0,0,0,0,0,1,0,0,0,0,0,0,0,0,0,0.014492754,0,0.869565217,0.014492754,0,0,0,0,0,0,0.101449275,0,0,0,0,1.41,18.53308535,0.476395713039025,16592
0,0,0,0,1,0,1,1,0,0,0,0,0,0,1,0,0,0,1,0,0,0,0,0,0,0,0.240384615,0.086538462,0,0,0,0,0,0,0.673076923,0,0,0,0,1.9,18.53308535,0.820914132757623,16592
1,0,0,0,1,0,1,0,1,0,0,0,0,0,0,0,0,0,1,0,0.68627451,0,0,0,0,0,0.294117647,0,0.019607843,0,0,0,0,0,0,0,0,0,2.32,1.8,17.70045579,0.69539553084017,337
1,0,0,0,1,0,1,0,1,0,0,0,0,0,0,0,0,0,0,0,0.510204082,0,0,0,0.010204082,0,0.408163265,0,0.071428571,0,0,0,0,0,0,0,0,0,1.24,1.15,17.70045579,0.944378708999244,337
1,0,0,0,1,0,1,0,1,0,0,0,0,0,0,0,0,0,1,1,0.782608696,0,0,0,0,0,0.173913043,0,0.043478261,0,0,0,0,0,0,0,0,0,4.145714286,1.9,17.70045579,0.632369472690703,337
1,0,0,0,1,0,1,0,1,0,0,0,0,0,0,0,0,0,0,1,0.637254902,0,0,0,0,0,0.245098039,0,0.117647059,0,0,0,0,0,0,0,0,0,2.6,2.33,17.70045579,0.883541951000075,337
0,0,0,1,0,0,0,0,0,0,0,0,0,0,0,0,0,0,0,0,0,0,0,1,0,0,0,0,0,0,0,0,0,0,0,0,0,0,1.08,1,21.56190935,0,8
0,0,0,1,0,0,0,0,0,0,0,0,0,0,0,0,0,0,0,0,0,0,0,1,0,0,0,0,0,0,0,0,0,0,0,0,0,0,0.44,1,21.56190935,0,8
0,0,0,1,0,0,0,0,0,0,0,0,0,0,0,0,0,0,1,1,0,0,0,1,0,0,0,0,0,0,0,0,0,0,0,0,0,0,1.16,1,21.56190935,0,8
0,0,0,1,0,0,0,0,0,0,0,0,0,0,0,0,0,0,1,1,0,0,0,1,0,0,0,0,0,0,0,0,0,0,0,0,0,0,1.2,0.35,21.56190935,0,8
0,0,1,0,0,0,1,1,1,0,0,1,0,0,1,1,0,1,0,0,0,0,0.421052632,0,0,0,0.105263158,0.021052632,0.042105263,0,0,0.084210526,0,0,0.010526316,0.210526316,0,0.105263158,0,3.9,18.39855994,1.63715552785804,182724
0,0,1,0,0,0,1,1,1,0,0,1,0,0,1,1,0,1,0,0,0,0,0.487804878,0,0,0,0.134146341,0.012195122,0.024390244,0,0,0.024390244,0,0,0.012195122,0.219512195,0,0.085365854,0,5.52,18.39855994,1.45119878989969,182724
0,0,1,0,0,0,1,1,1,0,0,1,0,0,1,1,0,1,1,0,0,0,0.254237288,0,0,0,0.084745763,0.025423729,0,0,0,0.211864407,0,0,0.127118644,0.042372881,0,0.254237288,0,1.61,18.39855994,1.72379166782048,182724
0,0,1,0,0,0,1,1,1,0,0,1,0,0,1,1,0,1,1,1,0,0,0.163934426,0,0,0,0.049180328,0.016393443,0.008196721,0,0,0.032786885,0,0,0.024590164,0.008196721,0,0.696721311,0,2.65,18.39855994,1.04567786518862,182724
0,1,0,1,0,1,0,0,0,1,0,0,1,1,0,0,1,0,1,0,0,0.040983607,0,0.12295082,0,0.06557377,0,0,0,0.12295082,0,0,0.008196721,0.024590164,0,0,0.614754098,0,0,5.6,25.75462712,1.25458109958973,78378
0,1,0,1,0,1,0,0,0,1,0,0,1,1,0,0,1,0,0,1,0,0.163043478,0,0.380434783,0,0.054347826,0,0,0,0.27173913,0,0,0.010869565,0.010869565,0,0,0.108695652,0,0,2.5,25.75462712,1.51523562657503,78378
0,1,0,1,0,1,0,0,0,1,0,0,1,1,0,0,1,0,1,0,0,0.097222222,0,0.347222222,0,0.041666667,0,0,0,0.208333333,0,0,0,0.027777778,0,0,0.277777778,0,0,5.55,25.75462712,1.50846061460511,78378
0,1,0,1,0,1,0,0,0,1,0,0,1,1,0,0,1,0,0,0,0,0.04,0,0.05,0,0.11,0,0,0,0.4,0,0,0.01,0.04,0,0,0.35,0,0,3.48,25.75462712,1.43010265830211,78378
0,1,0,1,0,0,0,0,0,1,1,0,1,0,0,0,1,0,1,0,0,0.105263158,0,0.052631579,0,0,0,0,0,0.263157895,0.052631579,0,0,0,0,0,0.526315789,0,3.8,4.6,22.97760119,1.23605293485375,71178
0,1,0,1,0,0,0,0,0,1,1,0,1,0,0,0,1,0,1,1,0,0.106382979,0,0.319148936,0,0,0,0,0,0.085106383,0.085106383,0,0.031914894,0,0,0,0.372340426,0,4.8,3.1,22.97760119,1.50004099515828,71178
0,1,0,1,0,0,0,0,0,1,1,0,1,0,0,0,1,0,1,0,0,0.12,0,0.01,0,0,0,0,0,0.45,0.02,0,0,0,0,0,0.4,0,3.506666667,3.35,22.97760119,1.10456854236011,71178
0,1,0,1,0,0,0,0,0,1,1,0,1,0,0,0,1,0,1,1,0,0.056179775,0,0.505617978,0,0,0,0,0,0.168539326,0.02247191,0,0.02247191,0,0,0,0.224719101,0,4.2,4.36,22.97760119,1.31273761779474,71178
0,0,0,1,0,1,0,0,0,1,0,0,1,1,0,0,1,0,0,1,0,0,0,0.102040816,0,0.051020408,0,0,0,0.510204082,0,0,0.010204082,0.020408163,0,0,0.306122449,0,3.342857143,2.25,24.67848663,1.21663679903095,78376
0,0,0,1,0,1,0,0,0,1,0,0,1,1,0,0,1,0,1,0,0,0,0,0.2,0,0.04,0,0,0,0.7,0,0,0.01,0.01,0,0,0.04,0,6.04,3.8,24.67848663,0.921173512953151,78376
0,0,0,1,0,1,0,0,0,1,0,0,1,1,0,0,1,0,0,0,0,0,0,0.08045977,0,0.229885057,0,0,0,0.172413793,0,0,0.057471264,0.057471264,0,0,0.402298851,0,3.28,4.7,24.67848663,1.53845603906785,78376
0,0,0,1,0,1,0,0,0,1,0,0,1,1,0,0,1,0,1,0,0,0,0,0.46875,0,0.015625,0,0,0,0.46875,0,0,0.015625,0.015625,0,0,0.015625,0,2.84,4.15,24.67848663,0.970260538051401,78376
