"ACWR.action","FEMI.action","HOMU.action","PLER.action","SACO.action","URLI.action","treatment.initial","ACWR.outcome","FEMI.outcome","HOMU.outcome","PLER.outcome","SACO.outcome","URLI.outcome","diversity.desirability"
0,0,0,0,0,0,"wet",0,0,0,0,0,0,NA
1,0,0,0,0,0,"wet",10103.9239038058,0,0,0,0,0,0
0,1,0,0,0,0,"wet",0,3742.9676508044,0,0,0,0,0
1,1,0,0,0,0,"wet",5.26962550613487e-45,3742.9676508044,0,0,0,0,1.55122339412894e-46
0,0,1,0,0,0,"wet",0,0,786.995011139359,0,0,0,0
1,0,1,0,0,0,"wet",10103.9239038058,0,0,0,0,0,0
0,1,1,0,0,0,"wet",0,3742.9676508044,0,0,0,0,0
1,1,1,0,0,0,"wet",4.99942883141631e-45,3742.9676508044,0,0,0,0,1.47238845413935e-46
0,0,0,1,0,0,"wet",0,0,0,2030.67844694714,0,0,0
1,0,0,1,0,0,"wet",10103.9239038058,0,0,3.45041040361938e-256,0,0,2.04022408368987e-257
0,1,0,1,0,0,"wet",0,3742.9676508044,0,0,0,0,0
1,1,0,1,0,0,"wet",5.9383753430947e-45,3742.9676508044,0,0,0,0,1.74618821604273e-46
0,0,1,1,0,0,"wet",0,0,0,2030.67844694714,0,0,0
1,0,1,1,0,0,"wet",10103.9239038058,0,0,3.90234394424151e-256,0,0,2.3069765397159e-257
0,1,1,1,0,0,"wet",0,3742.9676508044,0,0,0,0,0
1,1,1,1,0,0,"wet",5.64336897751066e-45,3742.9676508044,0,0,0,0,1.66020940186304e-46
0,0,0,0,1,0,"wet",0,0,0,0,8614.48470697596,0,0
1,0,0,0,1,0,"wet",2953.3891618733,0,0,0,8391.21142810233,0,0.573406340878533
0,1,0,0,1,0,"wet",0,2701.35187468276,0,0,4176.34574853526,0,0.669970939044619
1,1,0,0,1,0,"wet",2.5928520835416e-54,2701.35187468275,0,0,4176.34574853526,0,0.669970939044619
0,0,1,0,1,0,"wet",0,0,0,0,8614.48470697596,0,0
1,0,1,0,1,0,"wet",2953.3891618733,0,0,0,8391.21142810233,0,0.573406340878533
0,1,1,0,1,0,"wet",0,2701.35187468276,0,0,4176.34574853526,0,0.669970939044619
1,1,1,0,1,0,"wet",2.45880640383198e-54,2701.35187468275,0,0,4176.34574853526,0,0.669970939044619
0,0,0,1,1,0,"wet",0,0,0,2.41814985738175e-264,8614.48470697596,0,1.72932804806044e-265
1,0,0,1,1,0,"wet",2953.3891618733,0,0,1.92179856026312e-315,8391.21142810233,0,0.573406340878533
0,1,0,1,1,0,"wet",0,2701.35187468276,0,0,4176.34574853526,0,0.669970939044619
1,1,0,1,1,0,"wet",2.8721825114169e-54,2701.35187468275,0,0,4176.34574853526,0,0.669970939044619
0,0,1,1,1,0,"wet",0,0,0,2.2902205960422e-264,8614.48470697596,0,1.6379845676998e-265
1,0,1,1,1,0,"wet",2953.3891618733,0,0,2.00639913026765e-315,8391.21142810233,0,0.573406340878533
0,1,1,1,1,0,"wet",0,2701.35187468276,0,0,4176.34574853526,0,0.669970939044619
1,1,1,1,1,0,"wet",2.72760124436912e-54,2701.35187468275,0,0,4176.34574853526,0,0.669970939044619
0,0,0,0,0,1,"wet",0,0,0,0,0,8130.19921373607,0
1,0,0,0,0,1,"wet",10074.5859884317,0,0,0,0,69.2863079044862,0.0408657400264067
0,1,0,0,0,1,"wet",0,3742.9676508044,0,0,0,6.42459500703309e-279,1.113609653512e-279
1,1,0,0,0,1,"wet",5.24664394813648e-45,3742.9676508044,0,0,0,6.2433651426763e-279,1.54451956183288e-46
0,0,1,0,0,1,"wet",0,0,7.05405851226961e-108,0,0,8130.19921373607,2.21879780716928e-109
1,0,1,0,0,1,"wet",10074.5770975921,0,0,0,0,69.3071942792377,0.0408759523932791
0,1,1,0,0,1,"wet",0,3742.9676508044,0,0,0,6.56298312309938e-279,1.13755984277878e-279
1,1,1,0,0,1,"wet",4.98065575385076e-45,3742.9676508044,0,0,0,6.38996247362664e-279,1.46690963133341e-46
0,0,0,1,0,1,"wet",0,0,0,1661.90085269464,0,5415.10438963565,0.545048227695586
1,0,0,1,0,1,"wet",10074.6143443369,0,0,1.69014418092046e-255,0,69.2196937193981,0.040833164799614
0,1,0,1,0,1,"wet",0,3742.9676508044,0,0,0,7.52033665779165e-279,1.3032240531902e-279
1,1,0,1,0,1,"wet",5.90630557935737e-45,3742.9676508044,0,0,0,7.20723996126986e-279,1.7368435019745e-46
0,0,1,1,0,1,"wet",0,0,0,1661.90085269464,0,5415.10438963565,0.545048227695586
1,0,1,1,0,1,"wet",10074.6028629558,0,0,1.9914997080253e-255,0,69.2466660611801,0.0408463554249985
0,1,1,1,0,1,"wet",0,3742.9676508044,0,0,0,7.63812621062088e-279,1.32360448028319e-279
1,1,1,1,0,1,"wet",5.61592532077823e-45,3742.9676508044,0,0,0,7.34082395124746e-279,1.65220895926627e-46
0,0,0,0,1,1,"wet",0,0,0,0,8541.21650090317,177.448724115955,0.099408756925035
1,0,0,0,1,1,"wet",2953.3891618733,0,0,0,8391.21142810233,1.07144513679412e-68,0.573406340878533
0,1,0,0,1,1,"wet",0,2701.35187468276,0,0,4176.34574853526,1.56075677000548e-253,0.669970939044619
1,1,0,0,1,1,"wet",2.58192414172891e-54,2701.35187468275,0,0,4176.34574853526,1.56218425084926e-253,0.669970939044619
0,0,1,0,1,1,"wet",0,0,0,0,8541.21672277401,177.448193675883,0.0994085240242408
1,0,1,0,1,1,"wet",2953.38916187329,0,0,0,8391.21142810233,1.18401859614745e-68,0.573406340878532
0,1,1,0,1,1,"wet",0,2701.35187468276,0,0,4176.34574853526,1.59585567185633e-253,0.669970939044619
1,1,1,0,1,1,"wet",2.44996902727621e-54,2701.35187468275,0,0,4176.34574853526,1.59789048203439e-253,0.669970939044619
0,0,0,1,1,1,"wet",0,0,0,9.0289819519306e-263,8541.2176436367,177.445992113222,0.0994075573800526
1,0,0,1,1,1,"wet",2953.38916187329,0,0,2.00874104589484e-315,8391.21142810233,8.28433954034359e-69,0.573406340878532
0,1,0,1,1,1,"wet",0,2701.35187468276,0,0,4176.34574853526,1.91643555533065e-253,0.669970939044619
1,1,0,1,1,1,"wet",2.85764127482762e-54,2701.35187468275,0,0,4176.34574853526,1.89490452025101e-253,0.669970939044619
0,0,1,1,1,1,"wet",0,0,0,8.47752632266989e-263,8541.21768214909,177.445900039294,0.0994075169529087
1,0,1,1,1,1,"wet",2953.38916187329,0,0,2.0982776182594e-315,8391.21142810233,9.23414324455433e-69,0.573406340878532
0,1,1,1,1,1,"wet",0,2701.35187468276,0,0,4176.34574853526,1.94561659082726e-253,0.669970939044619
1,1,1,1,1,1,"wet",2.71534859344384e-54,2701.35187468275,0,0,4176.34574853526,1.92608370749255e-253,0.669970939044619
0,0,0,0,0,0,"dry",0,0,0,0,0,0,NA
1,0,0,0,0,0,"dry",5976.62903988232,0,0,0,0,0,0
0,1,0,0,0,0,"dry",0,2755.42687427732,0,0,0,0,0
1,1,0,0,0,0,"dry",5976.62903988232,7.75705977334672e-81,0,0,0,0,2.50697464960285e-82
0,0,1,0,0,0,"dry",0,0,1502.20700313119,0,0,0,0
1,0,1,0,0,0,"dry",5976.62903988232,0,0,0,0,0,0
0,1,1,0,0,0,"dry",0,2755.42687427732,0,0,0,0,0
1,1,1,0,0,0,"dry",5976.62903988232,8.98499459826724e-81,0,0,0,0,2.90161701767878e-82
0,0,0,1,0,0,"dry",0,0,0,855.75979903007,0,0,0
1,0,0,1,0,0,"dry",5487.54449852134,0,0,283.560254190435,0,0,0.195958855391789
0,1,0,1,0,0,"dry",0,2309.58830101005,0,486.446193048757,0,0,0.462136827228051
1,1,0,1,0,0,"dry",5487.54449852134,6.92032003298423e-79,0,283.560254190435,0,0,0.195958855391789
0,0,1,1,0,0,"dry",0,0,6.17323565612646e-195,855.75979903007,0,0,3.27457896262743e-195
1,0,1,1,0,0,"dry",5487.54449852134,0,0,283.560254190435,0,0,0.195958855391789
0,1,1,1,0,0,"dry",0,2309.58830101005,0,486.446193048757,0,0,0.462136827228051
1,1,1,1,0,0,"dry",5487.54449852134,7.48420632496849e-79,0,283.560254190435,0,0,0.195958855391789
0,0,0,0,1,0,"dry",0,0,0,0,5072.11153581888,0,0
1,0,0,0,1,0,"dry",7.15843784363527e-26,0,0,0,5072.11153581888,0,9.37554553158244e-28
0,1,0,0,1,0,"dry",0,1.32377676420905e-135,0,0,5072.11153581888,0,8.32823129594268e-137
1,1,0,0,1,0,"dry",7.2560861275353e-26,1.61980182388088e-136,0,0,5072.11153581888,0,9.50149912037723e-28
0,0,1,0,1,0,"dry",0,0,0,0,5072.11153581888,0,0
1,0,1,0,1,0,"dry",7.03106856378553e-26,0,0,0,5072.11153581888,0,9.21121619845925e-28
0,1,1,0,1,0,"dry",0,1.45790741971797e-135,0,0,5072.11153581888,0,9.16930874312321e-137
1,1,1,0,1,0,"dry",7.15050803848984e-26,2.04726024556235e-136,0,0,5072.11153581888,0,9.36531596593962e-28
0,0,0,1,1,0,"dry",0,0,0,387.177162777096,4877.09164380973,0,0.262721656304869
1,0,0,1,1,0,"dry",1.16144202618448e-46,0,0,387.177162777096,4877.09164380973,0,0.262721656304869
0,1,0,1,1,0,"dry",0,3.15519332668566e-157,0,387.177162777096,4877.09164380973,0,0.262721656304869
1,1,0,1,1,0,"dry",1.21115679487493e-46,8.73153580101482e-158,0,387.177162777096,4877.09164380973,0,0.262721656304869
0,0,1,1,1,0,"dry",0,0,0,387.177162777096,4877.09164380973,0,0.262721656304869
1,0,1,1,1,0,"dry",1.13648142197959e-46,0,0,387.177162777096,4877.09164380973,0,0.262721656304869
0,1,1,1,1,0,"dry",0,3.38568449227949e-157,0,387.177162777096,4877.09164380973,0,0.262721656304869
1,1,1,1,1,0,"dry",1.18901706476111e-46,9.96447752147667e-158,0,387.177162777096,4877.09164380973,0,0.262721656304869
0,0,0,0,0,1,"dry",0,0,0,0,0,3936.44733681903,0
1,0,0,0,0,1,"dry",5357.77775471681,0,0,0,0,3267.30581840922,0.663480731550367
0,1,0,0,0,1,"dry",0,2441.95832048756,0,0,0,3600.73608868887,0.674645873819135
1,1,0,0,0,1,"dry",5357.77775471681,5.98083592120564e-73,0,0,0,3267.30581840922,0.663480731550367
0,0,1,0,0,1,"dry",0,0,720.933983618679,0,0,3494.1090391444,0.457528827117606
1,0,1,0,0,1,"dry",5357.77775471681,0,0,0,0,3267.30581840922,0.663480731550367
0,1,1,0,0,1,"dry",0,2441.95832048756,0,0,0,3600.73608868887,0.674645873819135
1,1,1,0,0,1,"dry",5357.77775471681,6.86570893873693e-73,0,0,0,3267.30581840922,0.663480731550367
0,0,0,1,0,1,"dry",0,0,0,790.526527876695,0,3101.34032038135,0.504701059213818
1,0,0,1,0,1,"dry",4922.35590061265,0,0,278.821257961259,0,3027.14141695288,0.789936966852309
0,1,0,1,0,1,"dry",0,2058.02976968146,0,460.046093961935,0,3167.5274791838,0.897183356297099
1,1,0,1,0,1,"dry",4922.35590061265,1.36115392599664e-71,0,278.821257961258,0,3027.14141695288,0.789936966852309
0,0,1,1,0,1,"dry",0,0,2.09352673274095e-276,790.526527876695,0,3101.34032038135,0.504701059213818
1,0,1,1,0,1,"dry",4922.35590061265,0,0,278.821257961259,0,3027.14141695288,0.789936966852309
0,1,1,1,0,1,"dry",0,2058.02976968146,0,460.046093961935,0,3167.5274791838,0.897183356297099
1,1,1,1,0,1,"dry",4922.35590061265,1.46843031593973e-71,0,278.821257961258,0,3027.14141695288,0.789936966852309
0,0,0,0,1,1,"dry",0,0,0,0,5072.11153581888,4.94771417374722e-269,6.10966810650259e-270
1,0,0,0,1,1,"dry",7.13861300037169e-26,0,0,0,5072.11153581888,5.0389002839438e-269,9.34997086609209e-28
0,1,0,0,1,1,"dry",0,1.31718612843544e-135,0,0,5072.11153581888,8.0578857232274e-269,8.28689747013484e-137
1,1,0,0,1,1,"dry",7.23237949283402e-26,1.63717347311853e-136,0,0,5072.11153581888,7.21692384600955e-269,9.47092303904257e-28
0,0,1,0,1,1,"dry",0,0,0,0,5072.11153581888,5.54275456133143e-269,6.84321067850881e-270
1,0,1,0,1,1,"dry",7.01216860793923e-26,0,0,0,5072.11153581888,5.47251465328903e-269,9.18682799197439e-28
0,1,1,0,1,1,"dry",0,1.44742843229768e-135,0,0,5072.11153581888,8.50535164238985e-269,9.10360844491292e-137
1,1,1,0,1,1,"dry",7.12707742140689e-26,2.05791597918216e-136,0,0,5072.11153581888,7.57245307976759e-269,9.33508911044653e-28
0,0,0,1,1,1,"dry",0,0,0,387.177162777096,4877.09164380973,2.57083444892439e-269,0.262721656304869
1,0,0,1,1,1,"dry",1.15556818506023e-46,0,0,387.177162777096,4877.09164380973,2.61573153315175e-269,0.262721656304869
0,1,0,1,1,1,"dry",0,3.1397938265703e-157,0,387.177162777096,4877.09164380973,3.71721241598468e-269,0.262721656304869
1,1,0,1,1,1,"dry",1.20443878568174e-46,8.77820489749116e-158,0,387.177162777096,4877.09164380973,3.49716613783643e-269,0.262721656304869
0,0,1,1,1,1,"dry",0,0,0,387.177162777096,4877.09164380973,2.73421341845366e-269,0.262721656304869
1,0,1,1,1,1,"dry",1.13081473283004e-46,0,0,387.177162777096,4877.09164380973,2.75811534468447e-269,0.262721656304869
0,1,1,1,1,1,"dry",0,3.36526789710043e-157,0,387.177162777096,4877.09164380973,3.89297715474819e-269,0.262721656304869
1,1,1,1,1,1,"dry",1.18243313496139e-46,9.99463781766105e-158,0,387.177162777096,4877.09164380973,3.64763010411088e-269,0.262721656304869
